10bl	A	Q4E2L0	PF00069	1
10bl	B	Q4E2L0	PF00069	1
10dj	A	P06241	PF07714	1
10dj	B	P06241	PF07714	1
10hm	A	Q382U0	PF00069	1
10hm	B	Q382U0	PF00069	1
10hm	C	Q382U0	PF00069	1
10hm	D	Q382U0	PF00069	1
10hm	E	Q382U0	PF00069	1
10hm	F	Q382U0	PF00069	1
10hm	G	Q382U0	PF00069	1
10hm	H	Q382U0	PF00069	1
10hm	I	Q382U0	PF00069	1
10hm	J	Q382U0	PF00069	1
10hm	K	Q382U0	PF00069	1
10hm	L	Q382U0	PF00069	1
10hm	M	Q382U0	PF00069	1
10hm	N	Q382U0	PF00069	1
10hm	O	Q382U0	PF00069	1
10hm	P	Q382U0	PF00069	1
10hy	A	O14757	PF00069	1
10hz	A	O14757	PF00069	1
10ia	A	O14757	PF00069	1
10ju	A	Q582V7	PF00069	1
10ju	B	Q582V7	PF00069	1
10oo	A	P21802	PF07714	1
10oo	B	P21802	PF07714	1
10oq	A	P21802	PF07714	1
10oq	B	P21802	PF07714	1
10ou	A	P21802	PF07714	1
10ou	B	P21802	PF07714	1
10pi	A	P23458	PF07714	1
10pi	B	P23458	PF07714	1
10pj	A	O60674	PF07714	1
10pj	B	O60674	PF07714	1
10sl	A	Q4E2L0	PF00069	1
10sl	B	Q4E2L0	PF00069	1
11gy	A	P06493	PF00069	1
11hq	A	P08581	PF07714	1
11hq	B	P08581	PF07714	1
11hq	C	P08581	PF07714	1
11oy	A	Q16539	PF00069	1
11uc	A	P68400	PF00069	1
11ue	A	P09619	PF07714	1
12fj	AAA	P10721	PF07714	0.821
12ob	A	Q4E2L0	PF00069	1
12ob	B	Q4E2L0	PF00069	1
12oc	A	Q4E2L0	PF00069	1
12oc	B	Q4E2L0	PF00069	1
12pl	A	Q4E2L0	PF00069	1
12pl	B	Q4E2L0	PF00069	1
12sa	A	Q8TG13	PF00069	1
12sa	B	Q8TG13	PF00069	1
12sa	C	Q8TG13	PF00069	1
12sa	D	Q8TG13	PF00069	1
12sa	E	Q8TG13	PF00069	1
12sa	F	Q8TG13	PF00069	1
13bv	A	Q99570	PF00069	1
13lv	A	Q99640	PF00069	1
13lw	A	Q99640	PF00069	1
13lx	A	Q99640	PF00069	1
1a06	A	Q63450	PF00069	1
1a9u	A	Q16539	PF00069	1
1ad5	A	P08631	PF07714	0.96
1ad5	B	P08631	PF07714	0.96
1agw	A	P11362	PF07714	1
1agw	B	P11362	PF07714	1
1apm	E	P05132	PF00069	1
1aq1	A	P24941	PF00069	1
1atp	E	P05132	PF00069	1
1b38	A	P24941	PF00069	1
1b39	A	P24941	PF00069	1
1b6c	B	P36897	PF00069	1
1b6c	D	P36897	PF00069	1
1b6c	F	P36897	PF00069	1
1b6c	H	P36897	PF00069	1
1bi7	A	Q00534	PF00069	1
1bi8	A	Q00534	PF00069	1
1bi8	C	Q00534	PF00069	1
1bkx	A	P05132	PF00069	1
1bl6	A	Q16539	PF00069	1
1bl7	A	Q16539	PF00069	1
1blx	A	Q00534	PF00069	1
1bmk	A	Q16539	PF00069	1
1buh	A	P24941	PF00069	1
1bx6	A	P05132	PF00069	1
1byg	A	P41240	PF07714	1
1cdk	A	P36887	PF00069	1
1cdk	B	P36887	PF00069	1
1cki	A	Q06486	PF00069	1
1cki	B	Q06486	PF00069	1
1ckj	A	Q06486	PF00069	1
1ckj	B	Q06486	PF00069	1
1ckp	A	P24941	PF00069	1
1cm8	A	P53778	PF00069	1
1cm8	B	P53778	PF00069	1
1cmk	E	P36887	PF00069	1
1csn	A	P40233	PF00069	1
1ctp	E	P36887	PF00069	1
1daw	A	P28523	PF00069	1
1day	A	P28523	PF00069	1
1di8	A	P24941	PF00069	1
1di9	A	Q16539	PF00069	1
1dm2	A	P24941	PF00069	1
1ds5	A	P28523	PF00069	1
1ds5	B	P28523	PF00069	1
1ds5	C	P28523	PF00069	1
1ds5	D	P28523	PF00069	1
1e1v	A	P24941	PF00069	1
1e1x	A	P24941	PF00069	1
1e9h	A	P24941	PF00069	1
1e9h	C	P24941	PF00069	1
1eh4	A	P40233	PF00069	1
1eh4	B	P40233	PF00069	1
1f0q	A	P28523	PF00069	1
1f3m	C	Q13153	PF00069	1
1f3m	D	Q13153	PF00069	1
1f5q	A	P24941	PF00069	1
1f5q	C	P24941	PF00069	1
1fgi	A	P11362	PF07714	1
1fgi	B	P11362	PF07714	1
1fgk	A	P11362	PF07714	1
1fgk	B	P11362	PF07714	1
1fin	A	P24941	PF00069	1
1fin	C	P24941	PF00069	1
1fmk	A	P12931	PF07714	1
1fmo	E	P05132	PF00069	1
1fot	A	P06244	PF00069	1
1fpu	A	P00520	PF07714	1
1fpu	B	P00520	PF07714	1
1fq1	B	P24941	PF00069	1
1fvr	A	Q02763	PF07714	1
1fvr	B	Q02763	PF07714	1
1fvt	A	P24941	PF00069	1
1fvv	A	P24941	PF00069	1
1fvv	C	P24941	PF00069	1
1g3n	A	Q00534	PF00069	1
1g3n	E	Q00534	PF00069	1
1g5s	A	P24941	PF00069	1
1gag	A	P06213	PF07714	1
1gih	A	P24941	PF00069	1
1gii	A	P24941	PF00069	1
1gij	A	P24941	PF00069	1
1gjo	A	P21802	PF07714	1
1gng	A	P49841	PF00069	1
1gng	B	P49841	PF00069	1
1gol	A	P63086	PF00069	1
1gy3	A	P24941	PF00069	1
1gy3	C	P24941	PF00069	1
1gz8	A	P24941	PF00069	1
1gzk	A	P31751	PF00069	1
1gzn	A	P31751	PF00069	1
1gzo	A	P31751	PF00069	1
1h00	A	P24941	PF00069	1
1h01	A	P24941	PF00069	1
1h07	A	P24941	PF00069	1
1h08	A	P24941	PF00069	1
1h0v	A	P24941	PF00069	1
1h0w	A	P24941	PF00069	1
1h1p	A	P24941	PF00069	1
1h1p	C	P24941	PF00069	1
1h1q	A	P24941	PF00069	1
1h1q	C	P24941	PF00069	1
1h1r	A	P24941	PF00069	1
1h1r	C	P24941	PF00069	1
1h1s	A	P24941	PF00069	1
1h1s	C	P24941	PF00069	1
1h1w	A	O15530	PF00069	1
1h24	A	P24941	PF00069	1
1h24	C	P24941	PF00069	1
1h25	A	P24941	PF00069	1
1h25	C	P24941	PF00069	1
1h26	A	P24941	PF00069	1
1h26	C	P24941	PF00069	1
1h27	A	P24941	PF00069	1
1h27	C	P24941	PF00069	1
1h28	A	P24941	PF00069	1
1h28	C	P24941	PF00069	1
1h4l	A	Q00535	PF00069	1
1h4l	B	Q00535	PF00069	1
1h8f	A	P49841	PF00069	1
1h8f	B	P49841	PF00069	1
1hck	A	P24941	PF00069	1
1hcl	A	P24941	PF00069	1
1how	A	Q03656	PF00069	0.949
1how	A	Q03656	PF00069	0.942
1i09	A	P49841	PF00069	1
1i09	B	P49841	PF00069	1
1i44	A	P06213	PF07714	1
1ia8	A	O14757	PF00069	1
1ian	A	Q16539	PF00069	1
1ias	A	P36897	PF00069	1
1ias	B	P36897	PF00069	1
1ias	C	P36897	PF00069	1
1ias	D	P36897	PF00069	1
1ias	E	P36897	PF00069	1
1iep	A	P00520	PF07714	1
1iep	B	P00520	PF07714	1
1ig1	A	P53355	PF00069	1
1ir3	A	P06213	PF07714	1
1irk	A	P06213	PF07714	1
1j1b	A	P49841	PF00069	1
1j1b	B	P49841	PF00069	1
1j1c	A	P49841	PF00069	1
1j1c	B	P49841	PF00069	1
1j3h	A	P05132	PF00069	1
1j3h	B	P05132	PF00069	1
1j91	A	P28523	PF00069	1
1j91	B	P28523	PF00069	1
1jam	A	P28523	PF00069	1
1jbp	E	P05132	PF00069	1
1jkk	A	P53355	PF00069	1
1jkl	A	P53355	PF00069	1
1jks	A	P53355	PF00069	1
1jkt	A	P53355	PF00069	1
1jkt	B	P53355	PF00069	1
1jlu	E	P05132	PF00069	1
1jnk	A	P53779	PF00069	1
1jow	B	Q00534	PF00069	1
1jpa	A	P54763	PF07714	1
1jpa	B	P54763	PF07714	1
1jqh	A	P08069	PF07714	1
1jqh	B	P08069	PF07714	1
1jqh	C	P08069	PF07714	1
1jst	A	P24941	PF00069	1
1jst	C	P24941	PF00069	1
1jsu	A	P24941	PF00069	1
1jsv	A	P24941	PF00069	1
1jvp	P	P24941	PF00069	1
1jwh	A	P68400	PF00069	1
1jwh	B	P68400	PF00069	1
1k2p	A	Q06187	PF07714	1
1k2p	B	Q06187	PF07714	1
1k3a	A	P08069	PF07714	1
1k9a	A	P32577	PF07714	1
1k9a	B	P32577	PF07714	1
1k9a	C	P32577	PF07714	1
1k9a	D	P32577	PF07714	1
1k9a	E	P32577	PF07714	1
1k9a	F	P32577	PF07714	1
1ke5	A	P24941	PF00069	1
1ke6	A	P24941	PF00069	1
1ke7	A	P24941	PF00069	1
1ke8	A	P24941	PF00069	1
1ke9	A	P24941	PF00069	1
1koa	A	Q23551	PF00069	1
1ksw	A	P12931	PF07714	1
1kv1	A	Q16539	PF00069	1
1kv2	A	Q16539	PF00069	1
1kwp	A	P49137	PF00069	1
1kwp	B	P49137	PF00069	1
1l3r	E	P05132	PF00069	1
1lew	A	P47811	PF00069	1
1lez	A	P47811	PF00069	1
1lp4	A	P28523	PF00069	1
1lpu	A	P28523	PF00069	1
1lr4	A	P28523	PF00069	1
1luf	A	Q62838	PF07714	1
1m14	A	P00533	PF07714	1
1m17	A	P00533	PF07714	1
1m2p	A	P28523	PF00069	1
1m2q	A	P28523	PF00069	1
1m2r	A	P28523	PF00069	1
1m52	A	P00520	PF07714	1
1m52	B	P00520	PF07714	1
1m7n	A	P08069	PF07714	1
1m7n	B	P08069	PF07714	1
1m7q	A	Q16539	PF00069	1
1mp8	A	Q05397	PF07714	1
1mq4	A	O14965	PF00069	1
1mqb	A	P29317	PF07714	1
1mqb	B	P29317	PF07714	1
1mru	A	P9WI81	PF00069	1
1mru	B	P9WI81	PF00069	1
1mrv	A	P31751	PF00069	1
1mry	A	P31751	PF00069	1
1muo	A	O14965	PF00069	1
1na7	A	P68400	PF00069	1
1nvq	A	O14757	PF00069	1
1nvr	A	O14757	PF00069	1
1nvs	A	O14757	PF00069	1
1nxk	A	P49137	PF00069	1
1nxk	B	P49137	PF00069	1
1nxk	C	P49137	PF00069	1
1nxk	D	P49137	PF00069	1
1ny3	A	P49137	PF00069	1
1o6k	A	P31751	PF00069	1
1o6l	A	P31751	PF00069	1
1o6y	A	P9WI81	PF00069	1
1o9u	A	P49841	PF00069	1
1oec	A	P21802	PF07714	1
1ogu	A	P24941	PF00069	1
1ogu	C	P24941	PF00069	1
1oi9	A	P24941	PF00069	1
1oi9	C	P24941	PF00069	1
1oiq	A	P24941	PF00069	1
1oir	A	P24941	PF00069	1
1oit	A	P24941	PF00069	1
1oiu	A	P24941	PF00069	1
1oiu	C	P24941	PF00069	1
1oiy	A	P24941	PF00069	1
1oiy	C	P24941	PF00069	1
1okv	A	P24941	PF00069	1
1okv	C	P24941	PF00069	1
1okw	A	P24941	PF00069	1
1okw	C	P24941	PF00069	1
1oky	A	O15530	PF00069	1
1okz	A	O15530	PF00069	1
1ol1	A	P24941	PF00069	1
1ol1	C	P24941	PF00069	1
1ol2	A	P24941	PF00069	1
1ol2	C	P24941	PF00069	1
1ol5	A	O14965	PF00069	1
1ol6	A	O14965	PF00069	1
1ol7	A	O14965	PF00069	1
1om1	A	P28523	PF00069	1
1omw	A	P21146	PF00069	1
1opj	A	P00520	PF07714	1
1opj	B	P00520	PF07714	1
1opk	A	P00520	PF07714	1
1opl	A	P00519	PF07714	1
1opl	B	P00519	PF07714	1
1ouk	A	Q16539	PF00069	1
1ouy	A	Q16539	PF00069	1
1ove	A	Q16539	PF00069	1
1oz1	A	Q16539	PF00069	1
1p14	A	P06213	PF07714	1
1p2a	A	P24941	PF00069	1
1p4f	A	P53355	PF00069	1
1p4o	A	P08069	PF07714	1
1p4o	B	P08069	PF07714	1
1p5e	A	P24941	PF00069	1
1p5e	C	P24941	PF00069	1
1pf8	A	P24941	PF00069	1
1phk	A	P00518	PF00069	1
1pjk	A	P68400	PF00069	1
1pkd	A	P24941	PF00069	1
1pkd	C	P24941	PF00069	1
1pkg	A	P10721	PF07714	0.827
1pkg	B	P10721	PF07714	0.827
1pme	A	P28482	PF00069	1
1pmn	A	P53779	PF00069	1
1pmu	A	P53779	PF00069	1
1pmv	A	P53779	PF00069	1
1pw2	A	P24941	PF00069	1
1pxi	A	P24941	PF00069	1
1pxj	A	P24941	PF00069	1
1pxk	A	P24941	PF00069	1
1pxl	A	P24941	PF00069	1
1pxm	A	P24941	PF00069	1
1pxn	A	P24941	PF00069	1
1pxo	A	P24941	PF00069	1
1pxp	A	P24941	PF00069	1
1py5	A	P36897	PF00069	1
1pye	A	P24941	PF00069	1
1pyx	A	P49841	PF00069	1
1pyx	B	P49841	PF00069	1
1q24	A	P00517	PF00069	1
1q3d	A	P49841	PF00069	1
1q3d	B	P49841	PF00069	1
1q3w	A	P49841	PF00069	1
1q3w	B	P49841	PF00069	1
1q41	A	P49841	PF00069	1
1q41	B	P49841	PF00069	1
1q4l	A	P49841	PF00069	1
1q4l	B	P49841	PF00069	1
1q5k	A	P49841	PF00069	1
1q5k	B	P49841	PF00069	1
1q61	A	P00517	PF00069	1
1q62	A	P00517	PF00069	1
1q8t	A	P00517	PF00069	1
1q8u	A	P00517	PF00069	1
1q8w	A	P00517	PF00069	1
1q8y	A	Q03656	PF00069	0.942
1q8y	A	Q03656	PF00069	0.96
1q8y	B	Q03656	PF00069	0.942
1q8y	B	Q03656	PF00069	0.96
1q8z	A	Q03656	PF00069	0.942
1q8z	A	Q03656	PF00069	0.96
1q8z	B	Q03656	PF00069	0.942
1q8z	B	Q03656	PF00069	0.96
1q97	A	Q03656	PF00069	0.942
1q97	A	Q03656	PF00069	0.96
1q97	B	Q03656	PF00069	0.942
1q97	B	Q03656	PF00069	0.96
1q99	A	Q03656	PF00069	0.942
1q99	A	Q03656	PF00069	0.96
1q99	B	Q03656	PF00069	0.942
1q99	B	Q03656	PF00069	0.96
1qcf	A	P08631	PF07714	1
1ql6	A	P00518	PF00069	1
1qmz	A	P24941	PF00069	1
1qmz	C	P24941	PF00069	1
1qpc	A	P06239	PF07714	1
1qpd	A	P06239	PF07714	1
1qpe	A	P06239	PF07714	1
1qpj	A	P06239	PF07714	1
1r0e	A	P49841	PF00069	1
1r0e	B	P49841	PF00069	1
1r0p	A	P08581	PF07714	1
1r1w	A	P08581	PF07714	1
1r39	A	Q16539	PF00069	1
1r3c	A	Q16539	PF00069	1
1r78	A	P24941	PF00069	1
1rdq	E	P05132	PF00069	1
1re8	A	P05132	PF00069	1
1rej	A	P05132	PF00069	1
1rek	A	P05132	PF00069	1
1rjb	A	P36888	PF07714	0.847
1rqq	A	P06213	PF07714	1
1rqq	B	P06213	PF07714	1
1rw8	A	P36897	PF00069	1
1s9i	A	P36507	PF00069	1
1s9i	B	P36507	PF00069	1
1s9j	A	Q02750	PF00069	1
1sm2	A	Q08881	PF07714	1
1sm2	B	Q08881	PF07714	1
1smh	A	P00517	PF00069	1
1snu	A	Q08881	PF07714	1
1snu	B	Q08881	PF07714	1
1snx	A	Q08881	PF07714	1
1snx	B	Q08881	PF07714	1
1stc	E	P00517	PF00069	1
1sve	A	P00517	PF00069	1
1svg	A	P00517	PF00069	1
1svh	A	P00517	PF00069	1
1syk	A	P05132	PF00069	1
1syk	B	P05132	PF00069	1
1szm	A	P00517	PF00069	1
1szm	B	P00517	PF00069	1
1t45	A	P10721	PF07714	0.827
1t46	A	P10721	PF07714	0.827
1tki	A	Q8WZ42	PF00069	1
1tki	B	Q8WZ42	PF00069	1
1tvo	A	P28482	PF00069	1
1u46	A	Q07912	PF07714	1
1u46	B	Q07912	PF07714	1
1u4d	A	Q07912	PF07714	1
1u4d	B	Q07912	PF07714	1
1u54	A	Q07912	PF07714	1
1u54	B	Q07912	PF07714	1
1u59	A	P43403	PF07714	1
1u5q	A	Q9JLS3	PF00069	1
1u5q	B	Q9JLS3	PF00069	1
1u5r	A	Q9JLS3	PF00069	1
1u5r	B	Q9JLS3	PF00069	1
1ua2	A	P50613	PF00069	1
1ua2	B	P50613	PF00069	1
1ua2	C	P50613	PF00069	1
1ua2	D	P50613	PF00069	1
1ukh	A	P45983	PF00069	1
1uki	A	P45983	PF00069	1
1ung	A	Q00535	PF00069	1
1ung	B	Q00535	PF00069	1
1unh	A	Q00535	PF00069	1
1unh	B	Q00535	PF00069	1
1unl	A	Q00535	PF00069	1
1unl	B	Q00535	PF00069	1
1urc	A	P24941	PF00069	1
1urc	C	P24941	PF00069	1
1urw	A	P24941	PF00069	1
1uu3	A	O15530	PF00069	1
1uu7	A	O15530	PF00069	1
1uu8	A	O15530	PF00069	1
1uu9	A	O15530	PF00069	1
1uv5	A	P49841	PF00069	1
1uvr	A	O15530	PF00069	1
1uwh	A	P15056	PF07714	1
1uwh	B	P15056	PF07714	1
1uwj	A	P15056	PF07714	1
1uwj	B	P15056	PF07714	1
1v1k	A	P24941	PF00069	1
1veb	A	P00517	PF00069	1
1vjy	A	P36897	PF00069	1
1vr2	A	P35968	PF07714	0.847
1vyw	A	P24941	PF00069	1
1vyw	C	P24941	PF00069	1
1vyz	A	P24941	PF00069	1
1vzo	A	O75582	PF00069	1
1w0x	C	P24941	PF00069	1
1w7h	A	Q16539	PF00069	1
1w82	A	Q16539	PF00069	1
1w83	A	Q16539	PF00069	1
1w84	A	Q16539	PF00069	1
1w8c	A	P24941	PF00069	1
1w98	A	P24941	PF00069	1
1wak	A	Q96SB4	PF00069	1
1wbn	A	Q16539	PF00069	1
1wbo	A	Q16539	PF00069	1
1wbp	A	Q96SB4	PF00069	1
1wbs	A	Q16539	PF00069	1
1wbt	A	Q16539	PF00069	1
1wbv	A	Q16539	PF00069	1
1wbw	A	Q16539	PF00069	1
1wcc	A	P24941	PF00069	1
1wfc	A	Q16539	PF00069	1
1wmk	A	Q9UIK4	PF00069	1
1wmk	B	Q9UIK4	PF00069	1
1wmk	C	Q9UIK4	PF00069	1
1wmk	D	Q9UIK4	PF00069	1
1wmk	E	Q9UIK4	PF00069	1
1wmk	F	Q9UIK4	PF00069	1
1wmk	G	Q9UIK4	PF00069	1
1wmk	H	Q9UIK4	PF00069	1
1wvw	A	P53355	PF00069	1
1wvx	A	P53355	PF00069	1
1wvy	A	P53355	PF00069	1
1wzy	A	P28482	PF00069	1
1x8b	A	P30291	PF00069	1
1xba	A	P43405	PF07714	1
1xbb	A	P43405	PF07714	1
1xbc	A	P43405	PF07714	1
1xh4	A	P00517	PF00069	1
1xh5	A	P00517	PF00069	1
1xh6	A	P00517	PF00069	1
1xh7	A	P00517	PF00069	1
1xh8	A	P00517	PF00069	1
1xh9	A	P00517	PF00069	1
1xha	A	P00517	PF00069	1
1xjd	A	Q04759	PF00069	1
1xkk	A	P00533	PF07714	1
1xo2	B	Q00534	PF00069	1
1xqz	A	P11309	PF00069	1
1xr1	A	P11309	PF00069	1
1xws	A	P11309	PF00069	1
1y57	A	P12931	PF07714	1
1y6a	A	P35968	PF07714	1
1y6b	A	P35968	PF07714	1
1y8g	A	O08679	PF00069	1
1y8g	B	O08679	PF00069	1
1y8y	A	P24941	PF00069	1
1y91	A	P24941	PF00069	1
1ydr	E	P00517	PF00069	1
1yds	E	P00517	PF00069	1
1ydt	E	P00517	PF00069	1
1yhs	A	P11309	PF00069	1
1yhv	A	Q13153	PF00069	1
1yhw	A	Q13153	PF00069	1
1yi3	A	P11309	PF00069	1
1yi4	A	P11309	PF00069	1
1yi6	A	P12931	PF07714	1
1yi6	B	P12931	PF07714	1
1ykr	A	P24941	PF00069	1
1ym7	A	P21146	PF00069	1
1ym7	B	P21146	PF00069	1
1ym7	C	P21146	PF00069	1
1ym7	D	P21146	PF00069	1
1yoj	A	P12931	PF07714	1
1yoj	B	P12931	PF07714	1
1yol	A	P12931	PF07714	1
1yol	B	P12931	PF07714	1
1yom	A	P12931	PF07714	1
1yom	B	P12931	PF07714	1
1yqj	A	Q16539	PF00069	1
1yrp	A	O43293	PF00069	1
1yrp	B	O43293	PF00069	1
1yvj	A	P52333	PF07714	1
1yw2	A	P47811	PF00069	1
1ywn	A	P35968	PF07714	0.847
1ywr	A	P47811	PF00069	1
1ywv	A	P11309	PF00069	1
1yxs	A	P11309	PF00069	1
1yxt	A	P11309	PF00069	1
1yxu	A	P11309	PF00069	1
1yxu	B	P11309	PF00069	1
1yxu	C	P11309	PF00069	1
1yxu	D	P11309	PF00069	1
1yxv	A	P11309	PF00069	1
1yxx	A	P11309	PF00069	1
1z57	A	P49759	PF00069	1
1z5m	A	O15530	PF00069	1
1z9x	A	Q9UIK4	PF00069	1
1z9x	B	Q9UIK4	PF00069	1
1z9x	C	Q9UIK4	PF00069	1
1zlt	A	O14757	PF00069	1
1zmu	A	O08679	PF00069	1
1zmu	B	O08679	PF00069	1
1zmv	A	O08679	PF00069	1
1zmv	B	O08679	PF00069	1
1zmw	A	O08679	PF00069	1
1zmw	B	O08679	PF00069	1
1zoe	A	P28523	PF00069	1
1zog	A	P28523	PF00069	1
1zoh	A	P28523	PF00069	1
1zrz	A	P41743	PF00069	1
1zws	A	Q9UIK4	PF00069	1
1zws	B	Q9UIK4	PF00069	1
1zws	C	Q9UIK4	PF00069	1
1zws	D	Q9UIK4	PF00069	1
1zws	E	Q9UIK4	PF00069	1
1zws	F	Q9UIK4	PF00069	1
1zws	G	Q9UIK4	PF00069	1
1zws	H	Q9UIK4	PF00069	1
1zxe	A	P15442	PF00069	0.888
1zxe	A	P15442	PF00069	0.647
1zxe	B	P15442	PF00069	0.888
1zxe	B	P15442	PF00069	0.647
1zxe	C	P15442	PF00069	0.647
1zxe	C	P15442	PF00069	0.888
1zxe	D	P15442	PF00069	0.888
1zxe	D	P15442	PF00069	0.647
1zxe	E	P15442	PF00069	0.647
1zxe	E	P15442	PF00069	0.888
1zxe	F	P15442	PF00069	0.647
1zxe	F	P15442	PF00069	0.888
1zy4	A	P15442	PF00069	0.647
1zy4	A	P15442	PF00069	0.888
1zy4	B	P15442	PF00069	0.647
1zy4	B	P15442	PF00069	0.888
1zy5	A	P15442	PF00069	0.647
1zy5	A	P15442	PF00069	0.888
1zy5	B	P15442	PF00069	0.647
1zy5	B	P15442	PF00069	0.888
1zyc	A	P15442	PF00069	0.647
1zyc	A	P15442	PF00069	0.888
1zyc	B	P15442	PF00069	0.647
1zyc	B	P15442	PF00069	0.888
1zyc	C	P15442	PF00069	0.647
1zyc	C	P15442	PF00069	0.888
1zyc	D	P15442	PF00069	0.647
1zyc	D	P15442	PF00069	0.888
1zyd	A	P15442	PF00069	0.647
1zyd	A	P15442	PF00069	0.888
1zyd	B	P15442	PF00069	0.647
1zyd	B	P15442	PF00069	0.888
1zyj	A	Q16539	PF00069	1
1zys	A	O14757	PF00069	1
1zz2	A	Q16539	PF00069	1
1zzl	A	Q16539	PF00069	1
22rd	A	P53350	PF00069	1
23es	A	Q99640	PF00069	1
23es	B	Q99640	PF00069	1
23fw	A	Q99640	PF00069	1
23fw	B	Q99640	PF00069	1
23sr	C	P24941	PF00069	1
24ib	A	Q13546	PF07714	1
24ib	B	Q13546	PF07714	1
24ic	A	Q13546	PF07714	1
24ic	B	Q13546	PF07714	1
28oq	A	Q13153	PF00069	1
28oq	B	Q13153	PF00069	1
29mj	A	P31749	PF00069	0.996
29mj	B	P31749	PF00069	0.996
29mj	C	P31749	PF00069	0.996
29mo	A	P49761	PF00069	1
29mp	A	P49761	PF00069	1
29mp	D	P49761	PF00069	1
29rx	A	O60674	PF07714	1
29rx	B	O60674	PF07714	1
29rx	C	O60674	PF07714	1
29ry	A	O60674	PF07714	1
29wd	8	P50613	PF00069	1
2a0c	X	P24941	PF00069	1
2a19	B	P19525	PF00069	0.952
2a19	C	P19525	PF00069	0.952
2a1a	B	P19525	PF00069	0.952
2a27	A	Q9UIK4	PF00069	1
2a27	B	Q9UIK4	PF00069	1
2a27	C	Q9UIK4	PF00069	1
2a27	D	Q9UIK4	PF00069	1
2a27	E	Q9UIK4	PF00069	1
2a27	F	Q9UIK4	PF00069	1
2a27	G	Q9UIK4	PF00069	1
2a27	H	Q9UIK4	PF00069	1
2a2a	A	Q9UIK4	PF00069	1
2a2a	B	Q9UIK4	PF00069	1
2a2a	C	Q9UIK4	PF00069	1
2a2a	D	Q9UIK4	PF00069	1
2a4l	A	P24941	PF00069	1
2ac3	A	Q9HBH9	PF00069	1
2ac5	A	Q9HBH9	PF00069	1
2acx	A	P43250	PF00069	1
2acx	B	P43250	PF00069	1
2auh	A	P06213	PF07714	1
2ayp	A	O14757	PF00069	1
2b1p	A	P53779	PF00069	1
2b4s	B	P06213	PF07714	1
2b4s	D	P06213	PF07714	1
2b52	A	P24941	PF00069	1
2b53	A	P24941	PF00069	1
2b54	A	P24941	PF00069	1
2b55	A	P24941	PF00069	1
2b7a	A	O60674	PF07714	1
2b7a	B	O60674	PF07714	1
2b9f	A	P16892	PF00069	1
2b9h	A	P16892	PF00069	1
2b9i	A	P16892	PF00069	1
2b9j	A	P16892	PF00069	1
2baj	A	Q16539	PF00069	1
2bak	A	Q16539	PF00069	1
2bal	A	Q16539	PF00069	1
2baq	A	Q16539	PF00069	1
2bcj	A	P21146	PF00069	1
2bdf	A	P12931	PF07714	1
2bdf	B	P12931	PF07714	1
2bdj	A	P12931	PF07714	1
2bdw	A	O62305	PF00069	1
2bdw	B	O62305	PF00069	1
2bfx	A	Q6DE08	PF00069	1
2bfx	B	Q6DE08	PF00069	1
2bfy	A	Q6DE08	PF00069	1
2bfy	B	Q6DE08	PF00069	1
2bhe	A	P24941	PF00069	1
2bhh	A	P24941	PF00069	1
2bik	B	P11309	PF00069	1
2bil	B	P11309	PF00069	1
2biy	A	O15530	PF00069	1
2bkz	A	P24941	PF00069	1
2bkz	C	P24941	PF00069	1
2bmc	A	O14965	PF00069	1
2bmc	B	O14965	PF00069	1
2bmc	C	O14965	PF00069	1
2bmc	D	O14965	PF00069	1
2bmc	E	O14965	PF00069	1
2bmc	F	O14965	PF00069	1
2bpm	A	P24941	PF00069	1
2bpm	C	P24941	PF00069	1
2br1	A	O14757	PF00069	1
2brb	A	O14757	PF00069	1
2brg	A	O14757	PF00069	1
2brh	A	O14757	PF00069	1
2brm	A	O14757	PF00069	1
2brn	A	O14757	PF00069	1
2bro	A	O14757	PF00069	1
2btr	A	P24941	PF00069	1
2bts	A	P24941	PF00069	1
2buj	A	O75716	PF00069	1
2buj	B	O75716	PF00069	1
2bva	A	O96013	PF00069	1
2bva	B	O96013	PF00069	1
2bzh	B	P11309	PF00069	1
2bzi	B	P11309	PF00069	1
2bzj	A	P11309	PF00069	1
2bzk	B	P11309	PF00069	1
2c0i	A	P08631	PF07714	1
2c0i	B	P08631	PF07714	1
2c0o	A	P08631	PF07714	1
2c0o	B	P08631	PF07714	1
2c0t	A	P08631	PF07714	1
2c0t	B	P08631	PF07714	1
2c1a	A	P00517	PF00069	1
2c1b	A	P00517	PF00069	1
2c30	A	Q9NQU5	PF00069	1
2c3i	B	P11309	PF00069	1
2c3j	A	O14757	PF00069	1
2c3k	A	O14757	PF00069	1
2c3l	A	O14757	PF00069	1
2c47	A	P78368	PF00069	1
2c47	B	P78368	PF00069	1
2c47	C	P78368	PF00069	1
2c47	D	P78368	PF00069	1
2c4g	A	P24941	PF00069	1
2c4g	C	P24941	PF00069	1
2c5n	A	P24941	PF00069	1
2c5n	C	P24941	PF00069	1
2c5o	A	P24941	PF00069	1
2c5o	C	P24941	PF00069	1
2c5v	A	P24941	PF00069	1
2c5v	C	P24941	PF00069	1
2c5x	A	P24941	PF00069	1
2c5x	C	P24941	PF00069	1
2c5y	A	P24941	PF00069	1
2c68	A	P24941	PF00069	1
2c69	A	P24941	PF00069	1
2c6d	A	O14965	PF00069	1
2c6e	A	O14965	PF00069	1
2c6e	B	O14965	PF00069	1
2c6i	A	P24941	PF00069	1
2c6k	A	P24941	PF00069	1
2c6l	A	P24941	PF00069	1
2c6m	A	P24941	PF00069	1
2c6o	A	P24941	PF00069	1
2c6t	A	P24941	PF00069	1
2c6t	C	P24941	PF00069	1
2cch	A	P24941	PF00069	1
2cch	C	P24941	PF00069	1
2cci	A	P24941	PF00069	1
2cci	C	P24941	PF00069	1
2cdz	A	O96013	PF00069	1
2cgu	A	O14757	PF00069	1
2cgv	A	O14757	PF00069	1
2cgw	A	O14757	PF00069	1
2cgx	A	O14757	PF00069	1
2chl	A	Q9Y6M4	PF00069	1
2cjm	A	P24941	PF00069	1
2cjm	C	P24941	PF00069	1
2cke	A	Q9UIK4	PF00069	1
2cke	B	Q9UIK4	PF00069	1
2cke	C	Q9UIK4	PF00069	1
2cke	D	Q9UIK4	PF00069	1
2clq	A	Q99683	PF00069	1
2clq	B	Q99683	PF00069	1
2clx	A	P24941	PF00069	1
2cmw	A	Q9HCP0	PF00069	1
2cn5	A	O96017	PF00069	1
2cn8	A	O96017	PF00069	1
2cpk	E	P05132	PF00069	1
2csn	A	P40233	PF00069	1
2dq7	X	P06241	PF07714	1
2ds1	A	P24941	PF00069	1
2duv	A	P24941	PF00069	1
2dwb	A	O14965	PF00069	1
2dyl	A	O14733	PF00069	1
2e2b	A	P00519	PF07714	1
2e2b	B	P00519	PF07714	1
2e9n	A	O14757	PF00069	1
2e9o	A	O14757	PF00069	1
2e9p	A	O14757	PF00069	1
2e9u	A	O14757	PF00069	1
2e9v	A	O14757	PF00069	1
2e9v	B	O14757	PF00069	1
2eb2	A	P00533	PF07714	1
2eb3	A	P00533	PF07714	1
2erk	A	P63086	PF00069	1
2erz	E	P05132	PF00069	1
2esm	A	Q13464	PF00069	1
2esm	B	Q13464	PF00069	1
2etk	A	Q13464	PF00069	1
2etk	B	Q13464	PF00069	1
2etm	A	Q05397	PF07714	1
2etm	B	Q05397	PF07714	1
2etr	A	Q13464	PF00069	1
2etr	B	Q13464	PF00069	1
2eu9	A	P49761	PF00069	1
2euf	B	Q00534	PF00069	1
2eva	A	O43318	PF07714	1
2ewa	A	P47811	PF00069	1
2exc	X	P53779	PF00069	1
2exe	A	P49761	PF00069	1
2exm	A	P24941	PF00069	1
2f2c	B	Q00534	PF00069	1
2f2u	A	Q28021	PF00069	1
2f2u	B	Q28021	PF00069	1
2f49	A	P16892	PF00069	1
2f49	B	P16892	PF00069	1
2f4j	A	P00519	PF07714	1
2f57	A	Q9P286	PF00069	1
2f57	B	Q9P286	PF00069	1
2f7e	E	P00517	PF00069	1
2f7x	E	P00517	PF00069	1
2f7z	E	P00517	PF00069	1
2f9g	A	P16892	PF00069	1
2fa2	A	P16892	PF00069	1
2fa2	B	P16892	PF00069	1
2fb8	A	P15056	PF07714	1
2fb8	B	P15056	PF07714	1
2fgi	A	P11362	PF07714	1
2fgi	B	P11362	PF07714	1
2fh9	A	P06782	PF00069	1
2fo0	A	P00519	PF07714	1
2fsl	X	Q16539	PF00069	1
2fsm	X	Q16539	PF00069	1
2fso	X	Q16539	PF00069	1
2fst	X	Q16539	PF00069	1
2fum	A	P9WI81	PF00069	1
2fum	B	P9WI81	PF00069	1
2fum	C	P9WI81	PF00069	1
2fum	D	P9WI81	PF00069	1
2fvd	A	P24941	PF00069	1
2fys	A	P63086	PF00069	1
2fys	B	P63086	PF00069	1
2g01	A	P45983	PF00069	1
2g01	B	P45983	PF00069	1
2g15	A	P08581	PF07714	1
2g1t	A	P00519	PF07714	1
2g1t	B	P00519	PF07714	1
2g1t	C	P00519	PF07714	1
2g1t	D	P00519	PF07714	1
2g2f	A	P00519	PF07714	1
2g2f	B	P00519	PF07714	1
2g2h	A	P00519	PF07714	1
2g2h	B	P00519	PF07714	1
2g2i	A	P00519	PF07714	1
2g2i	B	P00519	PF07714	1
2g9x	A	P24941	PF00069	1
2g9x	C	P24941	PF00069	1
2gcd	A	Q9JLS3	PF00069	1
2gcd	B	Q9JLS3	PF00069	1
2gdo	A	O14757	PF00069	1
2gfc	A	P00517	PF00069	1
2gfs	A	Q16539	PF00069	1
2ghg	A	O14757	PF00069	1
2ghl	A	P47811	PF00069	1
2ghm	A	P47811	PF00069	1
2gmx	A	P45983	PF00069	1
2gmx	B	P45983	PF00069	1
2gnf	A	P00517	PF00069	1
2gng	A	P00517	PF00069	1
2gnh	A	P00517	PF00069	1
2gni	A	P00517	PF00069	1
2gnj	A	P00517	PF00069	1
2gnl	A	P00517	PF00069	1
2gph	A	P63086	PF00069	1
2gqg	A	P00519	PF07714	1
2gqg	B	P00519	PF07714	1
2gs2	A	P00533	PF07714	1
2gs6	A	P00533	PF07714	1
2gs7	A	P00533	PF07714	1
2gs7	B	P00533	PF07714	1
2gsf	A	P29320	PF07714	1
2gtm	A	P47811	PF00069	1
2gtn	A	P47811	PF00069	1
2gu8	A	P17612	PF00069	1
2h34	A	P9WI77	PF00069	1
2h34	B	P9WI77	PF00069	1
2h6d	A	P54646	PF00069	1
2h8h	A	P12931	PF07714	1
2h96	A	P45983	PF00069	1
2h96	B	P45983	PF00069	1
2h9v	A	Q28021	PF00069	1
2hak	A	Q9P0L2	PF00069	1
2hak	B	Q9P0L2	PF00069	1
2hak	C	Q9P0L2	PF00069	1
2hak	D	Q9P0L2	PF00069	1
2hak	E	Q9P0L2	PF00069	1
2hak	F	Q9P0L2	PF00069	1
2hak	G	Q9P0L2	PF00069	1
2hak	H	Q9P0L2	PF00069	1
2hck	A	P08631	PF07714	0.96
2hck	B	P08631	PF07714	0.96
2hel	A	Q03137	PF07714	1
2hen	A	P54763	PF07714	1
2hen	B	P54763	PF07714	1
2hen	C	P54763	PF07714	1
2hen	D	P54763	PF07714	1
2hiw	A	P00519	PF07714	1
2hiw	B	P00519	PF07714	1
2hk5	A	P08631	PF07714	1
2hog	A	O14757	PF00069	1
2hw6	A	Q9BUB5	PF00069	0.935
2hw6	A	Q9BUB5	PF00069	0.983
2hw6	B	Q9BUB5	PF00069	0.983
2hw6	B	Q9BUB5	PF00069	0.935
2hw7	A	Q9HBH9	PF00069	1
2hwo	A	P00523	PF07714	1
2hwo	B	P00523	PF07714	1
2hwp	A	P00523	PF07714	1
2hwp	B	P00523	PF07714	1
2hxl	A	O14757	PF00069	1
2hxq	A	O14757	PF00069	1
2hy0	A	O14757	PF00069	1
2hy8	1	Q13153	PF00069	1
2hyy	A	P00519	PF07714	1
2hyy	B	P00519	PF07714	1
2hyy	C	P00519	PF07714	1
2hyy	D	P00519	PF07714	1
2hz0	A	P00519	PF07714	1
2hz0	B	P00519	PF07714	1
2hz4	A	P00519	PF07714	1
2hz4	B	P00519	PF07714	1
2hz4	C	P00519	PF07714	1
2hzi	A	P00519	PF07714	1
2hzi	B	P00519	PF07714	1
2hzn	A	P00520	PF07714	1
2i0e	A	P05771	PF00069	1
2i0e	B	P05771	PF00069	1
2i0h	A	Q16539	PF00069	1
2i0v	A	P07333	PF07714	0.839
2i0y	A	P07333	PF07714	0.839
2i1m	A	P07333	PF07714	0.833
2i40	A	P24941	PF00069	1
2i40	C	P24941	PF00069	1
2ijm	A	Q05397	PF07714	1
2ijm	B	Q05397	PF07714	1
2in6	A	P30291	PF00069	1
2io6	A	P30291	PF00069	1
2itn	A	P00533	PF07714	1
2ito	A	P00533	PF07714	1
2itp	A	P00533	PF07714	1
2itq	A	P00533	PF07714	1
2itt	A	P00533	PF07714	1
2itu	A	P00533	PF07714	1
2itv	A	P00533	PF07714	1
2itw	A	P00533	PF07714	1
2itx	A	P00533	PF07714	1
2ity	A	P00533	PF07714	1
2itz	A	P00533	PF07714	1
2ivs	A	P07949	PF07714	1
2ivs	B	P07949	PF07714	1
2ivt	A	P07949	PF07714	1
2ivu	A	P07949	PF07714	1
2ivv	A	P07949	PF07714	1
2iw6	A	P24941	PF00069	1
2iw6	C	P24941	PF00069	1
2iw8	A	P24941	PF00069	1
2iw8	C	P24941	PF00069	1
2iw9	A	P24941	PF00069	1
2iw9	C	P24941	PF00069	1
2iwi	A	Q9P1W9	PF00069	1
2iwi	B	Q9P1W9	PF00069	1
2izr	A	Q9Y6M4	PF00069	1
2izs	A	Q9Y6M4	PF00069	1
2izt	A	Q9Y6M4	PF00069	1
2izu	A	Q9Y6M4	PF00069	1
2j0i	A	O96013	PF00069	1
2j0j	A	Q00944	PF07714	1
2j0k	A	Q00944	PF07714	1
2j0k	B	Q00944	PF07714	1
2j0l	A	Q00944	PF07714	1
2j0m	B	Q00944	PF07714	1
2j2i	B	P11309	PF00069	1
2j4z	A	O14965	PF00069	1
2j4z	B	O14965	PF00069	1
2j50	A	O14965	PF00069	1
2j50	B	O14965	PF00069	1
2j51	A	Q9H2G2	PF00069	1
2j5e	A	P00533	PF07714	1
2j5f	A	P00533	PF07714	1
2j6m	A	P00533	PF07714	1
2j7t	A	O94804	PF00069	1
2j90	A	O43293	PF00069	1
2j90	B	O43293	PF00069	1
2j9m	A	P24941	PF00069	1
2jam	A	Q96NX5	PF00069	1
2jam	B	Q96NX5	PF00069	1
2jav	A	P51955	PF00069	1
2jbo	A	P49137	PF00069	1
2jbp	A	P49137	PF00069	1
2jbp	B	P49137	PF00069	1
2jbp	C	P49137	PF00069	1
2jbp	D	P49137	PF00069	1
2jbp	E	P49137	PF00069	1
2jbp	F	P49137	PF00069	1
2jbp	G	P49137	PF00069	1
2jbp	H	P49137	PF00069	1
2jbp	I	P49137	PF00069	1
2jbp	J	P49137	PF00069	1
2jbp	K	P49137	PF00069	1
2jbp	L	P49137	PF00069	1
2jc6	A	Q8IU85	PF00069	1
2jc6	C	Q8IU85	PF00069	1
2jd5	A	Q03656	PF00069	0.942
2jd5	A	Q03656	PF00069	0.96
2jd5	B	Q03656	PF00069	0.942
2jd5	B	Q03656	PF00069	0.96
2jdo	A	P31751	PF00069	1
2jdr	A	P31751	PF00069	1
2jds	A	P00517	PF00069	1
2jdt	A	P00517	PF00069	1
2jdv	A	P00517	PF00069	1
2jed	A	Q04759	PF00069	1
2jed	B	Q04759	PF00069	1
2jfl	A	Q9H2G2	PF00069	1
2jfm	A	Q9H2G2	PF00069	1
2jgz	A	P24941	PF00069	1
2jii	A	Q8IV63	PF00069	1
2jii	B	Q8IV63	PF00069	1
2jit	A	P00533	PF07714	1
2jit	B	P00533	PF07714	1
2jiu	A	P00533	PF07714	1
2jiu	B	P00533	PF07714	1
2jiv	A	P00533	PF07714	1
2jiv	B	P00533	PF07714	1
2jkk	A	Q00944	PF07714	1
2jkm	A	Q00944	PF07714	1
2jko	A	Q00944	PF07714	1
2jkq	A	Q00944	PF07714	1
2jld	A	P49841	PF00069	1
2jld	B	P49841	PF00069	1
2kty	A	Q99986	PF00069	1
2kul	A	Q99986	PF00069	1
2lav	A	Q99986	PF00069	1
2lgc	A	Q16539	PF00069	1
2no3	A	P45983	PF00069	1
2no3	B	P45983	PF00069	1
2np8	A	O14965	PF00069	1
2npq	A	Q16539	PF00069	1
2nru	A	Q9NWZ3	PF07714	1
2nru	B	Q9NWZ3	PF07714	1
2nru	C	Q9NWZ3	PF07714	1
2nru	D	Q9NWZ3	PF07714	1
2nry	A	Q9NWZ3	PF07714	1
2nry	B	Q9NWZ3	PF07714	1
2nry	C	Q9NWZ3	PF07714	1
2nry	D	Q9NWZ3	PF07714	1
2o0u	A	P53779	PF00069	1
2o2u	A	P53779	PF00069	1
2o3p	A	P11309	PF00069	1
2o5k	A	P49841	PF00069	1
2o63	A	P11309	PF00069	1
2o64	A	P11309	PF00069	1
2o65	A	P11309	PF00069	1
2o8y	A	Q9NWZ3	PF07714	1
2o8y	B	Q9NWZ3	PF07714	1
2obj	A	P11309	PF00069	1
2of2	A	P06239	PF07714	1
2of4	A	P06239	PF07714	1
2ofu	A	P06239	PF07714	1
2ofv	A	P06239	PF07714	1
2ofv	B	P06239	PF07714	1
2og8	A	P06239	PF07714	1
2og8	B	P06239	PF07714	1
2ogv	A	P07333	PF07714	0.821
2oh0	E	P00517	PF00069	1
2oh4	A	P35968	PF07714	0.844
2oi4	X	P11309	PF00069	1
2oib	A	Q9NWZ3	PF07714	1
2oib	B	Q9NWZ3	PF07714	1
2oib	C	Q9NWZ3	PF07714	1
2oib	D	Q9NWZ3	PF07714	1
2oic	A	Q9NWZ3	PF07714	1
2oic	B	Q9NWZ3	PF07714	1
2oic	C	Q9NWZ3	PF07714	1
2oic	D	Q9NWZ3	PF07714	1
2oid	A	Q9NWZ3	PF07714	1
2oid	B	Q9NWZ3	PF07714	1
2oid	C	Q9NWZ3	PF07714	1
2oid	D	Q9NWZ3	PF07714	1
2oiq	A	P00523	PF07714	1
2oiq	B	P00523	PF07714	1
2oj9	A	P08069	PF07714	1
2ojf	E	P00517	PF00069	1
2ojg	A	P28482	PF00069	1
2oji	A	P28482	PF00069	1
2ojj	A	P28482	PF00069	1
2ok1	A	P53779	PF00069	1
2okr	A	Q16539	PF00069	1
2okr	D	Q16539	PF00069	1
2onl	A	Q16539	PF00069	1
2onl	B	Q16539	PF00069	1
2onl	C	P49137	PF00069	1
2onl	D	P49137	PF00069	1
2oo8	X	Q02763	PF07714	1
2osc	A	Q02763	PF07714	1
2ou7	A	P53350	PF00069	1
2ow3	A	P49841	PF00069	1
2ow3	B	P49841	PF00069	1
2owb	A	P53350	PF00069	1
2oxd	A	P28523	PF00069	1
2oxx	A	P28523	PF00069	1
2oxy	A	P28523	PF00069	1
2oxy	B	P28523	PF00069	1
2oza	A	P49137	PF00069	1
2oza	B	P47811	PF00069	1
2ozo	A	P43403	PF07714	1
2p0c	A	Q12866	PF07714	1
2p0c	B	Q12866	PF07714	1
2p2h	A	P35968	PF07714	0.847
2p2i	A	P35968	PF07714	0.847
2p2i	B	P35968	PF07714	0.847
2p33	A	P53779	PF00069	1
2p3g	X	P49137	PF00069	1
2p4i	A	Q02763	PF07714	1
2p4i	B	Q02763	PF07714	1
2p55	A	Q02750	PF00069	1
2pe0	A	O15530	PF00069	1
2pe1	A	O15530	PF00069	1
2pe2	A	O15530	PF00069	1
2phk	A	P00518	PF00069	1
2pk9	A	P17157	PF00069	1
2pk9	C	P17157	PF00069	1
2pl0	A	P06239	PF07714	1
2pmi	A	P17157	PF00069	1
2pmi	C	P17157	PF00069	1
2pmn	X	Q7YTF7	PF00069	1
2pmo	X	Q7YTF7	PF00069	1
2psq	A	P21802	PF07714	1
2psq	B	P21802	PF07714	1
2ptk	A	P00523	PF07714	1
2puu	A	P47811	PF00069	1
2pvf	A	P21802	PF07714	1
2pvh	A	P28523	PF00069	1
2pvj	A	P28523	PF00069	1
2pvk	A	P28523	PF00069	1
2pvl	A	P28523	PF00069	1
2pvm	A	P28523	PF00069	1
2pvn	A	P28523	PF00069	1
2pvr	A	P68400	PF00069	1
2pvy	A	P21802	PF07714	1
2pvy	B	P21802	PF07714	1
2pvy	C	P21802	PF07714	1
2pvy	D	P21802	PF07714	1
2pwl	A	P21802	PF07714	1
2pwl	B	P21802	PF07714	1
2py3	A	P21802	PF07714	1
2py3	B	P21802	PF07714	1
2pz5	A	P21802	PF07714	1
2pz5	B	P21802	PF07714	1
2pzi	A	P9WI73	PF00069	1
2pzi	B	P9WI73	PF00069	1
2pzp	A	P21802	PF07714	1
2pzp	B	P21802	PF07714	1
2pzr	A	P21802	PF07714	1
2pzr	B	P21802	PF07714	1
2pzy	A	P49137	PF00069	1
2pzy	B	P49137	PF00069	1
2pzy	C	P49137	PF00069	1
2pzy	D	P49137	PF00069	1
2q0b	A	P21802	PF07714	1
2q0b	B	P21802	PF07714	1
2q0n	A	O96013	PF00069	1
2qc6	A	P28523	PF00069	1
2qcs	A	P05132	PF00069	1
2qd9	A	Q16539	PF00069	1
2qg5	A	Q5CYL9	PF00069	1
2qg5	B	Q5CYL9	PF00069	1
2qg5	D	Q5CYL9	PF00069	1
2qhm	A	O14757	PF00069	1
2qhn	A	O14757	PF00069	1
2qi8	A	P00523	PF07714	1
2qi8	B	P00523	PF07714	1
2qkr	A	Q5CRJ8	PF00069	1
2qlq	A	P00523	PF07714	1
2qlq	B	P00523	PF07714	1
2qlu	A	Q13705	PF00069	1
2qnj	A	P27448	PF00069	1
2qnj	B	P27448	PF00069	1
2qo2	A	P29320	PF07714	1
2qo7	A	P29320	PF07714	1
2qo9	A	P29320	PF07714	1
2qob	A	P29320	PF07714	1
2qoc	A	P29320	PF07714	1
2qod	A	P29320	PF07714	1
2qof	A	P29320	PF07714	1
2qoh	A	P00520	PF07714	1
2qoh	B	P00520	PF07714	1
2qoi	A	P29320	PF07714	1
2qok	A	P29320	PF07714	1
2qol	A	P29320	PF07714	1
2qon	A	P29320	PF07714	1
2qoo	A	P29320	PF07714	1
2qoq	A	P29320	PF07714	1
2qq7	A	P00523	PF07714	1
2qq7	B	P00523	PF07714	1
2qr7	A	P18654	PF00069	1
2qr8	A	P18654	PF00069	1
2qu5	A	P35968	PF07714	0.847
2qu6	A	P35968	PF07714	0.847
2qu6	B	P35968	PF07714	0.847
2qur	A	P05132	PF00069	1
2qvs	E	P05132	PF00069	1
2r0i	A	O08679	PF00069	1
2r0i	B	O08679	PF00069	1
2r0u	A	O14757	PF00069	1
2r2p	A	P54756	PF07714	1
2r3f	A	P24941	PF00069	1
2r3g	A	P24941	PF00069	1
2r3h	A	P24941	PF00069	1
2r3i	A	P24941	PF00069	1
2r3j	A	P24941	PF00069	1
2r3k	A	P24941	PF00069	1
2r3l	A	P24941	PF00069	1
2r3m	A	P24941	PF00069	1
2r3n	A	P24941	PF00069	1
2r3o	A	P24941	PF00069	1
2r3p	A	P24941	PF00069	1
2r3q	A	P24941	PF00069	1
2r3r	A	P24941	PF00069	1
2r4b	A	Q15303	PF07714	1
2r4b	B	Q15303	PF07714	1
2r5t	A	O00141	PF00069	1
2r64	A	P24941	PF00069	1
2r7b	A	O15530	PF00069	1
2r7i	A	P19139	PF00069	1
2r7i	B	P19139	PF00069	1
2r7i	C	P19139	PF00069	1
2r7i	D	P19139	PF00069	1
2r9s	A	P53779	PF00069	1
2r9s	B	P53779	PF00069	1
2rei	A	Q15375	PF07714	1
2rf9	A	P00533	PF07714	1
2rf9	B	P00533	PF07714	1
2rfd	A	P00533	PF07714	1
2rfd	B	P00533	PF07714	1
2rfe	A	P00533	PF07714	1
2rfe	B	P00533	PF07714	1
2rfe	C	P00533	PF07714	1
2rfe	D	P00533	PF07714	1
2rfn	A	P08581	PF07714	1
2rfn	B	P08581	PF07714	1
2rfs	A	P08581	PF07714	1
2rg5	A	Q16539	PF00069	1
2rg6	A	Q16539	PF00069	1
2rgp	A	P00533	PF07714	1
2rio	A	P32361	PF00069	0.975
2rio	A	P32361	PF00069	0.789
2rio	B	P32361	PF00069	0.975
2rio	B	P32361	PF00069	0.789
2rku	A	P53350	PF00069	1
2rl5	A	P35968	PF07714	0.847
2rsv	A	Q99986	PF00069	1
2src	A	P12931	PF07714	1
2uue	A	P24941	PF00069	1
2uue	C	P24941	PF00069	1
2uv2	A	Q9H2G2	PF00069	1
2uvx	A	P00517	PF00069	1
2uvy	A	P00517	PF00069	1
2uvz	A	P00517	PF00069	1
2uw0	A	P00517	PF00069	1
2uw3	A	P00517	PF00069	1
2uw4	A	P00517	PF00069	1
2uw5	A	P00517	PF00069	1
2uw6	A	P00517	PF00069	1
2uw7	A	P00517	PF00069	1
2uw8	A	P00517	PF00069	1
2uw9	A	P31751	PF00069	1
2uzb	A	P24941	PF00069	1
2uzb	C	P24941	PF00069	1
2uzd	A	P24941	PF00069	1
2uzd	C	P24941	PF00069	1
2uze	A	P24941	PF00069	1
2uze	C	P24941	PF00069	1
2uzl	A	P24941	PF00069	1
2uzl	C	P24941	PF00069	1
2uzn	A	P24941	PF00069	1
2uzo	A	P24941	PF00069	1
2uzt	A	P00517	PF00069	1
2uzu	E	P00517	PF00069	1
2uzv	A	P00517	PF00069	1
2uzw	E	P00517	PF00069	1
2v0d	A	P24941	PF00069	1
2v22	A	P24941	PF00069	1
2v22	C	P24941	PF00069	1
2v55	A	Q13464	PF00069	1
2v55	C	Q13464	PF00069	1
2v5q	A	P53350	PF00069	1
2v5q	B	P53350	PF00069	1
2v62	A	Q86Y07	PF00069	1
2v62	B	Q86Y07	PF00069	1
2v7a	A	P00519	PF07714	1
2v7a	B	P00519	PF07714	1
2v7o	A	Q13555	PF00069	1
2vag	A	P49759	PF00069	1
2vd5	A	Q09013	PF00069	1
2vd5	B	Q09013	PF00069	1
2vgo	A	Q6DE08	PF00069	1
2vgo	B	Q6DE08	PF00069	1
2vgp	A	Q6DE08	PF00069	1
2vgp	B	Q6DE08	PF00069	1
2vn9	A	Q13557	PF00069	1
2vn9	B	Q13557	PF00069	1
2vnw	A	P00517	PF00069	1
2vny	A	P00517	PF00069	1
2vo0	A	P00517	PF00069	1
2vo3	A	P00517	PF00069	1
2vo6	A	P00517	PF00069	1
2vo7	A	P00517	PF00069	1
2vrx	A	Q6DE08	PF00069	1
2vrx	B	Q6DE08	PF00069	1
2vta	A	P24941	PF00069	1
2vth	A	P24941	PF00069	1
2vti	A	P24941	PF00069	1
2vtj	A	P24941	PF00069	1
2vtl	A	P24941	PF00069	1
2vtm	A	P24941	PF00069	1
2vtn	A	P24941	PF00069	1
2vto	A	P24941	PF00069	1
2vtp	A	P24941	PF00069	1
2vtq	A	P24941	PF00069	1
2vtr	A	P24941	PF00069	1
2vts	A	P24941	PF00069	1
2vtt	A	P24941	PF00069	1
2vu3	A	P24941	PF00069	1
2vv9	A	P24941	PF00069	1
2vwi	A	O95747	PF00069	1
2vwi	B	O95747	PF00069	1
2vwi	C	O95747	PF00069	1
2vwi	D	O95747	PF00069	1
2vwu	A	P54760	PF07714	1
2vwv	A	P54760	PF07714	1
2vww	A	P54760	PF07714	1
2vwx	A	P54760	PF07714	1
2vwy	A	P54760	PF07714	1
2vwz	A	P54760	PF07714	1
2vx0	A	P54760	PF07714	1
2vx1	A	P54760	PF07714	1
2vx3	A	Q13627	PF00069	1
2vx3	B	Q13627	PF00069	1
2vx3	C	Q13627	PF00069	1
2vx3	D	Q13627	PF00069	1
2vz6	A	Q9UQM7	PF00069	1
2vz6	B	Q9UQM7	PF00069	1
2w05	A	P24941	PF00069	1
2w06	A	P24941	PF00069	1
2w0j	A	O96017	PF00069	1
2w17	A	P24941	PF00069	1
2w1c	A	O14965	PF00069	1
2w1d	A	O14965	PF00069	1
2w1e	A	O14965	PF00069	1
2w1f	A	O14965	PF00069	1
2w1g	A	O14965	PF00069	1
2w1h	A	P24941	PF00069	1
2w1i	A	O60674	PF07714	1
2w1i	B	O60674	PF07714	1
2w4j	A	P53355	PF00069	1
2w4k	A	P53355	PF00069	1
2w4o	A	Q16566	PF00069	1
2w5a	A	P51955	PF00069	1
2w5b	A	P51955	PF00069	1
2w5h	A	P51955	PF00069	1
2w7x	A	O96017	PF00069	1
2w96	B	P11802	PF00069	0.99
2w99	B	P11802	PF00069	0.99
2w9f	B	P11802	PF00069	0.99
2w9z	B	P11802	PF00069	0.99
2waj	A	P53779	PF00069	1
2wd1	A	P08581	PF07714	1
2wei	A	A3FQ16	PF00069	1
2wel	A	Q13557	PF00069	1
2wev	A	P24941	PF00069	1
2wev	C	P24941	PF00069	1
2wfy	A	P24941	PF00069	1
2wfy	C	P24941	PF00069	1
2wgj	A	P08581	PF07714	1
2whb	A	P24941	PF00069	1
2whb	C	P24941	PF00069	1
2wih	A	P24941	PF00069	1
2wih	C	P24941	PF00069	1
2wip	A	P24941	PF00069	1
2wip	C	P24941	PF00069	1
2wkm	A	P08581	PF07714	1
2wma	A	P24941	PF00069	1
2wma	C	P24941	PF00069	1
2wmb	A	P24941	PF00069	1
2wmb	C	P24941	PF00069	1
2wmq	A	O14757	PF00069	1
2wmr	A	O14757	PF00069	1
2wms	A	O14757	PF00069	1
2wmt	A	O14757	PF00069	1
2wmu	A	O14757	PF00069	1
2wmv	A	O14757	PF00069	1
2wmw	A	O14757	PF00069	1
2wmx	A	O14757	PF00069	1
2wnt	A	Q15418	PF00069	1
2wnt	B	Q15418	PF00069	1
2wo6	A	Q13627	PF00069	1
2wo6	B	Q13627	PF00069	1
2wot	A	P36897	PF00069	1
2wou	A	P36897	PF00069	1
2wpa	A	P24941	PF00069	1
2wpa	C	P24941	PF00069	1
2wqb	A	Q02763	PF07714	1
2wqe	A	O14965	PF00069	1
2wqm	A	Q8TDX7	PF00069	1
2wqn	A	Q8TDX7	PF00069	1
2wqo	A	P51955	PF00069	1
2wtc	A	O96017	PF00069	1
2wtd	A	O96017	PF00069	1
2wti	A	O96017	PF00069	1
2wtj	A	O96017	PF00069	1
2wtk	B	Q7RTN6	PF00069	1
2wtk	C	Q15831	PF00069	1
2wtk	E	Q7RTN6	PF00069	1
2wtk	F	Q15831	PF00069	1
2wtv	A	O14965	PF00069	1
2wtv	B	O14965	PF00069	1
2wtv	C	O14965	PF00069	1
2wtv	D	O14965	PF00069	1
2wtw	A	O14965	PF00069	1
2wu6	A	P49761	PF00069	1
2wu7	A	P49761	PF00069	1
2wxv	A	P24941	PF00069	1
2wxv	C	P24941	PF00069	1
2wzj	A	O08679	PF00069	1
2wzj	B	O08679	PF00069	1
2wzj	C	O08679	PF00069	1
2wzj	D	O08679	PF00069	1
2wzj	E	O08679	PF00069	1
2wzj	F	O08679	PF00069	1
2x0g	A	P53355	PF00069	1
2x1n	A	P24941	PF00069	1
2x1n	C	P24941	PF00069	1
2x2k	A	P07949	PF07714	1
2x2l	A	P07949	PF07714	1
2x2m	A	P07949	PF07714	1
2x2m	B	P07949	PF07714	1
2x39	A	P31751	PF00069	1
2x4f	A	Q86YV6	PF00069	1
2x4f	B	Q86YV6	PF00069	1
2x4z	A	O96013	PF00069	1
2x6d	A	O14965	PF00069	1
2x6e	A	O14965	PF00069	1
2x7f	A	Q9UKE5	PF00069	1
2x7f	B	Q9UKE5	PF00069	1
2x7f	C	Q9UKE5	PF00069	1
2x7f	D	Q9UKE5	PF00069	1
2x7f	E	Q9UKE5	PF00069	1
2x7g	A	P78362	PF00069	1
2x7o	A	P36897	PF00069	1
2x7o	B	P36897	PF00069	1
2x7o	C	P36897	PF00069	1
2x7o	D	P36897	PF00069	1
2x7o	E	P36897	PF00069	1
2x81	A	O14965	PF00069	1
2x8d	A	O14757	PF00069	1
2x8e	A	O14757	PF00069	1
2x8i	A	O14757	PF00069	1
2x9e	A	P33981	PF00069	1
2x9f	A	P54760	PF07714	1
2xa4	A	O60674	PF07714	1
2xa4	B	O60674	PF07714	1
2xb7	A	Q9UM73	PF07714	1
2xba	A	Q9UM73	PF07714	1
2xbj	A	O96017	PF00069	1
2xch	A	O15530	PF00069	1
2xck	A	O15530	PF00069	1
2xey	A	O14757	PF00069	1
2xez	A	O14757	PF00069	1
2xf0	A	O14757	PF00069	1
2xh5	A	P31751	PF00069	1
2xik	A	O00506	PF00069	1
2xir	A	P35968	PF07714	0.847
2xix	A	P11309	PF00069	1
2xiy	A	P11309	PF00069	1
2xiz	A	P11309	PF00069	1
2xj0	A	P11309	PF00069	1
2xj1	A	P11309	PF00069	1
2xj2	A	P11309	PF00069	1
2xk3	A	P51955	PF00069	1
2xk4	A	P51955	PF00069	1
2xk6	A	P51955	PF00069	1
2xk7	A	P51955	PF00069	1
2xk8	A	P51955	PF00069	1
2xk9	A	O96017	PF00069	1
2xkc	A	P51955	PF00069	1
2xkd	A	P51955	PF00069	1
2xke	A	P51955	PF00069	1
2xkf	A	P51955	PF00069	1
2xm8	A	O96017	PF00069	1
2xm9	A	O96017	PF00069	1
2xmy	A	P24941	PF00069	1
2xnb	A	P24941	PF00069	1
2xne	A	O14965	PF00069	1
2xng	A	O14965	PF00069	1
2xnm	A	P51955	PF00069	1
2xnn	A	P51955	PF00069	1
2xno	A	P51955	PF00069	1
2xnp	A	P51955	PF00069	1
2xp2	A	Q9UM73	PF07714	1
2xru	A	O14965	PF00069	1
2xrw	A	P45983	PF00069	1
2xs0	A	P45983	PF00069	1
2xuu	A	P53355	PF00069	1
2xvd	A	P54760	PF07714	1
2xyn	A	P42684	PF07714	1
2xyn	B	P42684	PF07714	1
2xyn	C	P42684	PF07714	1
2xyu	A	Q03137	PF07714	1
2xzs	A	P53355	PF00069	1
2xzs	B	P53355	PF00069	1
2y0a	A	P53355	PF00069	1
2y4i	B	Q6VAB6	PF07714	1
2y4i	C	P29678	PF00069	1
2y4p	A	P53355	PF00069	1
2y4p	B	P53355	PF00069	1
2y4p	C	P53355	PF00069	1
2y4p	D	P53355	PF00069	1
2y6m	A	Q03137	PF07714	1
2y6o	A	Q03137	PF07714	1
2y7j	A	P15735	PF00069	1
2y7j	B	P15735	PF00069	1
2y7j	C	P15735	PF00069	1
2y7j	D	P15735	PF00069	1
2y8o	A	Q16539	PF00069	1
2y9q	A	P28482	PF00069	1
2ya9	A	Q8VDF3	PF00069	1
2ya9	B	Q8VDF3	PF00069	1
2yaa	A	Q8VDF3	PF00069	1
2yaa	B	Q8VDF3	PF00069	1
2yab	A	Q8VDF3	PF00069	1
2yab	B	Q8VDF3	PF00069	1
2yac	A	P53350	PF00069	1
2yak	A	P53355	PF00069	1
2ycf	A	O96017	PF00069	1
2ycq	A	O96017	PF00069	1
2ycr	A	O96017	PF00069	1
2ycs	A	O96017	PF00069	1
2ydi	A	O14757	PF00069	1
2ydj	A	O14757	PF00069	1
2ydj	B	O14757	PF00069	1
2ydk	A	O14757	PF00069	1
2yer	A	O14757	PF00069	1
2yex	A	O14757	PF00069	1
2yfx	A	Q9UM73	PF07714	1
2yhv	A	Q9UM73	PF07714	1
2yiq	A	O96017	PF00069	1
2yir	A	O96017	PF00069	1
2yis	A	Q16539	PF00069	1
2yit	A	O96017	PF00069	1
2yiw	A	Q16539	PF00069	1
2yix	A	Q16539	PF00069	1
2yiy	A	O43318	PF07714	1
2yjr	A	Q9UM73	PF07714	1
2yjs	A	Q9UM73	PF07714	1
2ym3	A	O14757	PF00069	1
2ym4	A	O14757	PF00069	1
2ym5	A	O14757	PF00069	1
2ym6	A	O14757	PF00069	1
2ym7	A	O14757	PF00069	1
2ym8	A	O14757	PF00069	1
2yn8	A	P54760	PF07714	1
2yn8	B	P54760	PF07714	1
2ywp	A	O14757	PF00069	1
2yza	A	P54646	PF00069	1
2z2w	A	P30291	PF00069	1
2z60	A	P00520	PF07714	1
2z7l	A	P63086	PF00069	1
2z7q	A	Q15418	PF00069	1
2z7r	A	Q15418	PF00069	1
2z7s	A	Q15418	PF00069	1
2z8c	A	P06213	PF07714	1
2zaz	A	Q16539	PF00069	1
2zb0	A	Q16539	PF00069	1
2zb1	A	Q16539	PF00069	1
2zdt	A	P53779	PF00069	1
2zdu	A	P53779	PF00069	1
2zjw	A	P68400	PF00069	1
2zm1	A	P06239	PF07714	1
2zm3	A	P08069	PF07714	1
2zm3	B	P08069	PF07714	1
2zm3	C	P08069	PF07714	1
2zm3	D	P08069	PF07714	1
2zm4	A	P06239	PF07714	1
2zmc	A	P33981	PF00069	1
2zmd	A	P33981	PF00069	1
2zoq	A	P27361	PF00069	1
2zoq	B	P27361	PF00069	1
2zv2	A	Q96RR4	PF00069	1
2zv7	A	P25911	PF07714	1
2zv8	A	P25911	PF07714	1
2zv9	A	P25911	PF07714	1
2zva	A	P25911	PF07714	1
2zyb	A	P06239	PF07714	1
30ff	8	P50613	PF00069	1
30ix	A	P78368	PF00069	1
30ix	B	P78368	PF00069	1
30ix	C	P78368	PF00069	1
30ix	D	P78368	PF00069	1
31ho	A	Q5TCY1	PF00069	1
31hp	A	Q6IQ55	PF00069	1
31ru	A	P11309	PF00069	1
31wa	A	Q92918	PF00069	1
31wb	A	Q92918	PF00069	1
31wc	A	Q92918	PF00069	1
31zn	B	P21127	PF00069	1
32aw	A	A0A096P1Z7	PF00069	1
32aw	C	A0A096P1Z7	PF00069	1
32aw	E	A0A096P1Z7	PF00069	1
35wf	A	O14757	PF00069	1
35wg	A	O14757	PF00069	1
36jc	A	A0A1D8PKB4	PF00069	1
36jd	A	A0A1D8PKB4	PF00069	1
36je	A	A0A1D8PKB4	PF00069	1
36jf	A	A0A1D8PKB4	PF00069	1
36jg	A	A0A1D8PKB4	PF00069	1
3a2c	A	P49137	PF00069	1
3a2c	B	P49137	PF00069	1
3a2c	C	P49137	PF00069	1
3a2c	D	P49137	PF00069	1
3a2c	E	P49137	PF00069	1
3a2c	F	P49137	PF00069	1
3a2c	G	P49137	PF00069	1
3a2c	H	P49137	PF00069	1
3a2c	I	P49137	PF00069	1
3a2c	J	P49137	PF00069	1
3a2c	K	P49137	PF00069	1
3a2c	L	P49137	PF00069	1
3a4o	X	P07948	PF07714	1
3a4p	A	P08581	PF07714	1
3a60	A	P23443	PF00069	1
3a60	B	P23443	PF00069	1
3a61	A	P23443	PF00069	1
3a62	A	P23443	PF00069	1
3a7f	A	Q9Y6E0	PF00069	1
3a7g	A	Q9Y6E0	PF00069	1
3a7g	B	Q9Y6E0	PF00069	1
3a7h	A	Q9Y6E0	PF00069	1
3a7h	B	Q9Y6E0	PF00069	1
3a7i	A	Q9Y6E0	PF00069	1
3a7j	A	Q9Y6E0	PF00069	1
3a8w	A	P41743	PF00069	1
3a8w	B	P41743	PF00069	1
3a8x	A	P41743	PF00069	1
3a8x	B	P41743	PF00069	1
3a99	A	P11309	PF00069	1
3ac1	A	P06239	PF07714	1
3ac2	A	P06239	PF07714	1
3ac3	A	P06239	PF07714	1
3ac4	A	P06239	PF07714	1
3ac5	A	P06239	PF07714	1
3ac8	A	P06239	PF07714	1
3acj	A	P06239	PF07714	1
3ack	A	P06239	PF07714	1
3ad4	A	P06239	PF07714	1
3ad5	A	P06239	PF07714	1
3ad6	A	P06239	PF07714	1
3ag9	A	P00517	PF00069	1
3ag9	B	P00517	PF00069	1
3agl	A	P17612	PF00069	1
3agl	B	P17612	PF00069	1
3agm	A	P17612	PF00069	1
3aln	A	P45985	PF00069	1
3aln	B	P45985	PF00069	1
3aln	C	P45985	PF00069	1
3alo	A	P45985	PF00069	1
3ama	A	P17612	PF00069	1
3amb	A	P17612	PF00069	1
3amy	A	P68400	PF00069	1
3anq	A	Q13627	PF00069	1
3anq	B	Q13627	PF00069	1
3anq	C	Q13627	PF00069	1
3anq	D	Q13627	PF00069	1
3anr	A	Q13627	PF00069	1
3anr	B	Q13627	PF00069	1
3anr	C	Q13627	PF00069	1
3anr	D	Q13627	PF00069	1
3aox	A	Q9UM73	PF07714	1
3aqv	A	P54646	PF00069	1
3at2	A	P68400	PF00069	1
3at3	A	P68400	PF00069	1
3at4	A	P68400	PF00069	1
3axw	A	P68400	PF00069	1
3b2t	A	P21802	PF07714	1
3b2t	B	P21802	PF07714	1
3b2w	A	P06239	PF07714	1
3b8q	A	P35968	PF07714	0.847
3b8q	B	P35968	PF07714	0.847
3b8r	A	P35968	PF07714	0.847
3b8r	B	P35968	PF07714	0.847
3bbt	B	Q15303	PF07714	1
3bbt	D	Q15303	PF07714	1
3bbw	A	Q15303	PF07714	1
3bbw	B	Q15303	PF07714	1
3bce	A	Q15303	PF07714	1
3bce	B	Q15303	PF07714	1
3bce	C	Q15303	PF07714	1
3be2	A	P35968	PF07714	0.847
3be9	A	P28523	PF00069	1
3bea	A	Q02763	PF07714	0.775
3bea	A	P07333	PF07714	0.775
3beg	A	Q96SB4	PF00069	1
3bel	A	P00533	PF07714	1
3bgp	A	P11309	PF00069	1
3bgq	A	P11309	PF00069	1
3bgz	A	P11309	PF00069	1
3bhh	A	Q13554	PF00069	1
3bhh	B	Q13554	PF00069	1
3bhh	C	Q13554	PF00069	1
3bhh	D	Q13554	PF00069	1
3bht	A	P24941	PF00069	1
3bht	C	P24941	PF00069	1
3bhu	A	P24941	PF00069	1
3bhu	C	P24941	PF00069	1
3bhv	A	P24941	PF00069	1
3bhv	C	P24941	PF00069	1
3bhy	A	O43293	PF00069	1
3bi6	A	P30291	PF00069	1
3biz	A	P30291	PF00069	1
3bkb	A	P07332	PF07714	1
3blh	A	P50750	PF00069	1
3blq	A	P50750	PF00069	1
3blr	A	P50750	PF00069	1
3bpr	A	Q12866	PF07714	1
3bpr	B	Q12866	PF07714	1
3bpr	C	Q12866	PF07714	1
3bpr	D	Q12866	PF07714	1
3bqc	A	P68400	PF00069	1
3bqr	A	O43293	PF00069	1
3brb	A	Q12866	PF07714	1
3brb	B	Q12866	PF07714	1
3bu3	A	P06213	PF07714	1
3bu5	A	P06213	PF07714	1
3bu6	A	P06213	PF07714	1
3bv2	A	Q16539	PF00069	1
3bv3	A	Q16539	PF00069	1
3bwf	A	P11309	PF00069	1
3bwj	A	P00517	PF00069	1
3bx5	A	Q16539	PF00069	1
3bym	A	P06239	PF07714	1
3byo	A	P06239	PF07714	1
3bys	A	P06239	PF07714	1
3byu	A	P06239	PF07714	1
3bz3	A	Q05397	PF07714	1
3c0g	A	O14936	PF00069	1
3c0g	B	O14936	PF00069	1
3c0h	A	O14936	PF00069	1
3c0h	B	O14936	PF00069	1
3c0i	A	O14936	PF00069	1
3c13	A	P68400	PF00069	1
3c1x	A	P08581	PF07714	1
3c4c	A	P15056	PF07714	1
3c4c	B	P15056	PF07714	1
3c4e	A	P11309	PF00069	1
3c4e	B	P11309	PF00069	1
3c4e	C	P11309	PF00069	1
3c4e	D	P11309	PF00069	1
3c4f	A	P11362	PF07714	1
3c4f	B	P11362	PF07714	1
3c4w	A	P28327	PF00069	1
3c4w	B	P28327	PF00069	1
3c4x	A	P28327	PF00069	1
3c4x	B	P28327	PF00069	1
3c4y	A	P28327	PF00069	1
3c4y	B	P28327	PF00069	1
3c4z	A	P28327	PF00069	1
3c50	A	P28327	PF00069	1
3c50	B	P28327	PF00069	1
3c51	A	P28327	PF00069	1
3c51	B	P28327	PF00069	1
3c5u	A	Q16539	PF00069	1
3c7q	A	P35968	PF07714	0.841
3c9w	A	P63086	PF00069	1
3c9w	B	P63086	PF00069	1
3cbl	A	P07332	PF07714	1
3cc6	A	Q14289	PF07714	1
3ccn	A	P08581	PF07714	1
3cd3	A	P07332	PF07714	1
3cd8	A	P08581	PF07714	1
3ce3	A	P08581	PF07714	1
3cek	A	P33981	PF00069	1
3cgf	A	P53779	PF00069	1
3cgo	A	P53779	PF00069	1
3cik	A	P25098	PF00069	1
3cjf	A	P35968	PF07714	0.835
3cjg	A	P35968	PF07714	0.835
3ckw	A	Q9Y6E0	PF00069	1
3ckx	A	Q9Y6E0	PF00069	1
3cly	A	P21802	PF07714	1
3coh	A	O14965	PF00069	1
3coh	B	O14965	PF00069	1
3coi	A	O15264	PF00069	1
3cok	A	O00444	PF00069	1
3cok	B	O00444	PF00069	1
3com	A	Q13043	PF00069	1
3com	B	Q13043	PF00069	1
3cp9	A	P35968	PF07714	0.847
3cp9	B	P35968	PF07714	0.847
3cpb	A	P35968	PF07714	0.847
3cpb	B	P35968	PF07714	0.847
3cpc	A	P35968	PF07714	0.847
3cpc	B	P35968	PF07714	0.847
3cqe	A	P30291	PF00069	1
3cqu	A	P31749	PF00069	1
3cqw	A	P31749	PF00069	1
3cr0	A	P30291	PF00069	1
3cs9	A	P00519	PF07714	1
3cs9	B	P00519	PF07714	1
3cs9	C	P00519	PF07714	1
3cs9	D	P00519	PF07714	1
3cth	A	P08581	PF07714	1
3ctj	A	P08581	PF07714	1
3ctq	A	Q16539	PF00069	1
3cxw	A	P11309	PF00069	1
3cy2	A	P11309	PF00069	1
3cy3	A	P11309	PF00069	1
3d0e	A	P31751	PF00069	1
3d0e	B	P31751	PF00069	1
3d14	A	P97477	PF00069	1
3d15	A	P97477	PF00069	1
3d2i	A	P97477	PF00069	1
3d2k	A	P97477	PF00069	1
3d4q	A	P15056	PF07714	1
3d4q	B	P15056	PF07714	1
3d5w	A	Q4KMI8	PF00069	1
3d5x	A	Q4KMI8	PF00069	1
3d7t	A	P41240	PF07714	1
3d7t	B	P00523	PF07714	1
3d7u	A	P41240	PF07714	1
3d7u	B	P00523	PF07714	1
3d7u	C	P41240	PF07714	1
3d7u	D	P00523	PF07714	1
3d7z	A	Q16539	PF00069	1
3d83	A	Q16539	PF00069	1
3d94	A	P08069	PF07714	1
3d9v	A	Q13464	PF00069	1
3d9v	B	Q13464	PF00069	1
3da6	A	P53779	PF00069	1
3dae	A	P06782	PF00069	1
3dae	B	P06782	PF00069	1
3daj	A	P97477	PF00069	1
3dak	A	O95747	PF00069	1
3dak	B	O95747	PF00069	1
3dak	C	O95747	PF00069	1
3dak	D	O95747	PF00069	1
3db6	A	Q4KMI8	PF00069	1
3db8	A	Q4KMI8	PF00069	1
3dbc	A	Q4KMI8	PF00069	1
3dbd	A	Q4KMI8	PF00069	1
3dbe	A	Q4KMI8	PF00069	1
3dbf	A	Q4KMI8	PF00069	1
3dbq	A	P33981	PF00069	1
3dcv	A	P11309	PF00069	1
3ddp	A	P24941	PF00069	1
3ddp	C	P24941	PF00069	1
3ddq	A	P24941	PF00069	1
3ddq	C	P24941	PF00069	1
3dfa	A	A3FQ16	PF00069	1
3dfc	B	P53355	PF00069	1
3dgk	A	P53355	PF00069	1
3dj5	A	P97477	PF00069	1
3dj6	A	P97477	PF00069	1
3dj7	A	P97477	PF00069	1
3dk3	A	P00520	PF07714	1
3dk3	B	P00520	PF07714	1
3dk6	A	P00520	PF07714	1
3dk6	B	P00520	PF07714	1
3dk7	A	P00520	PF07714	1
3dk7	B	P00520	PF07714	1
3dkc	A	P08581	PF07714	1
3dkf	A	P08581	PF07714	1
3dkg	A	P08581	PF07714	1
3dko	A	Q15375	PF07714	1
3dls	A	Q96RG2	PF00069	1
3dls	B	Q96RG2	PF00069	1
3dls	C	Q96RG2	PF00069	1
3dls	D	Q96RG2	PF00069	1
3dls	E	Q96RG2	PF00069	1
3dls	F	Q96RG2	PF00069	1
3dnd	A	P00517	PF00069	1
3dne	A	P00517	PF00069	1
3dog	A	P24941	PF00069	1
3dog	C	P24941	PF00069	1
3dpk	A	P07333	PF07714	0.778
3dpk	A	P11362	PF07714	0.778
3dqw	A	P00523	PF07714	1
3dqw	B	P00523	PF07714	1
3dqw	C	P00523	PF07714	1
3dqw	D	P00523	PF07714	1
3dqx	A	P00523	PF07714	1
3dqx	B	P00523	PF07714	1
3ds6	A	Q16539	PF00069	1
3ds6	B	Q16539	PF00069	1
3ds6	C	Q16539	PF00069	1
3ds6	D	Q16539	PF00069	1
3dt1	A	Q16539	PF00069	1
3dtc	A	P80192	PF00069	1
3dtw	A	P35968	PF07714	0.847
3dtw	B	P35968	PF07714	0.847
3du8	A	P49841	PF00069	1
3du8	B	P49841	PF00069	1
3dv3	A	Q02750	PF00069	1
3dxn	A	Q3HNM6	PF00069	1
3dy7	A	Q02750	PF00069	1
3dzq	A	P29320	PF07714	1
3e3b	X	P19784	PF00069	1
3e3p	A	Q4QE15	PF00069	1
3e3p	B	Q4QE15	PF00069	1
3e5a	A	O14965	PF00069	1
3e62	A	O60674	PF07714	1
3e63	A	O60674	PF07714	1
3e64	A	O60674	PF07714	1
3e7o	A	P45984	PF00069	1
3e7o	B	P45984	PF00069	1
3e87	A	P31751	PF00069	1
3e87	B	P31751	PF00069	1
3e88	A	P31751	PF00069	1
3e88	B	P31751	PF00069	1
3e8c	A	P00517	PF00069	1
3e8c	B	P00517	PF00069	1
3e8c	C	P00517	PF00069	1
3e8c	D	P00517	PF00069	1
3e8c	E	P00517	PF00069	1
3e8c	F	P00517	PF00069	1
3e8d	A	P31751	PF00069	1
3e8d	B	P31751	PF00069	1
3e8e	A	P00517	PF00069	1
3e8e	B	P00517	PF00069	1
3e8e	E	P00517	PF00069	1
3e8e	I	P00517	PF00069	1
3e8e	L	P00517	PF00069	1
3e8e	P	P00517	PF00069	1
3e8n	A	Q02750	PF00069	1
3e92	A	Q16539	PF00069	1
3e93	A	Q16539	PF00069	1
3eb0	A	A3FQN0	PF00069	1
3eb0	C	A3FQN0	PF00069	1
3efj	A	P08581	PF07714	1
3efj	B	P08581	PF07714	1
3efk	A	P08581	PF07714	1
3efk	B	P08581	PF07714	1
3efl	A	P35968	PF07714	0.847
3efl	B	P35968	PF07714	0.847
3efw	A	O14965	PF00069	1
3efw	B	O14965	PF00069	1
3eh9	A	P53355	PF00069	1
3eha	A	P53355	PF00069	1
3eid	A	P24941	PF00069	1
3eid	C	P24941	PF00069	1
3ej1	A	P24941	PF00069	1
3ej1	C	P24941	PF00069	1
3ekk	A	P06213	PF07714	1
3ekn	A	P06213	PF07714	1
3el7	A	P00523	PF07714	1
3el8	A	P00523	PF07714	1
3el8	B	P00523	PF07714	1
3elj	A	P45983	PF00069	1
3emg	A	P43405	PF07714	1
3en4	A	P00523	PF07714	1
3en4	B	P00523	PF07714	1
3en5	A	P00523	PF07714	1
3en5	B	P00523	PF07714	1
3en6	A	P00523	PF07714	1
3en6	B	P00523	PF07714	1
3en7	A	P00523	PF07714	1
3en7	B	P00523	PF07714	1
3enm	A	P52564	PF00069	1
3enm	B	P52564	PF00069	1
3enm	C	P52564	PF00069	1
3enm	D	P52564	PF00069	1
3eoc	A	P24941	PF00069	1
3eoc	C	P24941	PF00069	1
3eqb	A	Q02750	PF00069	1
3eqc	A	Q02750	PF00069	1
3eqd	A	Q02750	PF00069	1
3eqf	A	Q02750	PF00069	1
3eqg	A	Q02750	PF00069	1
3eqh	A	Q02750	PF00069	1
3eqi	A	Q02750	PF00069	1
3eqp	A	Q07912	PF07714	1
3eqp	B	Q07912	PF07714	1
3eqr	A	Q07912	PF07714	1
3eqr	B	Q07912	PF07714	1
3erk	A	P63086	PF00069	1
3et7	A	Q14289	PF07714	1
3eta	A	P06213	PF07714	1
3eta	B	P06213	PF07714	1
3ewh	A	P35968	PF07714	0.847
3eyg	A	P23458	PF07714	1
3eyh	A	P23458	PF07714	1
3ezr	A	P24941	PF00069	1
3ezv	A	P24941	PF00069	1
3f2a	A	P11309	PF00069	1
3f3t	A	P00523	PF07714	1
3f3t	B	P00523	PF07714	1
3f3u	A	P00523	PF07714	1
3f3u	B	P00523	PF07714	1
3f3v	A	P00523	PF07714	1
3f3v	B	P00523	PF07714	1
3f3w	A	P00523	PF07714	1
3f3w	B	P00523	PF07714	1
3f3z	A	Q5CYL9	PF00069	1
3f5g	A	P53355	PF00069	1
3f5p	A	P08069	PF07714	1
3f5p	B	P08069	PF07714	1
3f5p	C	P08069	PF07714	1
3f5p	D	P08069	PF07714	1
3f5p	E	P08069	PF07714	1
3f5p	F	P08069	PF07714	1
3f5p	G	P08069	PF07714	1
3f5p	H	P08069	PF07714	1
3f5p	I	P08069	PF07714	1
3f5p	J	P08069	PF07714	1
3f5p	K	P08069	PF07714	1
3f5p	L	P08069	PF07714	1
3f5p	M	P08069	PF07714	1
3f5p	R	P08069	PF07714	1
3f5p	S	P08069	PF07714	1
3f5p	T	P08069	PF07714	1
3f5u	A	P53355	PF00069	1
3f5x	A	P24941	PF00069	1
3f5x	C	P24941	PF00069	1
3f61	A	P9WI81	PF00069	1
3f66	A	P08581	PF07714	1
3f66	B	P08581	PF07714	1
3f69	A	P9WI81	PF00069	1
3f69	B	P9WI81	PF00069	1
3f6x	A	P00523	PF07714	1
3f6x	B	P00523	PF07714	1
3f6x	C	P00523	PF07714	1
3f6x	D	P00523	PF07714	1
3f7z	A	P49841	PF00069	1
3f7z	B	P49841	PF00069	1
3f82	A	P08581	PF07714	1
3f88	A	P49841	PF00069	1
3f88	B	P49841	PF00069	1
3f9n	A	O14757	PF00069	1
3faa	A	P36897	PF00069	1
3faa	B	P36897	PF00069	1
3faa	C	P36897	PF00069	1
3faa	D	P36897	PF00069	1
3faa	E	P36897	PF00069	1
3fbv	A	P32361	PF00069	0.955
3fbv	A	P32361	PF00069	0.772
3fbv	B	P32361	PF00069	0.772
3fbv	B	P32361	PF00069	0.955
3fbv	C	P32361	PF00069	0.955
3fbv	C	P32361	PF00069	0.772
3fbv	D	P32361	PF00069	0.955
3fbv	D	P32361	PF00069	0.772
3fbv	E	P32361	PF00069	0.772
3fbv	E	P32361	PF00069	0.955
3fbv	F	P32361	PF00069	0.772
3fbv	F	P32361	PF00069	0.955
3fbv	G	P32361	PF00069	0.772
3fbv	G	P32361	PF00069	0.955
3fbv	H	P32361	PF00069	0.955
3fbv	H	P32361	PF00069	0.772
3fbv	I	P32361	PF00069	0.772
3fbv	I	P32361	PF00069	0.955
3fbv	J	P32361	PF00069	0.772
3fbv	J	P32361	PF00069	0.955
3fbv	K	P32361	PF00069	0.955
3fbv	K	P32361	PF00069	0.772
3fbv	L	P32361	PF00069	0.772
3fbv	L	P32361	PF00069	0.955
3fbv	M	P32361	PF00069	0.955
3fbv	M	P32361	PF00069	0.772
3fbv	N	P32361	PF00069	0.772
3fbv	N	P32361	PF00069	0.955
3fc1	X	Q16539	PF00069	1
3fc2	A	P53350	PF00069	1
3fdn	A	O14965	PF00069	1
3fe3	A	P27448	PF00069	1
3fe3	B	P27448	PF00069	1
3fhi	A	P05132	PF00069	1
3fhr	A	Q16644	PF00069	1
3fi2	A	P53779	PF00069	1
3fi3	A	P53779	PF00069	1
3fi4	A	Q16539	PF00069	1
3fjq	E	P05132	PF00069	1
3fkl	A	Q16539	PF00069	1
3fkn	A	Q16539	PF00069	1
3fko	A	Q16539	PF00069	1
3fl4	A	Q16539	PF00069	1
3fl5	A	P28523	PF00069	1
3fln	C	Q16539	PF00069	1
3flq	A	Q16539	PF00069	1
3fls	A	Q16539	PF00069	1
3flw	A	Q16539	PF00069	1
3fly	A	Q16539	PF00069	1
3flz	A	Q16539	PF00069	1
3fme	A	P52564	PF00069	1
3fmh	A	Q16539	PF00069	1
3fmj	A	Q16539	PF00069	1
3fmk	A	Q16539	PF00069	1
3fml	A	Q16539	PF00069	1
3fmm	A	Q16539	PF00069	1
3fmn	A	Q16539	PF00069	1
3fpm	A	P49137	PF00069	1
3fqe	A	P43405	PF07714	1
3fqh	A	P43405	PF07714	1
3fqh	B	P43405	PF07714	1
3fqs	A	P43405	PF07714	1
3fsf	A	Q16539	PF00069	1
3fsk	A	Q16539	PF00069	1
3fup	A	O60674	PF07714	1
3fup	B	O60674	PF07714	1
3fv8	A	P53779	PF00069	1
3fwq	A	P68400	PF00069	1
3fwq	B	P68400	PF00069	1
3fxw	A	Q16644	PF00069	1
3fxx	A	P29320	PF07714	1
3fxz	A	Q13153	PF00069	1
3fy0	A	Q13153	PF00069	1
3fy2	A	P29320	PF07714	1
3fyj	X	P49137	PF00069	1
3fyk	X	P49137	PF00069	1
3fz1	A	P24941	PF00069	1
3fzo	A	Q14289	PF07714	1
3fzp	A	Q14289	PF07714	1
3fzr	A	Q14289	PF07714	1
3fzs	A	Q14289	PF07714	1
3fzt	A	Q14289	PF07714	1
3g0e	A	P10721	PF07714	0.827
3g0f	A	P10721	PF07714	0.827
3g0f	B	P10721	PF07714	0.827
3g2f	A	Q13873	PF00069	1
3g2f	B	Q13873	PF00069	1
3g33	A	P11802	PF00069	1
3g33	C	P11802	PF00069	1
3g51	A	P18654	PF00069	1
3g5d	A	P00523	PF07714	1
3g5d	B	P00523	PF07714	1
3g6g	A	P00523	PF07714	1
3g6g	B	P00523	PF07714	1
3g6h	A	P00523	PF07714	1
3g6h	B	P00523	PF07714	1
3g90	X	P53779	PF00069	1
3g9l	X	P53779	PF00069	1
3g9n	A	P53779	PF00069	1
3gb2	A	P49841	PF00069	1
3gbz	A	A8BZ95	PF00069	1
3gc0	A	A8BZ95	PF00069	1
3gc7	A	Q16539	PF00069	1
3gc8	A	Q15759	PF00069	1
3gc8	B	Q15759	PF00069	1
3gc9	A	Q15759	PF00069	1
3gc9	B	Q15759	PF00069	1
3gcp	A	Q16539	PF00069	1
3gcq	A	Q16539	PF00069	1
3gcs	A	Q16539	PF00069	1
3gcu	A	Q16539	PF00069	1
3gcu	B	Q16539	PF00069	1
3gcv	A	Q16539	PF00069	1
3gen	A	Q06187	PF07714	1
3geq	A	P00523	PF07714	1
3geq	B	P00523	PF07714	1
3gfe	A	Q16539	PF00069	1
3gfw	A	P33981	PF00069	1
3ggf	A	Q9P289	PF00069	1
3ggf	B	Q9P289	PF00069	1
3gi3	A	Q16539	PF00069	1
3gni	B	Q7RTN6	PF00069	1
3gok	A	P49137	PF00069	1
3gok	B	P49137	PF00069	1
3gok	C	P49137	PF00069	1
3gok	D	P49137	PF00069	1
3gok	E	P49137	PF00069	1
3gok	F	P49137	PF00069	1
3gok	G	P49137	PF00069	1
3gok	H	P49137	PF00069	1
3gok	I	P49137	PF00069	1
3gok	J	P49137	PF00069	1
3gok	K	P49137	PF00069	1
3gok	L	P49137	PF00069	1
3gop	A	P00533	PF07714	1
3gp0	A	Q15759	PF00069	1
3gqi	A	P11362	PF07714	1
3gql	A	P11362	PF07714	1
3gql	B	P11362	PF07714	1
3gql	C	P11362	PF07714	1
3gt8	A	P00533	PF07714	1
3gt8	B	P00533	PF07714	1
3gt8	C	P00533	PF07714	1
3gt8	D	P00533	PF07714	1
3gu4	A	P53355	PF00069	1
3gu5	A	P53355	PF00069	1
3gu6	A	P53355	PF00069	1
3gu7	A	P53355	PF00069	1
3gu8	A	P53355	PF00069	1
3gub	A	P53355	PF00069	1
3gvu	A	P42684	PF07714	1
3gxl	A	P36897	PF00069	1
3h0y	A	O14965	PF00069	1
3h0z	A	O14965	PF00069	1
3h0z	B	O14965	PF00069	1
3h0z	C	O14965	PF00069	1
3h10	A	O14965	PF00069	1
3h10	B	O14965	PF00069	1
3h10	D	O14965	PF00069	1
3h30	A	P68400	PF00069	1
3h30	B	P68400	PF00069	1
3h3c	A	Q14289	PF07714	1
3h4j	A	O74536	PF00069	1
3h4j	B	O74536	PF00069	1
3h9f	A	P33981	PF00069	1
3h9o	A	O15530	PF00069	1
3h9r	A	Q04771	PF07714	1
3ha6	A	O14965	PF00069	1
3ha8	A	Q16539	PF00069	1
3hdm	A	O00141	PF00069	1
3hdn	A	O00141	PF00069	1
3hec	A	Q16539	PF00069	1
3heg	A	Q16539	PF00069	1
3hko	A	Q5CZ29	PF00069	1
3hl7	A	Q16539	PF00069	1
3hll	A	Q16539	PF00069	1
3hmi	A	P42684	PF07714	1
3hmm	A	P36897	PF00069	1
3hmn	A	P33981	PF00069	1
3hmo	A	P33981	PF00069	1
3hmp	A	P33981	PF00069	1
3hng	A	P17948	PF07714	1
3hp2	A	Q16539	PF00069	1
3hp5	A	Q16539	PF00069	1
3hrb	A	Q16539	PF00069	1
3hrc	A	O15530	PF00069	1
3hrf	A	O15530	PF00069	1
3hub	A	Q16539	PF00069	1
3huc	A	Q16539	PF00069	1
3hv3	A	Q16539	PF00069	1
3hv4	A	Q16539	PF00069	1
3hv4	B	Q16539	PF00069	1
3hv5	A	Q16539	PF00069	1
3hv5	B	Q16539	PF00069	1
3hv6	A	Q16539	PF00069	1
3hv7	A	Q16539	PF00069	1
3hvc	A	Q16539	PF00069	1
3hyh	A	P06782	PF00069	1
3hyh	B	P06782	PF00069	1
3hzt	A	Q3HNM6	PF00069	1
3i4b	A	P49841	PF00069	1
3i4b	B	P49841	PF00069	1
3i5n	A	P08581	PF07714	1
3i5z	A	P28482	PF00069	1
3i60	A	P28482	PF00069	1
3i6u	A	O96017	PF00069	1
3i6u	B	O96017	PF00069	1
3i6w	A	O96017	PF00069	1
3i6w	B	O96017	PF00069	1
3i6w	C	O96017	PF00069	1
3i6w	D	O96017	PF00069	1
3i6w	E	O96017	PF00069	1
3i6w	F	O96017	PF00069	1
3i6w	G	O96017	PF00069	1
3i6w	H	O96017	PF00069	1
3i81	A	P08069	PF07714	1
3idb	A	P05132	PF00069	1
3idc	A	P05132	PF00069	1
3idp	A	P15056	PF07714	1
3idp	B	P15056	PF07714	1
3iec	A	Q7KZI7	PF00069	1
3iec	B	Q7KZI7	PF00069	1
3iec	C	Q7KZI7	PF00069	1
3iec	D	Q7KZI7	PF00069	1
3ig7	A	P24941	PF00069	1
3igg	A	P24941	PF00069	1
3igo	A	A3FQ16	PF00069	1
3ii5	A	P15056	PF07714	1
3ii5	B	P15056	PF07714	1
3ik3	A	P00520	PF07714	1
3ik3	B	P00520	PF07714	1
3ika	A	P00533	PF07714	1
3ika	B	P00533	PF07714	1
3io7	A	O60674	PF07714	1
3iok	A	O60674	PF07714	1
3ion	A	O15530	PF00069	1
3iop	A	O15530	PF00069	1
3iph	A	Q16539	PF00069	1
3is5	A	S8EQY1	PF00069	1
3is5	B	S8EQY1	PF00069	1
3is5	C	S8EQY1	PF00069	1
3is5	D	S8EQY1	PF00069	1
3is5	E	S8EQY1	PF00069	1
3is5	F	S8EQY1	PF00069	1
3itz	A	Q16539	PF00069	1
3iw4	A	P17252	PF00069	1
3iw4	B	P17252	PF00069	1
3iw4	C	P17252	PF00069	1
3iw5	A	Q16539	PF00069	1
3iw6	A	Q16539	PF00069	1
3iw7	A	Q16539	PF00069	1
3iw8	A	Q16539	PF00069	1
3j4q	D	P05132	PF00069	1
3j4q	E	P05132	PF00069	1
3j4r	D	P05132	PF00069	1
3j4r	E	P05132	PF00069	1
3jpv	A	P11309	PF00069	1
3js2	A	P11362	PF07714	1
3js2	B	P11362	PF07714	1
3juh	A	P68400	PF00069	1
3juh	B	P68400	PF00069	1
3jvr	A	O14757	PF00069	1
3jvs	A	O14757	PF00069	1
3jxw	A	P11309	PF00069	1
3jy0	A	P11309	PF00069	1
3jy9	A	O60674	PF07714	1
3jya	A	P11309	PF00069	1
3k2l	A	Q92630	PF00069	1
3k3i	A	Q16539	PF00069	1
3k3j	A	Q16539	PF00069	1
3k54	A	Q06187	PF07714	1
3k5u	A	O14965	PF00069	1
3k5v	A	P00520	PF07714	1
3k5v	B	P00520	PF07714	1
3ka0	A	P49137	PF00069	1
3kb7	A	P53350	PF00069	1
3kc3	A	P49137	PF00069	1
3kc3	B	P49137	PF00069	1
3kc3	C	P49137	PF00069	1
3kc3	D	P49137	PF00069	1
3kc3	E	P49137	PF00069	1
3kc3	F	P49137	PF00069	1
3kc3	G	P49137	PF00069	1
3kc3	H	P49137	PF00069	1
3kc3	I	P49137	PF00069	1
3kc3	J	P49137	PF00069	1
3kc3	K	P49137	PF00069	1
3kc3	L	P49137	PF00069	1
3kcf	A	P36897	PF00069	1
3kcf	B	P36897	PF00069	1
3kcf	C	P36897	PF00069	1
3kcf	D	P36897	PF00069	1
3kcf	E	P36897	PF00069	1
3kck	A	O60674	PF07714	1
3kex	A	P21860	PF07714	1
3kex	B	P21860	PF07714	1
3kf4	A	P00520	PF07714	1
3kf4	B	P00520	PF07714	1
3kf7	A	Q16539	PF00069	1
3kfa	A	P00520	PF07714	1
3kfa	B	P00520	PF07714	1
3kga	A	P49137	PF00069	0.92
3kk8	A	O62305	PF00069	1
3kk9	A	O62305	PF00069	1
3kkv	A	P00517	PF00069	1
3kl8	A	O62305	PF00069	1
3kl8	C	O62305	PF00069	1
3kl8	E	O62305	PF00069	1
3kl8	G	O62305	PF00069	1
3kl8	I	O62305	PF00069	1
3kmm	A	P06239	PF07714	1
3kmu	A	Q13418	PF07714	1
3kmw	A	Q13418	PF07714	1
3kn5	A	O75582	PF00069	1
3kn5	B	O75582	PF00069	1
3kn6	A	O75582	PF00069	1
3kn6	B	O75582	PF00069	1
3kq7	A	Q16539	PF00069	1
3krj	A	P07333	PF07714	0.778
3krj	A	P11362	PF07714	0.778
3krl	A	P07333	PF07714	0.778
3krl	A	P11362	PF07714	0.778
3krr	A	O60674	PF07714	1
3krw	A	P25098	PF00069	1
3krx	A	P25098	PF00069	1
3kul	A	P29322	PF07714	1
3kul	B	P29322	PF07714	1
3kvw	A	Q92630	PF00069	1
3kvx	A	P53779	PF00069	1
3kxg	A	P28523	PF00069	1
3kxh	A	P28523	PF00069	1
3kxm	A	P28523	PF00069	1
3kxn	A	P28523	PF00069	1
3kxx	A	P11362	PF07714	1
3kxx	B	P11362	PF07714	1
3kxx	C	P11362	PF07714	1
3kxx	D	P11362	PF07714	1
3kxz	A	P06239	PF07714	1
3ky2	A	P11362	PF07714	1
3ky2	B	P11362	PF07714	1
3l1s	A	P49841	PF00069	1
3l1s	B	P49841	PF00069	1
3l8p	A	Q02763	PF07714	1
3l8s	A	Q16539	PF00069	1
3l8v	A	P08581	PF07714	1
3l8x	A	Q16539	PF00069	1
3l9l	A	P17612	PF00069	1
3l9l	B	P17612	PF00069	1
3l9m	A	P17612	PF00069	1
3l9m	B	P17612	PF00069	1
3l9n	A	P17612	PF00069	1
3l9p	A	Q9UM73	PF07714	1
3lau	A	O14965	PF00069	1
3lcd	A	P07333	PF07714	0.821
3lck	A	P06239	PF07714	1
3lco	A	P07333	PF07714	0.86
3lcs	A	Q9UM73	PF07714	1
3lct	A	Q9UM73	PF07714	1
3le6	A	P24941	PF00069	1
3lfa	A	Q16539	PF00069	1
3lfb	A	Q16539	PF00069	1
3lfc	A	Q16539	PF00069	1
3lfd	A	Q16539	PF00069	1
3lfe	A	Q16539	PF00069	1
3lff	A	Q16539	PF00069	1
3lfn	A	P24941	PF00069	1
3lfq	A	P24941	PF00069	1
3lfs	A	P24941	PF00069	1
3lhj	A	Q16539	PF00069	1
3lij	A	Q5CS01	PF00069	1
3lj0	A	P32361	PF00069	0.789
3lj0	A	P32361	PF00069	0.975
3lj0	B	P32361	PF00069	0.789
3lj0	B	P32361	PF00069	0.975
3lj1	A	P32361	PF00069	0.789
3lj1	A	P32361	PF00069	0.975
3lj1	B	P32361	PF00069	0.789
3lj1	B	P32361	PF00069	0.975
3lj2	A	P32361	PF00069	0.789
3lj2	A	P32361	PF00069	0.975
3lj2	B	P32361	PF00069	0.789
3lj2	B	P32361	PF00069	0.975
3llt	A	Q8IL19	PF00069	1
3lm0	A	O94768	PF00069	1
3lm5	A	O94768	PF00069	1
3lmg	A	P21860	PF07714	1
3lmg	B	P21860	PF07714	1
3lok	A	P00523	PF07714	1
3lok	B	P00523	PF07714	1
3lpb	A	O60674	PF07714	1
3lpb	B	O60674	PF07714	1
3lq5	A	P50750	PF00069	1
3lq8	A	P08581	PF07714	1
3lvp	A	P08069	PF07714	1
3lvp	B	P08069	PF07714	1
3lvp	C	P08069	PF07714	1
3lvp	D	P08069	PF07714	1
3lw0	A	P08069	PF07714	1
3lw0	B	P08069	PF07714	1
3lw0	C	P08069	PF07714	1
3lw0	D	P08069	PF07714	1
3lxk	A	P52333	PF07714	1
3lxl	A	P52333	PF07714	1
3lxn	A	P29597	PF07714	1
3lxp	A	P29597	PF07714	1
3lzb	A	P00533	PF07714	1
3lzb	B	P00533	PF07714	1
3lzb	C	P00533	PF07714	1
3lzb	D	P00533	PF07714	1
3lzb	E	P00533	PF07714	1
3lzb	F	P00533	PF07714	1
3lzb	G	P00533	PF07714	1
3lzb	H	P00533	PF07714	1
3m11	A	O14965	PF00069	1
3m1s	A	P49841	PF00069	1
3m1s	B	P49841	PF00069	1
3m2w	A	P49137	PF00069	0.92
3m42	A	P49137	PF00069	0.92
3ma3	A	P11309	PF00069	1
3mb6	A	P68400	PF00069	1
3mb7	A	P68400	PF00069	1
3mbl	A	Q02750	PF00069	1
3mdy	A	O00238	PF07714	1
3mdy	C	O00238	PF07714	1
3mfr	A	O14936	PF00069	1
3mfs	A	O14936	PF00069	1
3mft	A	O14936	PF00069	1
3mfu	A	O14936	PF00069	1
3mgy	A	Q16539	PF00069	1
3mh0	A	Q16539	PF00069	1
3mh1	A	Q16539	PF00069	1
3mh2	A	Q16539	PF00069	1
3mh3	A	Q16539	PF00069	1
3mi9	A	P50750	PF00069	1
3mia	A	P50750	PF00069	1
3miy	A	Q08881	PF07714	1
3miy	B	Q08881	PF07714	1
3mj1	A	Q08881	PF07714	1
3mj2	A	Q08881	PF07714	1
3mn3	A	P06782	PF00069	1
3mpa	A	Q16539	PF00069	1
3mpm	A	P06239	PF07714	1
3mpt	A	Q16539	PF00069	1
3ms9	A	P00520	PF07714	1
3ms9	B	P00520	PF07714	1
3mss	A	P00520	PF07714	1
3mss	B	P00520	PF07714	1
3mss	C	P00520	PF07714	1
3mss	D	P00520	PF07714	1
3mtf	A	Q04771	PF07714	1
3mtf	B	Q04771	PF07714	1
3mtl	A	Q00536	PF00069	1
3mv5	A	P31749	PF00069	1
3mvh	A	P31749	PF00069	1
3mvj	A	P17612	PF00069	1
3mvj	B	P17612	PF00069	1
3mvj	E	P17612	PF00069	1
3mvl	A	Q16539	PF00069	1
3mvl	B	Q16539	PF00069	1
3mvm	A	Q16539	PF00069	1
3mvm	B	Q16539	PF00069	1
3mw1	A	Q16539	PF00069	1
3mwu	A	A3FQ16	PF00069	1
3my0	A	P37023	PF07714	1
3my0	B	P37023	PF07714	1
3my0	C	P37023	PF07714	1
3my0	D	P37023	PF07714	1
3my0	E	P37023	PF07714	1
3my0	F	P37023	PF07714	1
3my0	G	P37023	PF07714	1
3my0	H	P37023	PF07714	1
3my0	I	P37023	PF07714	1
3my0	J	P37023	PF07714	1
3my0	K	P37023	PF07714	1
3my0	L	P37023	PF07714	1
3my0	M	P37023	PF07714	1
3my0	N	P37023	PF07714	1
3my0	O	P37023	PF07714	1
3my0	P	P37023	PF07714	1
3my0	Q	P37023	PF07714	1
3my0	R	P37023	PF07714	1
3my0	S	P37023	PF07714	1
3my0	T	P37023	PF07714	1
3my0	U	P37023	PF07714	1
3my0	V	P37023	PF07714	1
3my0	W	P37023	PF07714	1
3my0	X	P37023	PF07714	1
3my1	A	P50750	PF00069	1
3my5	A	P24941	PF00069	1
3my5	C	P24941	PF00069	1
3myg	A	O14965	PF00069	1
3n9x	A	A0A509AIZ6	PF00069	1
3n9x	B	A0A509AIZ6	PF00069	1
3nax	A	O15530	PF00069	1
3nay	A	O15530	PF00069	1
3nay	B	O15530	PF00069	1
3ncg	A	A3FQ16	PF00069	1
3ncz	A	Q13464	PF00069	1
3ncz	B	Q13464	PF00069	1
3ncz	C	Q13464	PF00069	1
3ncz	D	Q13464	PF00069	1
3ndm	A	Q13464	PF00069	1
3ndm	B	Q13464	PF00069	1
3ndm	C	Q13464	PF00069	1
3ndm	D	Q13464	PF00069	1
3new	A	Q16539	PF00069	1
3nga	A	P68400	PF00069	1
3nga	B	P68400	PF00069	1
3nie	A	Q7KQK7	PF00069	1
3nie	B	Q7KQK7	PF00069	1
3niz	A	Q5CRJ8	PF00069	1
3nlb	A	O14757	PF00069	1
3nnu	A	Q16539	PF00069	1
3nnv	A	Q16539	PF00069	1
3nnw	A	Q16539	PF00069	1
3nnx	A	Q16539	PF00069	1
3npc	A	P45984	PF00069	1
3npc	B	P45984	PF00069	1
3nr9	A	P49760	PF00069	1
3nr9	B	P49760	PF00069	1
3nr9	C	P49760	PF00069	1
3nrm	A	O14965	PF00069	1
3ns9	A	P24941	PF00069	1
3nsz	A	P68400	PF00069	1
3nun	A	O15530	PF00069	1
3nup	A	Q00534	PF00069	1
3nus	A	O15530	PF00069	1
3nuu	A	O15530	PF00069	1
3nux	A	Q00534	PF00069	1
3nuy	A	O15530	PF00069	1
3nw5	A	P08069	PF07714	1
3nw6	A	P08069	PF07714	1
3nw7	A	P08069	PF07714	1
3nww	A	Q16539	PF00069	1
3nx8	A	P17612	PF00069	1
3nyn	A	P43250	PF00069	1
3nyn	B	P43250	PF00069	1
3nyo	A	P43250	PF00069	1
3nyo	B	P43250	PF00069	1
3nyx	A	P29597	PF07714	1
3nz0	A	P29597	PF07714	1
3o0g	A	Q00535	PF00069	1
3o0g	B	Q00535	PF00069	1
3o17	A	P45983	PF00069	1
3o17	B	P45983	PF00069	1
3o23	A	P08069	PF07714	1
3o2m	A	P45983	PF00069	1
3o2m	B	P45983	PF00069	1
3o50	A	O14965	PF00069	1
3o50	B	O14965	PF00069	1
3o51	A	O14965	PF00069	1
3o71	A	P63086	PF00069	1
3o7l	B	P05132	PF00069	1
3o7l	D	P05132	PF00069	1
3o8p	A	Q16539	PF00069	1
3o8t	A	Q16539	PF00069	1
3o8u	A	Q16539	PF00069	1
3o96	A	P31749	PF00069	1
3obg	A	Q16539	PF00069	1
3obj	A	Q16539	PF00069	1
3oc1	A	Q16539	PF00069	1
3ocb	A	P31749	PF00069	1
3ocb	B	P31749	PF00069	1
3ocg	A	Q16539	PF00069	1
3ocs	A	Q06187	PF07714	1
3oct	A	Q06187	PF07714	1
3od6	X	Q16539	PF00069	1
3ody	X	Q16539	PF00069	1
3odz	X	Q16539	PF00069	1
3oef	X	Q16539	PF00069	1
3oez	A	P00523	PF07714	1
3oez	B	P00523	PF07714	1
3of0	A	P00523	PF07714	1
3of0	B	P00523	PF07714	1
3ofm	A	P19784	PF00069	1
3og7	A	P15056	PF07714	1
3og7	B	P15056	PF07714	1
3oht	A	A9UJZ9	PF00069	1
3oht	B	A9UJZ9	PF00069	1
3omv	A	P04049	PF07714	1
3omv	B	P04049	PF07714	1
3oog	A	P17612	PF00069	1
3oom	A	Q04771	PF07714	1
3op5	A	Q99986	PF00069	1
3op5	B	Q99986	PF00069	1
3op5	C	Q99986	PF00069	1
3op5	D	Q99986	PF00069	1
3ori	A	P9WI81	PF00069	1
3ori	B	P9WI81	PF00069	1
3ori	C	P9WI81	PF00069	1
3ori	D	P9WI81	PF00069	1
3ork	A	P9WI81	PF00069	1
3orl	A	P9WI81	PF00069	1
3orm	A	P9WI81	PF00069	1
3orn	A	Q02750	PF00069	0.891
3oro	A	P9WI81	PF00069	1
3orp	A	P9WI81	PF00069	1
3ort	A	P9WI81	PF00069	1
3orx	A	O15530	PF00069	1
3orx	B	O15530	PF00069	1
3orx	C	O15530	PF00069	1
3orx	D	O15530	PF00069	1
3orx	E	O15530	PF00069	1
3orx	F	O15530	PF00069	1
3orx	G	O15530	PF00069	1
3orx	H	O15530	PF00069	1
3orz	A	O15530	PF00069	1
3orz	B	O15530	PF00069	1
3orz	C	O15530	PF00069	1
3orz	D	O15530	PF00069	1
3os3	A	Q02750	PF00069	0.891
3ot3	A	O14757	PF00069	1
3ot8	A	O14757	PF00069	1
3otu	A	O15530	PF00069	1
3ovv	A	P17612	PF00069	1
3ow3	A	P05132	PF00069	1
3ow4	A	P31749	PF00069	1
3ow4	B	P31749	PF00069	1
3owj	A	P68400	PF00069	1
3owk	A	P68400	PF00069	1
3owl	A	P68400	PF00069	1
3owp	A	P17612	PF00069	1
3oxi	A	P53779	PF00069	1
3oxt	A	P17612	PF00069	1
3oxz	A	P00520	PF07714	1
3oy1	A	P53779	PF00069	1
3oy3	A	P00520	PF07714	1
3oy3	B	P00520	PF07714	1
3oz6	A	A3FQ79	PF00069	1
3oz6	B	A3FQ79	PF00069	1
3p08	A	Q06187	PF07714	1
3p08	B	Q06187	PF07714	1
3p0m	A	P17612	PF00069	1
3p1a	A	Q99640	PF00069	1
3p23	A	O75460	PF00069	1
3p23	B	O75460	PF00069	1
3p23	C	O75460	PF00069	1
3p23	D	O75460	PF00069	1
3p4k	A	P47811	PF00069	1
3p5k	A	P47811	PF00069	1
3p78	A	P47811	PF00069	1
3p79	A	P47811	PF00069	1
3p7a	A	P47811	PF00069	1
3p7b	A	P47811	PF00069	1
3p7c	A	P47811	PF00069	1
3p86	A	Q05609	PF07714	1
3p86	B	Q05609	PF07714	1
3p9j	A	O14965	PF00069	1
3pa3	A	O14757	PF00069	1
3pa4	A	O14757	PF00069	1
3pa5	A	O14757	PF00069	1
3pe1	A	P68400	PF00069	1
3pe2	A	P68400	PF00069	1
3pfq	A	P68403	PF00069	1
3pg1	A	Q4QHJ8	PF00069	1
3pg3	A	Q16539	PF00069	1
3pix	A	Q06187	PF07714	1
3piy	A	Q06187	PF07714	1
3piz	A	Q06187	PF07714	1
3pj1	A	Q06187	PF07714	1
3pj2	A	Q06187	PF07714	1
3pj3	A	Q06187	PF07714	1
3pj8	A	P24941	PF00069	1
3pjc	A	P52333	PF07714	1
3pls	A	Q04912	PF07714	1
3poo	A	P17612	PF00069	1
3poz	A	P00533	PF07714	1
3pp0	A	P04626	PF07714	1
3pp0	B	P04626	PF07714	1
3pp1	A	Q02750	PF00069	1
3ppj	A	P15056	PF07714	1
3ppj	B	P15056	PF07714	1
3ppk	A	P15056	PF07714	1
3ppk	B	P15056	PF07714	1
3ppz	A	Q05609	PF07714	1
3ppz	B	Q05609	PF07714	1
3prf	A	P15056	PF07714	1
3prf	B	P15056	PF07714	1
3pri	A	P15056	PF07714	1
3pri	B	P15056	PF07714	1
3psb	A	P15056	PF07714	1
3psb	B	P15056	PF07714	1
3psc	A	P21146	PF00069	1
3psd	A	P15056	PF07714	1
3psd	B	P15056	PF07714	1
3ptg	A	P53779	PF00069	1
3pup	A	P49841	PF00069	1
3pup	B	P49841	PF00069	1
3pvb	A	P05132	PF00069	1
3pvg	A	P28523	PF00069	1
3pvu	A	P21146	PF00069	1
3pvw	A	P21146	PF00069	1
3pwd	A	P28523	PF00069	1
3pwy	A	O15530	PF00069	1
3pxf	A	P24941	PF00069	1
3pxk	A	Q05397	PF07714	1
3pxk	B	Q05397	PF07714	1
3pxq	A	P24941	PF00069	1
3pxr	A	P24941	PF00069	1
3pxy	A	P24941	PF00069	1
3pxz	A	P24941	PF00069	1
3py0	A	P24941	PF00069	1
3py1	A	P24941	PF00069	1
3py3	A	P47811	PF00069	1
3pyy	A	P00519	PF07714	1
3pyy	B	P00519	PF07714	1
3pze	A	P45983	PF00069	1
3pzh	A	P28523	PF00069	1
3q04	A	P68400	PF00069	1
3q32	A	O60674	PF07714	1
3q32	B	O60674	PF07714	1
3q3b	A	P49841	PF00069	1
3q3b	B	P49841	PF00069	1
3q4c	A	P15056	PF07714	1
3q4c	B	P15056	PF07714	1
3q4t	A	P27037	PF00069	1
3q4t	B	P27037	PF00069	1
3q4u	A	Q04771	PF07714	1
3q4u	B	Q04771	PF07714	1
3q4u	C	Q04771	PF07714	1
3q4u	D	Q04771	PF07714	1
3q4z	A	Q13153	PF00069	1
3q4z	B	Q13153	PF00069	1
3q52	A	Q13153	PF00069	1
3q53	A	Q13153	PF00069	1
3q5i	A	A0A509AHB6	PF00069	1
3q6u	A	P08581	PF07714	1
3q6w	A	P08581	PF07714	1
3q96	A	P15056	PF07714	1
3q96	B	P15056	PF07714	1
3q9w	A	P68400	PF00069	1
3q9x	A	P68400	PF00069	1
3q9x	B	P68400	PF00069	1
3q9y	A	P68400	PF00069	1
3q9z	A	P68400	PF00069	1
3q9z	B	P68400	PF00069	1
3qa0	A	P68400	PF00069	1
3qa0	B	P68400	PF00069	1
3qa8	A	Q6INT1	PF00069	1
3qa8	B	Q6INT1	PF00069	1
3qa8	C	Q6INT1	PF00069	1
3qa8	D	Q6INT1	PF00069	1
3qa8	E	Q6INT1	PF00069	1
3qa8	F	Q6INT1	PF00069	1
3qa8	G	Q6INT1	PF00069	1
3qa8	H	Q6INT1	PF00069	1
3qal	E	P05132	PF00069	1
3qam	E	P05132	PF00069	1
3qbn	A	O14965	PF00069	1
3qc4	A	O15530	PF00069	1
3qc4	B	O15530	PF00069	1
3qc9	A	P28327	PF00069	1
3qc9	B	P28327	PF00069	1
3qc9	C	P28327	PF00069	1
3qc9	D	P28327	PF00069	1
3qcq	A	O15530	PF00069	1
3qcs	A	O15530	PF00069	1
3qcx	A	O15530	PF00069	1
3qcy	A	O15530	PF00069	1
3qd0	A	O15530	PF00069	1
3qd2	B	Q9Z2B5	PF00069	1
3qd2	B	Q9Z2B5	PF00069	0.878
3qd3	A	O15530	PF00069	1
3qd4	A	O15530	PF00069	1
3qf9	A	P11309	PF00069	1
3qfv	A	Q9Y5S2	PF00069	1
3qfv	B	Q9Y5S2	PF00069	1
3qgw	A	Q08881	PF07714	1
3qgw	B	Q08881	PF07714	1
3qgy	A	Q08881	PF07714	1
3qgy	B	Q08881	PF07714	1
3qhr	A	P24941	PF00069	1
3qhr	C	P24941	PF00069	1
3qhw	A	P24941	PF00069	1
3qhw	C	P24941	PF00069	1
3qkk	A	P31749	PF00069	1
3qkl	A	P31749	PF00069	1
3qkm	A	P31749	PF00069	1
3ql8	A	P24941	PF00069	1
3qlf	A	P00523	PF07714	1
3qlf	B	P00523	PF07714	1
3qlg	A	P00523	PF07714	1
3qlg	B	P00523	PF07714	1
3qqf	A	P24941	PF00069	1
3qqg	A	P24941	PF00069	1
3qqh	A	P24941	PF00069	1
3qqj	A	P24941	PF00069	1
3qqk	A	P24941	PF00069	1
3qql	A	P24941	PF00069	1
3qqu	A	P08069	PF07714	1
3qqu	B	P08069	PF07714	1
3qqu	C	P08069	PF07714	1
3qqu	D	P08069	PF07714	1
3qri	A	P00519	PF07714	1
3qri	B	P00519	PF07714	1
3qrj	A	P00519	PF07714	1
3qrj	B	P00519	PF07714	1
3qrk	A	P00519	PF07714	1
3qrt	A	P24941	PF00069	1
3qru	A	P24941	PF00069	1
3qti	A	P08581	PF07714	1
3qti	B	P08581	PF07714	1
3qtq	A	P24941	PF00069	1
3qtr	A	P24941	PF00069	1
3qts	A	P24941	PF00069	1
3qtu	A	P24941	PF00069	1
3qtw	A	P24941	PF00069	1
3qtx	A	P24941	PF00069	1
3qtz	A	P24941	PF00069	1
3qu0	A	P24941	PF00069	1
3qud	A	Q16539	PF00069	1
3que	A	Q16539	PF00069	1
3qup	A	P55144	PF07714	1
3qwj	A	P24941	PF00069	1
3qwk	A	P24941	PF00069	1
3qx2	A	P24941	PF00069	1
3qx4	A	P24941	PF00069	1
3qxo	A	P24941	PF00069	1
3qxp	A	P24941	PF00069	1
3qyw	A	P63086	PF00069	1
3qyz	A	P63086	PF00069	1
3qzf	A	P24941	PF00069	1
3qzg	A	P24941	PF00069	1
3qzh	A	P24941	PF00069	1
3qzi	A	P24941	PF00069	1
3r00	A	P11309	PF00069	1
3r01	A	P11309	PF00069	1
3r02	A	P11309	PF00069	1
3r04	A	P11309	PF00069	1
3r0t	A	P68400	PF00069	1
3r1n	A	Q16644	PF00069	1
3r1q	A	P24941	PF00069	1
3r1s	A	P24941	PF00069	1
3r1y	A	P24941	PF00069	1
3r21	A	O14965	PF00069	1
3r22	A	O14965	PF00069	1
3r28	A	P24941	PF00069	1
3r2b	A	P49137	PF00069	1
3r2b	B	P49137	PF00069	1
3r2b	C	P49137	PF00069	1
3r2b	D	P49137	PF00069	1
3r2b	E	P49137	PF00069	1
3r2b	F	P49137	PF00069	1
3r2b	G	P49137	PF00069	1
3r2b	H	P49137	PF00069	1
3r2b	I	P49137	PF00069	1
3r2b	J	P49137	PF00069	1
3r2b	K	P49137	PF00069	1
3r2b	L	P49137	PF00069	1
3r2y	A	P49137	PF00069	1
3r30	A	P49137	PF00069	1
3r63	A	P63086	PF00069	1
3r6x	A	P24941	PF00069	1
3r71	A	P24941	PF00069	1
3r73	A	P24941	PF00069	1
3r7e	A	P24941	PF00069	1
3r7i	A	P24941	PF00069	1
3r7o	A	P08581	PF07714	1
3r7u	A	P24941	PF00069	1
3r7v	A	P24941	PF00069	1
3r7y	A	P24941	PF00069	1
3r83	A	P24941	PF00069	1
3r8l	A	P24941	PF00069	1
3r8m	A	P24941	PF00069	1
3r8p	A	P24941	PF00069	1
3r8u	A	P24941	PF00069	1
3r8v	A	P24941	PF00069	1
3r8z	A	P24941	PF00069	1
3r9d	A	P24941	PF00069	1
3r9h	A	P24941	PF00069	1
3r9n	A	P24941	PF00069	1
3r9o	A	P24941	PF00069	1
3rah	A	P24941	PF00069	1
3rai	A	P24941	PF00069	1
3rak	A	P24941	PF00069	1
3ral	A	P24941	PF00069	1
3raw	A	P49761	PF00069	1
3raw	B	P49761	PF00069	1
3rcd	A	P04626	PF07714	1
3rcd	B	P04626	PF07714	1
3rcd	C	P04626	PF07714	1
3rcd	D	P04626	PF07714	1
3rcj	A	O15530	PF00069	1
3rep	A	Q13418	PF07714	1
3rgf	A	P49336	PF00069	1
3rhk	A	P08581	PF07714	1
3rhk	B	P08581	PF07714	1
3rhx	A	P11362	PF07714	1
3rhx	B	P11362	PF07714	1
3ri1	A	P21802	PF07714	1
3ri1	B	P21802	PF07714	1
3rin	A	Q16539	PF00069	1
3rjc	A	P24941	PF00069	1
3rk5	A	P24941	PF00069	1
3rk7	A	P24941	PF00069	1
3rk9	A	P24941	PF00069	1
3rkb	A	P24941	PF00069	1
3rm6	A	P24941	PF00069	1
3rm7	A	P24941	PF00069	1
3rmf	A	P24941	PF00069	1
3rni	A	P24941	PF00069	1
3rny	A	Q15418	PF00069	1
3rny	B	Q15418	PF00069	1
3roc	A	Q16539	PF00069	1
3roy	A	P24941	PF00069	1
3rp9	A	B6KP12	PF00069	1
3rpo	A	P24941	PF00069	1
3rpr	A	P24941	PF00069	1
3rps	A	P68400	PF00069	1
3rps	B	P68400	PF00069	1
3rpv	A	P24941	PF00069	1
3rpy	A	P24941	PF00069	1
3rtp	A	P53779	PF00069	1
3rvg	A	O60674	PF07714	1
3rwp	A	O15530	PF00069	1
3rwq	A	O15530	PF00069	1
3rzb	A	P24941	PF00069	1
3rzf	A	Q6INT1	PF00069	1
3s00	A	P24941	PF00069	1
3s0o	A	P24941	PF00069	1
3s1h	A	P24941	PF00069	1
3s2p	A	P24941	PF00069	1
3s3i	A	Q16539	PF00069	1
3s4q	A	Q16539	PF00069	1
3s95	A	P53667	PF07714	1
3s95	B	P53667	PF07714	1
3sa0	A	P28482	PF00069	1
3say	A	P49841	PF00069	1
3say	B	P49841	PF00069	1
3sc1	A	O15530	PF00069	1
3sd0	A	P49841	PF00069	1
3sd0	B	P49841	PF00069	1
3sdj	A	P32361	PF00069	0.955
3sdj	A	P32361	PF00069	0.772
3sdj	B	P32361	PF00069	0.955
3sdj	B	P32361	PF00069	0.772
3sdj	C	P32361	PF00069	0.955
3sdj	C	P32361	PF00069	0.772
3sdj	D	P32361	PF00069	0.772
3sdj	D	P32361	PF00069	0.955
3sdj	E	P32361	PF00069	0.772
3sdj	E	P32361	PF00069	0.955
3sdj	F	P32361	PF00069	0.955
3sdj	F	P32361	PF00069	0.772
3sdj	G	P32361	PF00069	0.955
3sdj	G	P32361	PF00069	0.772
3sdj	H	P32361	PF00069	0.772
3sdj	H	P32361	PF00069	0.955
3sdj	I	P32361	PF00069	0.772
3sdj	I	P32361	PF00069	0.955
3sdj	J	P32361	PF00069	0.772
3sdj	J	P32361	PF00069	0.955
3sdj	K	P32361	PF00069	0.772
3sdj	K	P32361	PF00069	0.955
3sdj	L	P32361	PF00069	0.772
3sdj	L	P32361	PF00069	0.955
3sdj	M	P32361	PF00069	0.772
3sdj	M	P32361	PF00069	0.955
3sdj	N	P32361	PF00069	0.772
3sdj	N	P32361	PF00069	0.955
3sdm	A	P32361	PF00069	0.955
3sdm	A	P32361	PF00069	0.772
3sdm	B	P32361	PF00069	0.772
3sdm	B	P32361	PF00069	0.955
3sdm	C	P32361	PF00069	0.955
3sdm	C	P32361	PF00069	0.772
3sdm	D	P32361	PF00069	0.955
3sdm	D	P32361	PF00069	0.772
3sdm	E	P32361	PF00069	0.772
3sdm	E	P32361	PF00069	0.955
3sdm	F	P32361	PF00069	0.772
3sdm	F	P32361	PF00069	0.955
3sdm	G	P32361	PF00069	0.955
3sdm	G	P32361	PF00069	0.772
3she	A	Q16644	PF00069	1
3skc	A	P15056	PF07714	1
3skc	B	P15056	PF07714	1
3sls	A	Q02750	PF00069	0.85
3sls	B	Q02750	PF00069	0.85
3soa	A	Q9UQM7	PF00069	1
3soc	A	P27037	PF00069	1
3soc	B	P27037	PF00069	1
3sqq	A	P24941	PF00069	1
3srv	A	P43405	PF07714	1
3srv	B	P43405	PF07714	1
3svv	A	P00523	PF07714	1
3svv	B	P00523	PF07714	1
3sw4	A	P24941	PF00069	1
3sw7	A	P24941	PF00069	1
3sxr	A	P51813	PF07714	1
3sxr	B	P51813	PF07714	1
3sxs	A	P51813	PF07714	1
3t8o	A	P28327	PF00069	1
3t9i	A	P11309	PF00069	1
3t9t	A	Q08881	PF07714	1
3tac	A	O14936	PF00069	1
3tcp	A	Q12866	PF07714	1
3tcp	B	Q12866	PF07714	1
3tei	A	P28482	PF00069	1
3tg1	A	P47811	PF00069	1
3thb	A	P53350	PF00069	1
3ti1	A	P24941	PF00069	1
3tiy	A	P24941	PF00069	1
3tiz	A	P24941	PF00069	1
3tjc	A	O60674	PF07714	1
3tjc	B	O60674	PF07714	1
3tjd	A	O60674	PF07714	1
3tjd	B	O60674	PF07714	1
3tkh	A	O14757	PF00069	1
3tki	A	O14757	PF00069	1
3tku	A	Q9Y5S2	PF00069	1
3tku	B	Q9Y5S2	PF00069	1
3tl8	A	Q94F62	PF07714	1
3tl8	D	Q94F62	PF07714	1
3tl8	G	Q94F62	PF07714	1
3tl8	H	Q94F62	PF07714	1
3tn8	A	P50750	PF00069	1
3tnh	A	P50750	PF00069	1
3tni	A	P50750	PF00069	1
3tnp	C	P05132	PF00069	1
3tnp	F	P05132	PF00069	1
3tnq	B	P27791	PF00069	1
3tnw	A	P24941	PF00069	1
3tnw	C	P24941	PF00069	1
3tt0	A	P11362	PF07714	1
3tt0	B	P11362	PF07714	1
3tti	A	P53779	PF00069	1
3ttj	A	P53779	PF00069	1
3tub	A	P43405	PF07714	1
3tuc	A	P43405	PF07714	1
3tud	A	P43405	PF07714	1
3tv4	A	P15056	PF07714	1
3tv4	B	P15056	PF07714	1
3tv6	A	P15056	PF07714	1
3tv6	B	P15056	PF07714	1
3tv7	A	Q13464	PF00069	1
3tv7	B	Q13464	PF00069	1
3tv7	C	Q13464	PF00069	1
3tv7	D	Q13464	PF00069	1
3twj	A	Q13464	PF00069	1
3twj	B	Q13464	PF00069	1
3twj	C	Q13464	PF00069	1
3twj	D	Q13464	PF00069	1
3txo	A	P24723	PF00069	1
3tz7	A	P00523	PF07714	1
3tz7	B	P00523	PF07714	1
3tz8	A	P00523	PF07714	1
3tz8	B	P00523	PF07714	1
3tz9	A	P00523	PF07714	1
3tz9	B	P00523	PF07714	1
3tzm	A	P36897	PF00069	1
3u4u	A	P68400	PF00069	1
3u4w	A	P00523	PF07714	1
3u51	A	P00523	PF07714	1
3u51	B	P00523	PF07714	1
3u6h	A	P08581	PF07714	1
3u6i	A	P08581	PF07714	1
3u6j	A	P35968	PF07714	0.847
3u87	A	P19784	PF00069	1
3u87	A	P68400	PF00069	1
3u87	B	P19784	PF00069	1
3u87	B	P68400	PF00069	1
3u8w	A	Q16539	PF00069	1
3u9c	A	P68400	PF00069	1
3u9c	B	P68400	PF00069	1
3u9n	A	O14757	PF00069	1
3ubd	A	P18654	PF00069	1
3uc3	A	Q39193	PF00069	1
3uc4	A	Q940H6	PF00069	1
3uc4	B	Q940H6	PF00069	1
3udb	A	Q940H6	PF00069	1
3udb	B	Q940H6	PF00069	1
3udb	C	Q940H6	PF00069	1
3udb	D	Q940H6	PF00069	1
3udb	E	Q940H6	PF00069	1
3udb	F	Q940H6	PF00069	1
3ue4	A	P00519	PF07714	1
3ue4	B	P00519	PF07714	1
3ug1	A	P00533	PF07714	1
3ug2	A	P00533	PF07714	1
3ugc	A	O60674	PF07714	1
3uib	A	Q4QHJ8	PF00069	1
3uim	A	Q94F62	PF07714	1
3uiu	A	P19525	PF00069	1
3uiu	B	P19525	PF00069	1
3uix	A	P11309	PF00069	1
3ujg	A	Q940H6	PF00069	1
3uli	A	P24941	PF00069	1
3ulz	A	Q94F62	PF07714	1
3umw	A	P11309	PF00069	1
3umx	A	P11309	PF00069	1
3unj	A	P24941	PF00069	1
3unk	A	P24941	PF00069	1
3unz	A	O14965	PF00069	1
3unz	B	O14965	PF00069	1
3uo4	A	O14965	PF00069	1
3uo5	A	O14965	PF00069	1
3uo6	A	O14965	PF00069	1
3uo6	B	O14965	PF00069	1
3uod	A	O14965	PF00069	1
3uoh	A	O14965	PF00069	1
3uoh	B	O14965	PF00069	1
3uoj	A	O14965	PF00069	1
3uoj	B	O14965	PF00069	1
3uok	A	O14965	PF00069	1
3uok	B	O14965	PF00069	1
3uol	A	O14965	PF00069	1
3uol	B	O14965	PF00069	1
3up2	A	O14965	PF00069	1
3up7	A	O14965	PF00069	1
3uqf	A	P00523	PF07714	1
3uqf	B	P00523	PF07714	1
3uqg	A	P00523	PF07714	1
3uqg	B	P00523	PF07714	1
3uto	A	Q23551	PF00069	1
3uto	B	Q23551	PF00069	1
3uvp	A	Q16539	PF00069	1
3uvq	A	Q16539	PF00069	1
3uvr	A	Q16539	PF00069	1
3uys	A	P48730	PF00069	1
3uys	B	P48730	PF00069	1
3uys	C	P48730	PF00069	1
3uys	D	P48730	PF00069	1
3uyt	A	P48730	PF00069	1
3uyt	B	P48730	PF00069	1
3uyt	C	P48730	PF00069	1
3uyt	D	P48730	PF00069	1
3uzp	A	P48730	PF00069	1
3uzp	B	P48730	PF00069	1
3uzs	A	P21146	PF00069	1
3uzt	A	P21146	PF00069	1
3v01	A	Q02750	PF00069	1
3v04	A	Q02750	PF00069	1
3v3v	A	P45983	PF00069	1
3v5j	A	Q08881	PF07714	1
3v5j	B	Q08881	PF07714	1
3v5l	A	Q08881	PF07714	1
3v5l	B	Q08881	PF07714	1
3v5l	C	Q08881	PF07714	1
3v5l	D	Q08881	PF07714	1
3v5q	A	Q16288	PF07714	0.951
3v5q	B	Q16288	PF07714	0.951
3v5w	A	P25098	PF00069	1
3v6r	A	P53779	PF00069	1
3v6r	B	P53779	PF00069	1
3v6s	A	P53779	PF00069	1
3v6s	B	P53779	PF00069	1
3v8s	A	Q13464	PF00069	1
3v8s	B	Q13464	PF00069	1
3v8s	C	Q13464	PF00069	1
3v8s	D	Q13464	PF00069	1
3v8t	A	Q08881	PF07714	1
3v8t	B	Q08881	PF07714	1
3v8w	A	Q08881	PF07714	1
3v8w	B	Q08881	PF07714	1
3vap	A	O14965	PF00069	1
3vbq	A	P11309	PF00069	1
3vbt	A	P11309	PF00069	1
3vbv	A	P11309	PF00069	1
3vbw	A	P11309	PF00069	1
3vbx	A	P11309	PF00069	1
3vby	A	P11309	PF00069	1
3vc4	A	P11309	PF00069	1
3vf8	A	P43405	PF07714	1
3vf9	A	P43405	PF07714	1
3vhe	A	P35968	PF07714	1
3vhk	A	P35968	PF07714	1
3vid	A	P35968	PF07714	1
3vjn	A	P00533	PF07714	1
3vjo	A	P00533	PF07714	1
3vn9	A	P52564	PF00069	1
3vnt	A	P35968	PF07714	0.847
3vo3	A	P35968	PF07714	0.847
3vqh	A	P17612	PF00069	1
3vqu	A	P33981	PF00069	1
3vry	A	P08631	PF07714	1
3vry	B	P08631	PF07714	1
3vrz	A	P08631	PF07714	1
3vrz	B	P08631	PF07714	1
3vs0	A	P08631	PF07714	1
3vs0	B	P08631	PF07714	1
3vs1	A	P08631	PF07714	1
3vs1	B	P08631	PF07714	1
3vs2	A	P08631	PF07714	1
3vs2	B	P08631	PF07714	1
3vs3	A	P08631	PF07714	1
3vs3	B	P08631	PF07714	1
3vs4	A	P08631	PF07714	1
3vs4	B	P08631	PF07714	1
3vs5	A	P08631	PF07714	1
3vs5	B	P08631	PF07714	1
3vs6	A	P08631	PF07714	1
3vs6	B	P08631	PF07714	1
3vs7	A	P08631	PF07714	1
3vs7	B	P08631	PF07714	1
3vud	A	P45983	PF00069	1
3vug	A	P45983	PF00069	1
3vuh	A	P45983	PF00069	1
3vui	A	P45983	PF00069	1
3vuk	A	P45983	PF00069	1
3vul	A	P45983	PF00069	1
3vum	A	P45983	PF00069	1
3vut	A	P45985	PF00069	1
3vut	B	P45985	PF00069	1
3vvh	A	Q02750	PF00069	1
3vvh	B	Q02750	PF00069	1
3vvh	C	Q02750	PF00069	1
3vw6	A	Q99683	PF00069	1
3vw6	B	Q99683	PF00069	1
3vw8	A	P08581	PF07714	1
3w10	A	O14965	PF00069	1
3w16	A	O14965	PF00069	1
3w18	A	O14965	PF00069	1
3w18	B	O14965	PF00069	1
3w1f	A	P33981	PF00069	1
3w2c	A	O14965	PF00069	1
3w2c	C	O14965	PF00069	1
3w2c	E	O14965	PF00069	1
3w2c	G	O14965	PF00069	1
3w2o	A	P00533	PF07714	1
3w2p	A	P00533	PF07714	1
3w2q	A	P00533	PF07714	1
3w2r	A	P00533	PF07714	1
3w2s	A	P00533	PF07714	1
3w32	A	P00533	PF07714	1
3w33	A	P00533	PF07714	1
3w55	A	P28482	PF00069	1
3w8l	A	P68400	PF00069	1
3w8l	B	P68400	PF00069	1
3w8q	A	Q02750	PF00069	1
3war	A	P68400	PF00069	1
3wbl	A	P24941	PF00069	1
3we4	A	P23443	PF00069	1
3we8	A	P11309	PF00069	1
3wf5	A	P23443	PF00069	1
3wf6	A	P23443	PF00069	1
3wf7	A	P23443	PF00069	1
3wf8	A	P23443	PF00069	1
3wf9	A	P23443	PF00069	1
3wi6	A	P49137	PF00069	1
3wi6	B	P49137	PF00069	1
3wi6	C	P49137	PF00069	1
3wi6	D	P49137	PF00069	1
3wi6	E	P49137	PF00069	1
3wi6	F	P49137	PF00069	1
3wig	A	Q02750	PF00069	0.891
3wik	A	P68400	PF00069	1
3wil	A	P68400	PF00069	1
3wow	A	P68400	PF00069	1
3wyx	A	P33981	PF00069	1
3wyy	A	P33981	PF00069	1
3wzd	A	P35968	PF07714	0.847
3wze	A	P35968	PF07714	0.847
3wzj	A	P33981	PF00069	1
3wzk	A	P33981	PF00069	1
3wzu	A	O14733	PF00069	1
3x2u	A	P05132	PF00069	1
3x2v	A	P05132	PF00069	1
3x2w	A	P05132	PF00069	1
3zbf	A	P08922	PF07714	1
3zbx	A	P08581	PF07714	1
3zc5	A	P08581	PF07714	1
3zc6	A	P52333	PF07714	1
3zc6	B	P52333	PF07714	1
3zc6	C	P52333	PF07714	1
3zc6	D	P52333	PF07714	1
3zcl	A	P08581	PF07714	1
3zdi	A	P49841	PF00069	1
3zdu	A	Q8IVW4	PF00069	1
3zep	A	P52333	PF07714	1
3zep	B	P52333	PF07714	1
3zep	C	P52333	PF07714	1
3zep	D	P52333	PF07714	1
3zew	A	P54760	PF07714	1
3zew	B	P54760	PF07714	1
3zfm	A	P29323	PF07714	1
3zfx	A	P54762	PF07714	1
3zfx	B	P54762	PF07714	1
3zfx	C	P54762	PF07714	1
3zfx	D	P54762	PF07714	1
3zfx	E	P54762	PF07714	1
3zfx	F	P54762	PF07714	1
3zfx	G	P54762	PF07714	1
3zfx	H	P54762	PF07714	1
3zfx	I	P54762	PF07714	1
3zfy	A	P54753	PF07714	1
3zfy	B	P54753	PF07714	1
3zh8	A	P41743	PF00069	1
3zh8	B	P41743	PF00069	1
3zh8	C	P41743	PF00069	1
3zhp	C	Q9Y6E0	PF00069	1
3zhp	D	Q9Y6E0	PF00069	1
3zls	A	Q02750	PF00069	1
3zlw	A	Q02750	PF00069	1
3zlx	A	Q02750	PF00069	1
3zly	A	Q02750	PF00069	1
3zm4	A	Q02750	PF00069	1
3zmm	A	O60674	PF07714	1
3zmm	B	O60674	PF07714	1
3zo1	A	P00517	PF00069	1
3zo2	A	P00517	PF00069	1
3zo3	A	P00517	PF00069	1
3zo4	A	P00517	PF00069	1
3zon	A	P29597	PF07714	1
3zos	A	Q08345	PF07714	1
3zos	B	Q08345	PF07714	1
3zrk	A	P49841	PF00069	1
3zrk	B	P49841	PF00069	1
3zrl	A	P49841	PF00069	1
3zrl	B	P49841	PF00069	1
3zrm	A	P49841	PF00069	1
3zrm	B	P49841	PF00069	1
3zs5	A	Q16539	PF00069	1
3zsg	A	Q16539	PF00069	1
3zsh	A	Q16539	PF00069	1
3zsi	A	Q16539	PF00069	1
3ztx	A	Q6DE08	PF00069	1
3ztx	B	Q6DE08	PF00069	1
3zu7	A	P63086	PF00069	1
3zut	A	Q940H6	PF00069	1
3zut	B	Q940H6	PF00069	1
3zuu	A	Q940H6	PF00069	1
3zuu	B	Q940H6	PF00069	1
3zuv	A	P63086	PF00069	1
3zuv	C	P63086	PF00069	1
3zxt	A	P53355	PF00069	1
3zxt	B	P53355	PF00069	1
3zxt	C	P53355	PF00069	1
3zxt	D	P53355	PF00069	1
3zxz	A	P08581	PF07714	1
3zya	A	Q16539	PF00069	1
3zze	A	P08581	PF07714	1
3zzw	A	Q01974	PF07714	1
3zzw	B	Q01974	PF07714	1
4a06	A	O15530	PF00069	1
4a07	A	O15530	PF00069	1
4a4l	A	P53350	PF00069	1
4a4o	A	P53350	PF00069	1
4a4x	A	P51955	PF00069	1
4a7c	A	P11309	PF00069	1
4a9r	A	O96017	PF00069	1
4a9s	A	O96017	PF00069	1
4a9t	A	O96017	PF00069	1
4a9u	A	O96017	PF00069	1
4a9y	A	Q16539	PF00069	1
4aa0	A	Q16539	PF00069	1
4aa4	A	Q16539	PF00069	1
4aa5	A	Q16539	PF00069	1
4aaa	A	Q92772	PF00069	1
4aac	A	Q16539	PF00069	1
4acc	A	P49841	PF00069	1
4acc	B	P49841	PF00069	1
4acd	A	P49841	PF00069	1
4acd	B	P49841	PF00069	1
4acg	A	P49841	PF00069	1
4acg	B	P49841	PF00069	1
4ach	A	P49841	PF00069	1
4ach	B	P49841	PF00069	1
4acm	A	P24941	PF00069	1
4ae6	A	P17612	PF00069	1
4ae6	B	P17612	PF00069	1
4ae9	A	P17612	PF00069	1
4ae9	B	P17612	PF00069	1
4af3	A	Q96GD4	PF00069	1
4afe	A	P51955	PF00069	1
4afj	A	P49841	PF00069	1
4afj	B	P49841	PF00069	1
4ag8	A	P35968	PF07714	0.847
4agc	A	P35968	PF07714	0.847
4agd	A	P35968	PF07714	0.847
4agu	A	Q00532	PF00069	1
4agu	B	Q00532	PF00069	1
4agu	C	Q00532	PF00069	1
4agw	A	P00523	PF07714	1
4agw	B	P00523	PF07714	1
4alu	A	P11309	PF00069	1
4alv	A	P11309	PF00069	1
4alw	A	P11309	PF00069	1
4an2	A	Q02750	PF00069	0.857
4an3	A	Q02750	PF00069	0.857
4an9	A	Q02750	PF00069	0.857
4anb	A	Q02750	PF00069	0.857
4anl	A	Q9UM73	PF07714	1
4anm	A	P28523	PF00069	1
4anq	A	Q9UM73	PF07714	1
4ans	A	Q9UM73	PF07714	1
4aoi	A	P08581	PF07714	1
4aoj	A	P04629	PF07714	1
4aoj	B	P04629	PF07714	1
4aoj	C	P04629	PF07714	1
4aot	A	O94804	PF00069	1
4aot	B	O94804	PF00069	1
4ap7	A	P08581	PF07714	1
4apc	A	Q96PY6	PF00069	1
4apc	B	Q96PY6	PF00069	1
4app	A	O96013	PF00069	1
4aqc	A	O60674	PF07714	1
4aqc	B	O60674	PF07714	1
4ark	A	Q02750	PF00069	1
4as0	A	P11309	PF00069	1
4asd	A	P35968	PF07714	0.847
4ase	A	P35968	PF07714	0.847
4asx	A	P27037	PF00069	1
4asx	B	P27037	PF00069	1
4asz	A	Q16620	PF07714	1
4at3	A	Q16620	PF07714	1
4at4	A	Q16620	PF07714	1
4at5	A	Q16620	PF07714	1
4au8	A	Q00535	PF00069	1
4au8	B	Q00535	PF00069	1
4aua	A	Q00534	PF00069	1
4aw0	A	O15530	PF00069	1
4aw1	A	O15530	PF00069	1
4aw2	A	O54874	PF00069	1
4aw5	A	P54760	PF07714	1
4awi	A	P45983	PF00069	1
4axa	A	P00517	PF00069	1
4aze	A	Q13627	PF00069	1
4aze	B	Q13627	PF00069	1
4aze	C	Q13627	PF00069	1
4azf	A	Q92630	PF00069	1
4b0g	A	O14965	PF00069	1
4b4l	A	P53355	PF00069	1
4b6l	A	Q9H4B4	PF00069	1
4b7t	A	P49841	PF00069	1
4b8l	A	Q6DE08	PF00069	1
4b8m	A	Q6DE08	PF00069	1
4b8m	B	Q6DE08	PF00069	1
4b99	A	Q13164	PF00069	1
4b9d	A	Q96PY6	PF00069	1
4b9d	B	Q96PY6	PF00069	1
4bb4	A	P54760	PF07714	1
4bbe	A	O60674	PF07714	1
4bbe	B	O60674	PF07714	1
4bbe	C	O60674	PF07714	1
4bbe	D	O60674	PF07714	1
4bbf	A	O60674	PF07714	1
4bbf	B	O60674	PF07714	1
4bbf	C	O60674	PF07714	1
4bbf	D	O60674	PF07714	1
4bbm	A	Q92772	PF00069	1
4bbm	B	Q92772	PF00069	1
4bc6	A	O94804	PF00069	1
4bcf	A	P50750	PF00069	1
4bcg	A	P50750	PF00069	1
4bch	A	P50750	PF00069	1
4bci	A	P50750	PF00069	1
4bcj	A	P50750	PF00069	1
4bck	A	P24941	PF00069	1
4bck	C	P24941	PF00069	1
4bcm	A	P24941	PF00069	1
4bcm	C	P24941	PF00069	1
4bcn	A	P24941	PF00069	1
4bcn	C	P24941	PF00069	1
4bco	A	P24941	PF00069	1
4bco	C	P24941	PF00069	1
4bcp	A	P24941	PF00069	1
4bcp	C	P24941	PF00069	1
4bcq	A	P24941	PF00069	1
4bcq	C	P24941	PF00069	1
4bda	A	O96017	PF00069	1
4bdb	A	O96017	PF00069	1
4bdc	A	O96017	PF00069	1
4bdd	A	O96017	PF00069	1
4bde	A	O96017	PF00069	1
4bdf	A	O96017	PF00069	1
4bdg	A	O96017	PF00069	1
4bdh	A	O96017	PF00069	1
4bdi	A	O96017	PF00069	1
4bdj	A	O96017	PF00069	1
4bdk	A	O96017	PF00069	1
4bf2	A	Q99683	PF00069	1
4bf2	B	Q99683	PF00069	1
4bfm	A	Q61846	PF00069	1
4bgg	A	Q04771	PF07714	1
4bgg	B	Q04771	PF07714	1
4bgg	C	Q04771	PF07714	1
4bgg	D	Q04771	PF07714	1
4bgh	A	P24941	PF00069	1
4bgq	A	O76039	PF00069	1
4bhn	A	Q99683	PF00069	1
4bhn	B	Q99683	PF00069	1
4bhz	A	P33981	PF00069	1
4bi0	A	P33981	PF00069	1
4bi1	A	P33981	PF00069	1
4bi2	A	P33981	PF00069	1
4bib	A	Q99683	PF00069	1
4bib	B	Q99683	PF00069	1
4bic	A	Q99683	PF00069	1
4bic	B	Q99683	PF00069	1
4bid	A	Q99683	PF00069	1
4bid	B	Q99683	PF00069	1
4bie	A	Q99683	PF00069	1
4bie	B	Q99683	PF00069	1
4bkj	A	Q08345	PF07714	1
4bkj	B	Q08345	PF07714	1
4bky	A	Q14680	PF00069	1
4bkz	A	Q14680	PF00069	1
4bl1	A	Q14680	PF00069	1
4bn1	A	O14965	PF00069	1
4brx	A	Q00944	PF07714	1
4btf	A	Q9D2Y4	PF07714	1
4btj	A	Q5TCY1	PF00069	1
4btj	B	Q5TCY1	PF00069	1
4btk	A	Q5TCY1	PF00069	1
4btm	A	Q5TCY1	PF00069	1
4btm	B	Q5TCY1	PF00069	1
4byi	A	O14965	PF00069	1
4byj	A	O14965	PF00069	1
4bzd	A	P24941	PF00069	1
4bzn	A	P11309	PF00069	1
4bzo	A	P11309	PF00069	1
4c02	A	Q04771	PF07714	1
4c0t	A	Q5A3P6	PF00069	1
4c2v	A	Q6DE08	PF00069	1
4c2v	B	Q6DE08	PF00069	1
4c2w	A	Q6DE08	PF00069	1
4c2w	B	Q6DE08	PF00069	1
4c33	A	P00517	PF00069	1
4c34	A	P00517	PF00069	1
4c35	A	P00517	PF00069	1
4c36	A	P00517	PF00069	1
4c37	A	P00517	PF00069	1
4c38	A	P00517	PF00069	1
4c3f	A	P06239	PF07714	1
4c3p	A	O14965	PF00069	1
4c3p	D	O14965	PF00069	1
4c3r	A	O14965	PF00069	1
4c4e	A	P33981	PF00069	1
4c4f	A	P33981	PF00069	1
4c4g	A	P33981	PF00069	1
4c4h	A	P33981	PF00069	1
4c4i	A	P33981	PF00069	1
4c4j	A	P33981	PF00069	1
4c57	A	O14976	PF00069	1
4c57	B	O14976	PF00069	1
4c58	A	O14976	PF00069	1
4c59	A	O14976	PF00069	1
4c61	A	O60674	PF07714	1
4c61	B	O60674	PF07714	1
4c62	A	O60674	PF07714	1
4c62	B	O60674	PF07714	1
4c7t	A	Q00944	PF07714	1
4c8b	A	O43353	PF07714	1
4c8b	B	O43353	PF07714	1
4ccb	A	Q9UM73	PF07714	1
4ccu	A	Q9UM73	PF07714	1
4cd0	A	Q9UM73	PF07714	1
4ceg	A	O14965	PF00069	1
4cfe	A	P54646	PF00069	1
4cfe	C	P54646	PF00069	1
4cff	A	P54646	PF00069	1
4cff	C	P54646	PF00069	1
4cfh	A	P54645	PF00069	1
4cfm	A	P24941	PF00069	1
4cfm	C	P24941	PF00069	1
4cfn	A	P24941	PF00069	1
4cfn	C	P24941	PF00069	1
4cfu	A	P24941	PF00069	1
4cfu	C	P24941	PF00069	1
4cfv	A	P24941	PF00069	1
4cfv	C	P24941	PF00069	1
4cfw	A	P24941	PF00069	1
4cfw	C	P24941	PF00069	1
4cfx	A	P24941	PF00069	1
4cfx	C	P24941	PF00069	1
4cki	A	P07949	PF07714	1
4ckj	A	P07949	PF07714	1
4ckr	A	Q08345	PF07714	1
4cli	A	Q9UM73	PF07714	1
4clj	A	Q9UM73	PF07714	1
4cmo	A	Q9UM73	PF07714	1
4cmt	A	Q9UM73	PF07714	1
4cmu	A	Q9UM73	PF07714	1
4cnh	A	Q9UM73	PF07714	1
4cnh	B	Q9UM73	PF07714	1
4cqe	A	P15056	PF07714	1
4cqe	B	P15056	PF07714	1
4cqg	A	Q61846	PF00069	1
4crl	A	P49336	PF00069	1
4crs	A	Q16513	PF00069	1
4ct1	A	O15530	PF00069	1
4ct2	A	O15530	PF00069	1
4ctb	A	Q9UM73	PF07714	1
4ctc	A	Q9UM73	PF07714	1
4cv8	A	P33981	PF00069	1
4cv9	A	P33981	PF00069	1
4cva	A	P33981	PF00069	1
4cxa	A	Q9NYV4	PF00069	1
4cxa	C	Q9NYV4	PF00069	1
4czt	A	Q93VD3	PF00069	1
4czt	B	Q93VD3	PF00069	1
4czt	C	Q93VD3	PF00069	1
4czt	D	Q93VD3	PF00069	1
4czu	A	Q93VD3	PF00069	1
4czu	B	Q93VD3	PF00069	1
4czu	C	Q93VD3	PF00069	1
4czu	D	Q93VD3	PF00069	1
4d0w	A	O60674	PF07714	1
4d0x	A	O60674	PF07714	1
4d1s	A	O60674	PF07714	1
4d1x	A	P24941	PF00069	1
4d1z	A	P24941	PF00069	1
4d28	A	Q9LDI3	PF00069	1
4d28	B	Q9LDI3	PF00069	1
4d28	C	Q9LDI3	PF00069	1
4d28	D	Q9LDI3	PF00069	1
4d2p	A	Q14680	PF00069	1
4d2p	B	Q14680	PF00069	1
4d2p	C	Q14680	PF00069	1
4d2p	D	Q14680	PF00069	1
4d2r	A	P08069	PF07714	1
4d2s	A	P33981	PF00069	1
4d2t	A	Q14680	PF00069	1
4d2t	B	Q14680	PF00069	1
4d2t	C	Q14680	PF00069	1
4d2t	D	Q14680	PF00069	1
4d2v	A	Q14680	PF00069	1
4d2v	B	Q14680	PF00069	1
4d2v	C	Q14680	PF00069	1
4d2v	D	Q14680	PF00069	1
4d2w	A	Q14680	PF00069	1
4d2w	B	Q14680	PF00069	1
4d2w	C	Q14680	PF00069	1
4d2w	D	Q14680	PF00069	1
4d4r	A	Q00944	PF07714	1
4d4r	B	Q00944	PF07714	1
4d4s	A	Q00944	PF07714	1
4d4s	B	Q00944	PF07714	1
4d4v	A	Q00944	PF07714	1
4d4v	B	Q00944	PF07714	1
4d4y	A	Q00944	PF07714	1
4d4y	B	Q00944	PF07714	1
4d55	A	Q00944	PF07714	1
4d58	A	Q00944	PF07714	1
4d58	B	Q00944	PF07714	1
4d5h	A	Q00944	PF07714	1
4d5h	B	Q00944	PF07714	1
4d5k	A	Q00944	PF07714	1
4d5k	B	Q00944	PF07714	1
4d9t	A	P51812	PF00069	1
4d9u	A	P51812	PF00069	1
4daw	A	Q13153	PF00069	1
4dbn	A	P15056	PF07714	1
4dbn	B	P15056	PF07714	1
4dc2	A	Q62074	PF00069	1
4dce	A	Q9UM73	PF07714	1
4dce	B	Q9UM73	PF07714	1
4dea	A	O14965	PF00069	1
4deb	A	O14965	PF00069	1
4ded	A	O14965	PF00069	1
4dee	A	O14965	PF00069	1
4deg	A	P08581	PF07714	1
4deh	A	P08581	PF07714	1
4dei	A	P08581	PF07714	1
4dfl	A	P43405	PF07714	1
4dfn	A	P43405	PF07714	1
4dfx	E	P05132	PF00069	1
4dfy	A	P05132	PF00069	1
4dfy	E	P05132	PF00069	1
4dfz	E	P05132	PF00069	1
4dg0	E	P05132	PF00069	1
4dg2	E	P05132	PF00069	1
4dg3	E	P05132	PF00069	1
4dgg	A	P00523	PF07714	1
4dgg	B	P00523	PF07714	1
4dgl	C	P68400	PF00069	1
4dgl	D	P68400	PF00069	1
4dgm	A	P28523	PF00069	1
4dgn	A	P28523	PF00069	1
4dh1	A	P05132	PF00069	1
4dh3	A	P05132	PF00069	1
4dh5	A	P05132	PF00069	1
4dh7	A	P05132	PF00069	1
4dh8	A	P05132	PF00069	1
4dhf	A	O14965	PF00069	1
4dhf	B	O14965	PF00069	1
4din	A	P05132	PF00069	1
4dit	A	P49841	PF00069	1
4dli	A	Q16539	PF00069	1
4dlj	A	Q16539	PF00069	1
4dn5	A	Q99558	PF00069	1
4dn5	B	Q99558	PF00069	1
4dtk	A	P11309	PF00069	1
4dym	A	Q04771	PF07714	1
4e1z	A	Q9R117	PF07714	1
4e20	A	Q9R117	PF07714	1
4e26	A	P15056	PF07714	1
4e26	B	P15056	PF07714	1
4e3c	A	O14920	PF00069	1
4e3c	B	O14920	PF00069	1
4e3c	C	O14920	PF00069	1
4e3c	D	O14920	PF00069	1
4e3c	E	O14920	PF00069	1
4e3c	F	O14920	PF00069	1
4e4l	A	P23458	PF07714	1
4e4l	B	P23458	PF07714	1
4e4l	D	P23458	PF07714	1
4e4l	E	P23458	PF07714	1
4e4m	A	O60674	PF07714	1
4e4m	B	O60674	PF07714	1
4e4m	D	O60674	PF07714	1
4e4m	E	O60674	PF07714	1
4e4n	A	P23458	PF07714	1
4e4n	B	P23458	PF07714	1
4e4x	A	P15056	PF07714	1
4e4x	B	P15056	PF07714	1
4e5a	X	Q16539	PF00069	1
4e5b	A	Q16539	PF00069	1
4e5w	A	P23458	PF07714	1
4e5w	B	P23458	PF07714	1
4e6a	A	Q16539	PF00069	1
4e6c	A	Q16539	PF00069	1
4e6d	A	O60674	PF07714	1
4e6d	B	O60674	PF07714	1
4e6q	A	O60674	PF07714	1
4e6q	B	O60674	PF07714	1
4e73	A	P45983	PF00069	1
4e7w	A	V5EW26	PF00069	0.956
4e8a	A	Q16539	PF00069	1
4e93	A	P07332	PF07714	1
4ebv	A	Q05397	PF07714	1
4ebw	A	Q05397	PF07714	1
4ec8	A	P50750	PF00069	1
4ec9	A	P50750	PF00069	1
4eev	A	P08581	PF07714	1
4eh2	A	Q16539	PF00069	1
4eh3	A	Q16539	PF00069	1
4eh4	A	Q16539	PF00069	1
4eh5	A	Q16539	PF00069	1
4eh6	A	Q16539	PF00069	1
4eh7	A	Q16539	PF00069	1
4eh8	A	Q16539	PF00069	1
4eh9	A	Q16539	PF00069	1
4ehe	A	P15056	PF07714	1
4ehe	B	P15056	PF07714	1
4ehg	A	P15056	PF07714	1
4ehg	B	P15056	PF07714	1
4ehv	A	Q16539	PF00069	1
4ehz	A	P23458	PF07714	1
4ehz	B	P23458	PF07714	1
4ehz	C	P23458	PF07714	1
4ehz	D	P23458	PF07714	1
4ei4	A	P23458	PF07714	1
4ei4	B	P23458	PF07714	1
4ejn	A	P31749	PF00069	1
4ek3	A	P24941	PF00069	1
4ek4	A	P24941	PF00069	1
4ek5	A	P24941	PF00069	1
4ek6	A	P24941	PF00069	1
4ek8	A	P24941	PF00069	1
4ekk	A	P31749	PF00069	1
4ekk	B	P31749	PF00069	1
4ekl	A	P31749	PF00069	1
4el9	A	P18654	PF00069	1
4enx	A	P11309	PF00069	1
4eny	A	P11309	PF00069	1
4eoi	A	P24941	PF00069	1
4eoi	C	P24941	PF00069	1
4eoj	A	P24941	PF00069	1
4eoj	C	P24941	PF00069	1
4eok	A	P24941	PF00069	1
4eok	C	P24941	PF00069	1
4eol	A	P24941	PF00069	1
4eol	C	P24941	PF00069	1
4eom	A	P24941	PF00069	1
4eom	C	P24941	PF00069	1
4eon	A	P24941	PF00069	1
4eon	C	P24941	PF00069	1
4eoo	A	P24941	PF00069	1
4eoo	C	P24941	PF00069	1
4eop	A	P24941	PF00069	1
4eop	C	P24941	PF00069	1
4eoq	A	P24941	PF00069	1
4eoq	C	P24941	PF00069	1
4eor	A	P24941	PF00069	1
4eor	C	P24941	PF00069	1
4eos	A	P24941	PF00069	1
4eos	C	P24941	PF00069	1
4eqc	A	Q13153	PF00069	1
4equ	A	O94804	PF00069	1
4equ	B	O94804	PF00069	1
4erk	A	P63086	PF00069	1
4erw	A	P24941	PF00069	1
4eut	A	Q9UHD2	PF00069	1
4eut	B	Q9UHD2	PF00069	1
4euu	A	Q9UHD2	PF00069	1
4euu	B	Q9UHD2	PF00069	1
4ewh	A	Q07912	PF07714	1
4ewh	B	Q07912	PF07714	1
4ewq	A	Q16539	PF00069	1
4eyj	A	O15264	PF00069	1
4eym	A	O15264	PF00069	1
4ez3	A	P24941	PF00069	1
4ez5	A	Q00534	PF00069	1
4ez7	A	P24941	PF00069	1
4f08	A	O60674	PF07714	1
4f08	B	O60674	PF07714	1
4f09	A	O60674	PF07714	1
4f0f	A	Q6XHB2	PF07714	1
4f0g	A	Q6XHB2	PF07714	1
4f0i	A	P04629	PF07714	1
4f0i	B	P04629	PF07714	1
4f1m	A	Q6XHB2	PF07714	1
4f1o	A	Q6XHB2	PF07714	1
4f1t	A	Q6XHB2	PF07714	1
4f4p	A	P43405	PF07714	1
4f63	A	P11362	PF07714	1
4f63	B	P11362	PF07714	1
4f64	A	P11362	PF07714	1
4f64	B	P11362	PF07714	1
4f65	A	P11362	PF07714	1
4f65	B	P11362	PF07714	1
4f6s	A	P49336	PF00069	1
4f6u	A	P49336	PF00069	1
4f6w	A	P49336	PF00069	1
4f70	A	P49336	PF00069	1
4f7j	A	P49336	PF00069	1
4f7l	A	P49336	PF00069	1
4f7n	A	P49336	PF00069	1
4f7s	A	P49336	PF00069	1
4f99	A	O00311	PF00069	0.992
4f99	A	O00311	PF00069	1
4f9a	A	O00311	PF00069	0.992
4f9a	A	O00311	PF00069	1
4f9a	C	O00311	PF00069	1
4f9a	C	O00311	PF00069	0.992
4f9b	A	O00311	PF00069	1
4f9b	A	O00311	PF00069	0.992
4f9b	C	O00311	PF00069	1
4f9b	C	O00311	PF00069	0.992
4f9c	A	O00311	PF00069	1
4f9c	A	O00311	PF00069	0.992
4f9w	A	Q16539	PF00069	1
4f9y	A	Q16539	PF00069	1
4fa2	A	Q16539	PF00069	1
4fbx	A	P68400	PF00069	1
4fc0	A	P15056	PF07714	1
4fc0	B	P15056	PF07714	1
4feq	A	P55144	PF07714	1
4ff8	A	P55144	PF07714	1
4fg7	A	Q14012	PF00069	1
4fg8	A	Q14012	PF00069	1
4fg8	B	Q14012	PF00069	1
4fg9	A	Q14012	PF00069	1
4fg9	B	Q14012	PF00069	1
4fgb	A	Q14012	PF00069	1
4fi1	A	P15790	PF00069	1
4fic	A	P00523	PF07714	1
4fic	B	P00523	PF07714	1
4fie	A	O96013	PF00069	1
4fie	B	O96013	PF00069	1
4fif	A	O96013	PF00069	1
4fif	B	O96013	PF00069	1
4fig	A	O96013	PF00069	1
4fig	B	O96013	PF00069	1
4fih	A	O96013	PF00069	1
4fii	A	O96013	PF00069	1
4fij	A	O96013	PF00069	1
4fk3	A	P15056	PF07714	1
4fk3	B	P15056	PF07714	1
4fk6	A	P23458	PF07714	1
4fk6	B	P23458	PF07714	1
4fkg	A	P24941	PF00069	1
4fki	A	P24941	PF00069	1
4fkj	A	P24941	PF00069	1
4fkl	A	P24941	PF00069	1
4fko	A	P24941	PF00069	1
4fkp	A	P24941	PF00069	1
4fkq	A	P24941	PF00069	1
4fkr	A	P24941	PF00069	1
4fks	A	P24941	PF00069	1
4fkt	A	P24941	PF00069	1
4fku	A	P24941	PF00069	1
4fkv	A	P24941	PF00069	1
4fkw	A	P24941	PF00069	1
4fl1	A	P43405	PF07714	1
4fl2	A	P43405	PF07714	1
4fl3	A	P43405	PF07714	1
4fmq	A	P28482	PF00069	1
4fnw	A	Q9UM73	PF07714	1
4fnx	A	Q9UM73	PF07714	1
4fny	A	Q9UM73	PF07714	1
4fnz	A	Q9UM73	PF07714	1
4fob	A	Q9UM73	PF07714	1
4foc	A	Q9UM73	PF07714	1
4fod	A	Q9UM73	PF07714	1
4fr4	A	Q8WU08	PF00069	1
4fr4	B	Q8WU08	PF00069	1
4fr4	C	Q8WU08	PF00069	1
4fr4	D	Q8WU08	PF00069	1
4fr4	E	Q8WU08	PF00069	1
4fr4	F	Q8WU08	PF00069	1
4fsm	A	O14757	PF00069	1
4fsn	A	O14757	PF00069	1
4fsq	A	O14757	PF00069	1
4fsr	A	O14757	PF00069	1
4fst	A	O14757	PF00069	1
4fsu	A	O14757	PF00069	1
4fsw	A	O14757	PF00069	1
4fsy	A	O14757	PF00069	1
4fsz	A	O14757	PF00069	1
4ft0	A	O14757	PF00069	1
4ft3	A	O14757	PF00069	1
4ft5	A	O14757	PF00069	1
4ft7	A	O14757	PF00069	1
4ft9	A	O14757	PF00069	1
4fta	A	O14757	PF00069	1
4ftc	A	O14757	PF00069	1
4fti	A	O14757	PF00069	1
4ftj	A	O14757	PF00069	1
4ftk	A	O14757	PF00069	1
4ftl	A	O14757	PF00069	1
4ftm	A	O14757	PF00069	1
4ftn	A	O14757	PF00069	1
4fto	A	O14757	PF00069	1
4ftq	A	O14757	PF00069	1
4ftr	A	O14757	PF00069	1
4ftt	A	O14757	PF00069	1
4ftu	A	O14757	PF00069	1
4fux	A	P28482	PF00069	1
4fuy	A	P28482	PF00069	1
4fv0	A	P28482	PF00069	1
4fv1	A	P28482	PF00069	1
4fv2	A	P28482	PF00069	1
4fv3	A	P28482	PF00069	1
4fv4	A	P28482	PF00069	1
4fv5	A	P28482	PF00069	1
4fv6	A	P28482	PF00069	1
4fv7	A	P28482	PF00069	1
4fv8	A	P28482	PF00069	1
4fv9	A	P28482	PF00069	1
4fvp	A	O60674	PF07714	1
4fvq	A	O60674	PF07714	1
4fvr	A	O60674	PF07714	1
4fx3	A	P24941	PF00069	1
4fx3	C	P24941	PF00069	1
4fyn	A	P43405	PF07714	1
4fyo	A	P43405	PF07714	1
4fz6	A	P43405	PF07714	1
4fz7	A	P43405	PF07714	1
4fza	B	Q9P289	PF00069	1
4fzd	B	Q9P289	PF00069	1
4fzf	B	Q9P289	PF00069	1
4g16	A	Q9Y6M4	PF00069	1
4g17	A	Q9Y6M4	PF00069	1
4g1w	A	P45983	PF00069	1
4g2f	A	P29320	PF07714	1
4g31	A	Q9NZJ5	PF00069	0.81
4g31	A	Q9NZJ5	PF00069	0.977
4g34	A	Q9NZJ5	PF00069	0.81
4g34	A	Q9NZJ5	PF00069	0.977
4g3c	A	Q9WUL6	PF00069	1
4g3c	B	Q9WUL6	PF00069	1
4g3d	A	Q99558	PF00069	1
4g3d	B	Q99558	PF00069	1
4g3d	D	Q99558	PF00069	1
4g3d	E	Q99558	PF00069	1
4g3e	A	Q9WUL6	PF00069	1
4g3e	B	Q9WUL6	PF00069	1
4g3f	A	Q9WUL6	PF00069	1
4g3g	A	Q9WUL6	PF00069	1
4g5j	A	P00533	PF07714	1
4g5p	A	P00533	PF07714	1
4g5p	B	P00533	PF07714	1
4g6l	A	P49336	PF00069	1
4g6n	A	P28482	PF00069	1
4g6o	A	P28482	PF00069	1
4g9c	A	P15056	PF07714	1
4g9c	B	P15056	PF07714	1
4g9r	A	P15056	PF07714	1
4g9r	B	P15056	PF07714	1
4gcj	A	P24941	PF00069	1
4geo	A	Q16539	PF00069	1
4gfg	A	P43405	PF07714	1
4gfm	A	O60674	PF07714	1
4gfo	A	P29597	PF07714	1
4gg5	A	P08581	PF07714	1
4gg7	A	P08581	PF07714	1
4gh2	A	O14757	PF00069	1
4gih	A	P29597	PF07714	1
4gii	A	P29597	PF07714	1
4gj2	A	P29597	PF07714	1
4gj3	A	P29597	PF07714	1
4gk2	A	P29320	PF07714	1
4gk3	A	P29320	PF07714	1
4gk4	A	P29320	PF07714	1
4gl9	A	Q62120	PF07714	1
4gl9	B	Q62120	PF07714	1
4gl9	C	Q62120	PF07714	1
4gl9	D	Q62120	PF07714	1
4gmy	A	O60674	PF07714	1
4grb	A	P68400	PF00069	1
4gs6	A	O43318	PF07714	1
4gsb	A	P63086	PF00069	1
4gt3	A	P63086	PF00069	1
4gt4	A	Q01974	PF07714	1
4gt4	B	Q01974	PF07714	1
4gt5	A	P04629	PF07714	1
4gu6	A	Q05397	PF07714	1
4gu6	B	Q05397	PF07714	1
4gu9	A	Q05397	PF07714	1
4gu9	B	Q05397	PF07714	1
4gub	A	P68400	PF00069	1
4gue	A	P18654	PF00069	1
4gv1	A	P31749	PF00069	1
4gva	A	P63086	PF00069	1
4gvj	A	P29597	PF07714	1
4gw8	A	P11309	PF00069	1
4h1j	A	Q14289	PF07714	1
4h1m	A	Q14289	PF07714	1
4h36	A	P53779	PF00069	1
4h39	A	P53779	PF00069	1
4h3b	A	P53779	PF00069	1
4h3b	C	P53779	PF00069	1
4h3p	A	P28482	PF00069	1
4h3p	D	P28482	PF00069	1
4h3q	A	P28482	PF00069	1
4h58	A	P15056	PF07714	1
4h58	B	P15056	PF07714	1
4h58	C	P15056	PF07714	1
4hct	A	Q08881	PF07714	1
4hcu	A	Q08881	PF07714	1
4hcv	A	Q08881	PF07714	1
4hge	A	O60674	PF07714	1
4hge	B	O60674	PF07714	1
4hgl	A	Q9Y6M4	PF00069	1
4hgs	A	Q9Y6M4	PF00069	1
4hgt	A	P48730	PF00069	1
4hgt	B	P48730	PF00069	1
4hjo	A	P00533	PF07714	1
4hnf	A	P48730	PF00069	1
4hnf	B	P48730	PF00069	1
4hni	A	P49674	PF00069	1
4hni	B	P49674	PF00069	1
4hok	A	P49674	PF00069	1
4hok	C	P49674	PF00069	1
4hok	E	P49674	PF00069	1
4hok	G	P49674	PF00069	1
4hok	I	P49674	PF00069	1
4hok	K	P49674	PF00069	1
4hok	M	P49674	PF00069	1
4hok	O	P49674	PF00069	1
4hok	Q	P49674	PF00069	1
4hok	S	P49674	PF00069	1
4hok	U	P49674	PF00069	1
4hok	W	P49674	PF00069	1
4hpt	E	P05132	PF00069	1
4hpu	E	P05132	PF00069	1
4hvd	A	P52333	PF07714	1
4hvg	A	P52333	PF07714	1
4hvh	A	P52333	PF07714	1
4hvi	A	P52333	PF07714	1
4hvs	A	P10721	PF07714	0.827
4hw7	A	P07333	PF07714	0.86
4hyh	A	O14757	PF00069	1
4hyi	A	O14757	PF00069	1
4hys	A	P45983	PF00069	1
4hyu	A	P45983	PF00069	1
4hzr	A	Q07912	PF07714	1
4hzr	B	Q07912	PF07714	1
4hzs	A	Q07912	PF07714	1
4hzs	B	Q07912	PF07714	1
4hzs	C	Q07912	PF07714	1
4hzs	D	Q07912	PF07714	1
4i0r	A	P43405	PF07714	1
4i0s	A	P43405	PF07714	1
4i0t	A	P43405	PF07714	1
4i1z	A	P00533	PF07714	1
4i20	A	P00533	PF07714	1
4i21	A	P00533	PF07714	1
4i21	B	P00533	PF07714	1
4i22	A	P00533	PF07714	1
4i23	A	P00533	PF07714	1
4i24	A	P00533	PF07714	1
4i24	B	P00533	PF07714	1
4i3z	A	P24941	PF00069	1
4i3z	C	P24941	PF00069	1
4i41	A	P11309	PF00069	1
4i4e	A	Q05397	PF07714	1
4i4f	A	Q05397	PF07714	1
4i5c	A	P23458	PF07714	1
4i5c	B	P23458	PF07714	1
4i5h	A	P63086	PF00069	1
4i5m	A	Q9NYY3	PF00069	1
4i5p	A	Q9NYY3	PF00069	1
4i6b	A	Q9NYY3	PF00069	1
4i6f	A	Q9NYY3	PF00069	1
4i6h	A	Q9NYY3	PF00069	1
4i6q	A	P52333	PF07714	1
4i92	A	Q9FHD7	PF07714	1
4i93	A	Q9FHD7	PF07714	1
4i93	B	Q9FHD7	PF07714	1
4i94	A	Q9FHD7	PF07714	1
4i94	B	Q9FHD7	PF07714	1
4iaa	A	P11309	PF00069	1
4iac	A	P05132	PF00069	1
4iad	A	P05132	PF00069	1
4iaf	A	P05132	PF00069	1
4iai	A	P05132	PF00069	1
4iak	A	P05132	PF00069	1
4ian	A	Q13523	PF00069	1
4ian	B	Q13523	PF00069	1
4iay	A	P05132	PF00069	1
4iaz	A	P05132	PF00069	1
4ib0	A	P05132	PF00069	1
4ib1	A	P05132	PF00069	1
4ib3	A	P05132	PF00069	1
4ib5	A	P68400	PF00069	1
4ib5	B	P68400	PF00069	1
4ib5	C	P68400	PF00069	1
4ibm	A	P06213	PF07714	1
4ibm	B	P06213	PF07714	1
4ic7	A	Q13164	PF00069	1
4ic7	D	Q13164	PF00069	1
4ic8	A	Q13164	PF00069	1
4ic8	B	Q13164	PF00069	1
4id7	A	Q07912	PF07714	1
4idt	A	Q99558	PF00069	1
4idt	B	Q99558	PF00069	1
4idv	A	Q99558	PF00069	1
4idv	B	Q99558	PF00069	1
4idv	C	Q99558	PF00069	1
4idv	D	Q99558	PF00069	1
4ie9	A	P00517	PF00069	1
4ifc	A	Q13523	PF00069	1
4ifc	B	Q13523	PF00069	1
4ii5	A	P24941	PF00069	1
4ii5	C	P24941	PF00069	1
4iir	A	Q13523	PF00069	1
4iir	B	Q13523	PF00069	1
4ij9	A	P00517	PF00069	1
4ijp	A	Q13523	PF00069	1
4ijp	B	Q13523	PF00069	1
4im0	A	Q9UHD2	PF00069	1
4im2	A	Q9UHD2	PF00069	1
4im3	A	Q9UHD2	PF00069	1
4imy	A	P50750	PF00069	1
4imy	C	P50750	PF00069	1
4imy	E	P50750	PF00069	1
4iq6	A	P49841	PF00069	1
4iq6	B	P49841	PF00069	1
4ith	A	Q13546	PF07714	1
4ith	B	Q13546	PF07714	1
4iti	A	Q13546	PF07714	1
4iti	B	Q13546	PF07714	1
4itj	A	Q13546	PF07714	1
4itj	B	Q13546	PF07714	1
4iva	A	O60674	PF07714	1
4ivb	A	P23458	PF07714	1
4ivb	B	P23458	PF07714	1
4ivc	A	P23458	PF07714	1
4ivc	B	P23458	PF07714	1
4ivd	A	P23458	PF07714	1
4ivd	B	P23458	PF07714	1
4iw0	A	Q9UHD2	PF00069	1
4iwd	A	P08581	PF07714	1
4iwo	A	Q9UHD2	PF00069	1
4iwp	A	Q9UHD2	PF00069	1
4iwq	A	Q9UHD2	PF00069	1
4ix3	A	C1EBN1	PF00069	1
4ix3	B	C1EBN1	PF00069	1
4ix4	A	C1EBN1	PF00069	1
4ix4	B	C1EBN1	PF00069	1
4ix5	A	C1EBN1	PF00069	1
4ix5	B	C1EBN1	PF00069	1
4ix6	A	C1EBN1	PF00069	1
4ix6	B	C1EBN1	PF00069	1
4ixp	A	Q14680	PF00069	1
4iz5	A	P28482	PF00069	1
4iz5	B	P28482	PF00069	1
4iz5	C	P28482	PF00069	1
4iz5	D	P28482	PF00069	1
4iz7	A	P28482	PF00069	1
4iz7	C	P28482	PF00069	1
4iza	A	P28482	PF00069	1
4iza	C	P28482	PF00069	1
4izy	A	P45983	PF00069	1
4j1r	A	P49841	PF00069	1
4j1r	B	P49841	PF00069	1
4j1r	C	P49841	PF00069	1
4j1r	D	P49841	PF00069	1
4j52	A	P53350	PF00069	1
4j53	A	P53350	PF00069	1
4j71	A	P49841	PF00069	1
4j71	B	P49841	PF00069	1
4j8m	A	O14965	PF00069	1
4j8n	A	O14965	PF00069	1
4j8n	B	O14965	PF00069	1
4j8n	C	O14965	PF00069	1
4j8n	D	O14965	PF00069	1
4j95	A	P21802	PF07714	1
4j95	B	P21802	PF07714	1
4j95	C	P21802	PF07714	1
4j95	D	P21802	PF07714	1
4j96	A	P21802	PF07714	1
4j96	B	P21802	PF07714	1
4j97	A	P21802	PF07714	1
4j97	B	P21802	PF07714	1
4j97	C	P21802	PF07714	1
4j97	D	P21802	PF07714	1
4j98	A	P21802	PF07714	1
4j98	B	P21802	PF07714	1
4j99	A	P21802	PF07714	1
4j99	B	P21802	PF07714	1
4j99	C	P21802	PF07714	1
4j99	D	P21802	PF07714	1
4jai	A	O14965	PF00069	1
4jaj	A	O14965	PF00069	1
4jbo	A	O14965	PF00069	1
4jbp	A	O14965	PF00069	1
4jbq	A	O14965	PF00069	1
4jdh	A	O96013	PF00069	1
4jdi	A	O96013	PF00069	1
4jdj	A	O96013	PF00069	1
4jdk	A	O96013	PF00069	1
4jg6	A	P51812	PF00069	1
4jg7	A	P51812	PF00069	1
4jg8	A	P51812	PF00069	1
4ji9	A	O60674	PF07714	1
4ji9	B	O60674	PF07714	1
4jia	A	O60674	PF07714	1
4jik	A	O14757	PF00069	1
4jjr	A	Q9DC28	PF00069	1
4jjr	B	Q9DC28	PF00069	1
4jl9	A	Q9WUN2	PF00069	1
4jlc	A	Q9WUN2	PF00069	1
4jnw	A	Q8WZ42	PF00069	1
4jnw	B	Q8WZ42	PF00069	1
4joa	A	Q9UM73	PF07714	1
4jq7	A	P00533	PF07714	1
4jq8	A	P00533	PF07714	1
4jqe	A	P15790	PF00069	1
4jr3	A	P00533	PF07714	1
4jr7	A	P15790	PF00069	1
4jrv	A	P00533	PF07714	1
4js8	A	P33981	PF00069	1
4jt3	A	P33981	PF00069	1
4jvg	A	P15056	PF07714	1
4jvg	B	P15056	PF07714	1
4jvg	C	P15056	PF07714	1
4jvg	D	P15056	PF07714	1
4jx3	A	P11309	PF00069	1
4jx7	A	P11309	PF00069	1
4jxf	A	O00444	PF00069	1
4k0y	A	P11309	PF00069	1
4k11	A	P12931	PF07714	1
4k18	A	P11309	PF00069	1
4k1b	A	P11309	PF00069	1
4k2r	A	P43403	PF07714	1
4k33	A	P22607	PF07714	1
4k6z	A	P23458	PF07714	1
4k77	A	P23458	PF07714	1
4k77	B	P23458	PF07714	1
4k8a	A	Q05397	PF07714	1
4k8a	B	Q05397	PF07714	1
4k9y	A	Q05397	PF07714	1
4ka3	A	P47811	PF00069	1
4kab	A	Q05397	PF07714	1
4kab	B	Q05397	PF07714	1
4kao	A	Q05397	PF07714	1
4kao	B	Q05397	PF07714	1
4kb8	A	P48730	PF00069	1
4kb8	B	P48730	PF00069	1
4kb8	C	P48730	PF00069	1
4kb8	D	P48730	PF00069	1
4kba	A	P48730	PF00069	1
4kba	B	P48730	PF00069	1
4kba	C	P48730	PF00069	1
4kba	D	P48730	PF00069	1
4kbc	A	P48730	PF00069	1
4kbc	B	P48730	PF00069	1
4kbk	A	P48730	PF00069	1
4kbk	B	P48730	PF00069	1
4kbk	C	P48730	PF00069	1
4kbk	D	P48730	PF00069	1
4kd1	A	P24941	PF00069	1
4kik	A	O14920	PF00069	1
4kik	B	O14920	PF00069	1
4kin	A	Q16539	PF00069	1
4kin	B	Q16539	PF00069	1
4kin	C	Q16539	PF00069	1
4kin	D	Q16539	PF00069	1
4kio	A	Q08881	PF07714	1
4kio	B	Q08881	PF07714	1
4kio	C	Q08881	PF07714	1
4kio	D	Q08881	PF07714	1
4kip	A	Q16539	PF00069	1
4kip	B	Q16539	PF00069	1
4kiq	A	Q16539	PF00069	1
4kiq	B	Q16539	PF00069	1
4kiq	C	Q16539	PF00069	1
4kiq	D	Q16539	PF00069	1
4kke	A	P53779	PF00069	1
4kkg	A	P53779	PF00069	1
4kkh	A	P53779	PF00069	1
4knb	A	P08581	PF07714	1
4knb	B	P08581	PF07714	1
4knb	C	P08581	PF07714	1
4knb	D	P08581	PF07714	1
4krc	A	P17157	PF00069	1
4krd	A	P17157	PF00069	1
4ks7	A	Q9NQU5	PF00069	1
4ks8	A	Q9NQU5	PF00069	1
4ksp	A	P15056	PF07714	1
4ksp	B	P15056	PF07714	1
4ksq	A	P15056	PF07714	1
4ksq	B	P15056	PF07714	1
4kwp	A	P68400	PF00069	1
4l00	A	P23458	PF07714	1
4l00	B	P23458	PF07714	1
4l01	A	P23458	PF07714	1
4l01	B	P23458	PF07714	1
4l3j	A	P23443	PF00069	1
4l3l	A	P23443	PF00069	1
4l3p	A	O43318	PF07714	1
4l42	A	P23443	PF00069	1
4l43	A	P23443	PF00069	1
4l44	A	P23443	PF00069	1
4l45	A	P23443	PF00069	1
4l46	A	P23443	PF00069	1
4l52	A	O43318	PF07714	1
4l53	A	O43318	PF07714	1
4l67	A	O96013	PF00069	1
4l68	A	Q9LSI9	PF07714	1
4l68	B	Q9LSI9	PF07714	1
4l6q	A	O75116	PF00069	1
4l6q	B	O75116	PF00069	1
4l7f	A	P45983	PF00069	1
4l7s	A	Q08881	PF07714	1
4l7s	B	Q08881	PF07714	1
4l8m	A	Q16539	PF00069	1
4l9i	A	P28327	PF00069	1
4l9i	B	P28327	PF00069	1
4lfi	A	P15790	PF00069	1
4lfi	B	P15790	PF00069	1
4lg4	A	Q13188	PF00069	1
4lg4	B	Q13188	PF00069	1
4lg4	C	Q13188	PF00069	1
4lg4	D	Q13188	PF00069	1
4lg4	E	Q13188	PF00069	1
4lg4	F	Q13188	PF00069	1
4lgd	A	Q13188	PF00069	1
4lgd	B	Q13188	PF00069	1
4lgd	C	Q13188	PF00069	1
4lgd	D	Q13188	PF00069	1
4lgg	A	P00523	PF07714	1
4lgg	B	P00523	PF07714	1
4lgh	A	P00523	PF07714	1
4lgh	B	P00523	PF07714	1
4li5	A	P00533	PF07714	1
4ll0	A	P00533	PF07714	1
4ll0	B	P00533	PF07714	1
4ll5	A	P11309	PF00069	1
4lm5	A	P11309	PF00069	1
4lmn	A	Q02750	PF00069	1
4lmu	A	P11309	PF00069	1
4loo	A	P47811	PF00069	1
4lop	A	P47811	PF00069	1
4lop	B	P47811	PF00069	1
4lop	C	P47811	PF00069	1
4lop	D	P47811	PF00069	1
4loq	A	P47811	PF00069	1
4loq	B	P47811	PF00069	1
4loq	C	P47811	PF00069	1
4loq	D	P47811	PF00069	1
4lqm	A	P00533	PF07714	1
4lqp	A	P53894	PF00069	1
4lqq	A	P53894	PF00069	1
4lqq	D	P53894	PF00069	1
4lqs	A	P53894	PF00069	1
4lrm	A	P00533	PF07714	1
4lrm	B	P00533	PF07714	1
4lrm	C	P00533	PF07714	1
4lrm	D	P00533	PF07714	1
4lrm	E	P00533	PF07714	1
4lud	A	P08631	PF07714	1
4lud	B	P08631	PF07714	1
4lue	A	P08631	PF07714	1
4lue	B	P08631	PF07714	1
4lyn	A	P24941	PF00069	1
4m0y	A	Q08881	PF07714	1
4m0z	A	Q08881	PF07714	1
4m12	A	Q08881	PF07714	1
4m13	A	Q08881	PF07714	1
4m14	A	Q08881	PF07714	1
4m15	A	Q08881	PF07714	1
4m3q	A	Q12866	PF07714	1
4m3q	B	Q12866	PF07714	1
4m66	A	Q9QZL0	PF00069	1
4m66	B	Q9QZL0	PF00069	1
4m67	A	Q8NB16	PF07714	1
4m68	A	Q9D2Y4	PF07714	1
4m69	A	Q9QZL0	PF00069	1
4m69	B	Q9D2Y4	PF07714	1
4m7i	A	Q9NZJ5	PF00069	0.977
4m7i	A	Q9NZJ5	PF00069	0.81
4m8t	A	P18654	PF00069	1
4m97	A	F0V9W9	PF00069	1
4mao	A	P18654	PF00069	1
4mbi	A	P11309	PF00069	1
4mbj	A	P15056	PF07714	1
4mbj	B	P15056	PF07714	1
4mbl	A	P11309	PF00069	1
4mcv	A	P00523	PF07714	1
4mcv	B	P00523	PF07714	1
4md7	E	P68400	PF00069	1
4md7	F	P68400	PF00069	1
4md7	G	P68400	PF00069	1
4md7	H	P68400	PF00069	1
4md8	E	P68400	PF00069	1
4md8	F	P68400	PF00069	1
4md8	G	P68400	PF00069	1
4md8	H	P68400	PF00069	1
4md9	E	P68400	PF00069	1
4md9	F	P68400	PF00069	1
4md9	G	P68400	PF00069	1
4md9	H	P68400	PF00069	1
4md9	K	P68400	PF00069	1
4md9	L	P68400	PF00069	1
4md9	M	P68400	PF00069	1
4md9	P	P68400	PF00069	1
4mf0	A	Q08881	PF07714	1
4mf0	B	Q08881	PF07714	1
4mf1	A	Q08881	PF07714	1
4mf1	B	Q08881	PF07714	1
4mh7	A	Q12866	PF07714	1
4mh7	B	Q12866	PF07714	1
4mha	A	Q12866	PF07714	1
4mha	B	Q12866	PF07714	1
4mk0	A	P25098	PF00069	1
4mkc	A	Q9UM73	PF07714	1
4mne	A	Q02750	PF00069	1
4mne	B	P15056	PF07714	1
4mne	C	P15056	PF07714	1
4mne	D	Q02750	PF00069	1
4mne	E	Q02750	PF00069	1
4mne	F	P15056	PF07714	1
4mne	G	P15056	PF07714	1
4mne	H	Q02750	PF00069	1
4mnf	A	P15056	PF07714	1
4mnf	B	P15056	PF07714	1
4mq1	A	Q13627	PF00069	1
4mq1	B	Q13627	PF00069	1
4mq1	C	Q13627	PF00069	1
4mq1	D	Q13627	PF00069	1
4mq2	A	Q13627	PF00069	1
4mq2	B	Q13627	PF00069	1
4mq2	C	Q13627	PF00069	1
4mq2	D	Q13627	PF00069	1
4mta	A	P11309	PF00069	1
4mwh	A	P15790	PF00069	1
4mwi	A	Q8NB16	PF07714	1
4mx9	A	F0V9W9	PF00069	1
4mxa	A	F0V9W9	PF00069	1
4mxc	A	P08581	PF07714	1
4mxo	A	P12931	PF07714	1
4mxo	B	P12931	PF07714	1
4mxx	A	P12931	PF07714	1
4mxx	B	P12931	PF07714	1
4mxy	A	P12931	PF07714	1
4mxy	B	P12931	PF07714	1
4mxz	A	P12931	PF07714	1
4mxz	B	P12931	PF07714	1
4myg	A	O15264	PF00069	1
4myg	B	O15264	PF00069	1
4n0s	A	P28482	PF00069	1
4n4s	A	P63086	PF00069	1
4n4s	B	P63086	PF00069	1
4n6y	A	P11309	PF00069	1
4n6z	A	P11309	PF00069	1
4n70	A	P11309	PF00069	1
4nct	A	Q13627	PF00069	1
4nct	B	Q13627	PF00069	1
4nct	C	Q13627	PF00069	1
4nct	D	Q13627	PF00069	1
4neu	A	Q13546	PF07714	1
4neu	B	Q13546	PF07714	1
4nfm	A	Q5TCY1	PF00069	1
4nfn	A	Q5TCY1	PF00069	1
4nh1	A	P68400	PF00069	1
4nh1	B	P68400	PF00069	1
4nif	A	Q15418	PF00069	1
4nif	B	P28482	PF00069	1
4nif	D	Q15418	PF00069	1
4nif	E	P28482	PF00069	1
4nj3	A	P24941	PF00069	1
4njd	A	O96013	PF00069	1
4nk9	A	P11362	PF07714	1
4nk9	B	P11362	PF07714	1
4nka	A	P11362	PF07714	1
4nka	B	P11362	PF07714	1
4nks	A	P11362	PF07714	1
4nks	B	P11362	PF07714	1
4nm0	A	P49841	PF00069	1
4nm3	A	P49841	PF00069	1
4nm5	A	P49841	PF00069	1
4nm7	A	P49841	PF00069	1
4nst	A	Q9NYV4	PF00069	1
4nst	C	Q9NYV4	PF00069	1
4nt4	A	Q86NK8	PF00069	1
4nts	A	P05132	PF00069	1
4nts	B	P05132	PF00069	1
4ntt	A	P05132	PF00069	1
4ntt	B	P05132	PF00069	1
4nu1	A	Q9WV60	PF00069	1
4nus	A	P51812	PF00069	1
4nw5	A	P51812	PF00069	1
4nw6	A	P51812	PF00069	1
4nwm	A	Q06187	PF07714	1
4nwm	B	Q06187	PF07714	1
4nzw	B	O00506	PF00069	1
4o0r	A	Q13153	PF00069	1
4o0r	B	Q13153	PF00069	1
4o0s	A	O14965	PF00069	1
4o0t	A	Q13153	PF00069	1
4o0t	B	Q13153	PF00069	1
4o0u	A	O14965	PF00069	1
4o0v	A	O96013	PF00069	1
4o0w	A	O14965	PF00069	1
4o0x	A	O96013	PF00069	1
4o0y	A	O96013	PF00069	1
4o21	A	P05132	PF00069	1
4o22	A	P05132	PF00069	1
4o27	B	Q9Y6E0	PF00069	1
4o2p	A	P00523	PF07714	1
4o2p	B	P00523	PF07714	1
4o38	A	O14976	PF00069	1
4o38	B	O14976	PF00069	1
4o6e	A	P28482	PF00069	1
4o6l	A	P33981	PF00069	1
4o6l	B	P33981	PF00069	1
4o91	A	O43318	PF07714	1
4oau	C	Q05823	PF00069	1
4oav	B	Q05823	PF00069	1
4oav	D	Q05823	PF00069	1
4obo	A	O95819	PF00069	1
4obo	B	O95819	PF00069	1
4obp	A	O95819	PF00069	1
4obp	B	O95819	PF00069	1
4obq	A	O95819	PF00069	1
4obq	B	O95819	PF00069	1
4ogr	A	P50750	PF00069	1
4ogr	E	P50750	PF00069	1
4ogr	I	P50750	PF00069	1
4oh4	A	O22476	PF07714	1
4oh4	B	O22476	PF07714	1
4oli	A	P29597	PF07714	1
4or5	A	P50750	PF00069	1
4or5	F	P50750	PF00069	1
4ot5	A	Q06187	PF07714	1
4ot6	A	Q06187	PF07714	1
4otd	A	Q16512	PF00069	1
4otf	A	Q06187	PF07714	1
4otg	A	Q16512	PF00069	1
4oth	A	Q16512	PF00069	1
4oti	A	Q16512	PF00069	1
4otq	A	Q06187	PF07714	1
4otr	A	Q06187	PF07714	1
4ow8	A	P9WI83	PF00069	1
4p2k	A	P29317	PF07714	1
4p4c	A	P29320	PF07714	1
4p5q	A	P29320	PF07714	1
4p5z	A	P29320	PF07714	1
4p7e	A	O60674	PF07714	1
4p7e	B	O60674	PF07714	1
4p90	A	Q13153	PF00069	1
4p90	B	Q13153	PF00069	1
4pdo	A	P29317	PF07714	1
4pdo	B	P29317	PF07714	1
4pdp	A	P22216	PF00069	1
4pdp	B	P22216	PF00069	1
4pds	A	P22216	PF00069	1
4pds	B	P22216	PF00069	1
4pf4	A	P53355	PF00069	1
4pl3	A	Q9EQY0	PF00069	1
4pl3	B	Q9EQY0	PF00069	1
4pl4	A	Q9EQY0	PF00069	1
4pl4	B	Q9EQY0	PF00069	1
4pl4	C	Q9EQY0	PF00069	1
4pl4	D	Q9EQY0	PF00069	1
4pl5	A	Q9EQY0	PF00069	1
4pl5	B	Q9EQY0	PF00069	1
4pl5	C	Q9EQY0	PF00069	1
4pl5	D	Q9EQY0	PF00069	1
4pmm	A	P04629	PF07714	1
4pmp	A	P04629	PF07714	1
4pms	A	P04629	PF07714	1
4pmt	A	P04629	PF07714	1
4pni	A	P28327	PF00069	1
4pnk	A	P25098	PF00069	1
4pp7	A	P15056	PF07714	1
4pp7	B	P15056	PF07714	1
4pp9	A	Q08881	PF07714	1
4pp9	B	Q08881	PF07714	1
4ppa	A	Q08881	PF07714	1
4ppa	B	Q08881	PF07714	1
4ppb	A	Q08881	PF07714	1
4ppb	B	Q08881	PF07714	1
4ppc	A	Q08881	PF07714	1
4ppc	B	Q08881	PF07714	1
4pqn	A	Q08881	PF07714	1
4prj	A	O14965	PF00069	1
4ptc	A	P49841	PF00069	1
4ptc	B	P49841	PF00069	1
4pte	A	P49841	PF00069	1
4pte	B	P49841	PF00069	1
4ptg	A	P49841	PF00069	1
4ptg	B	P49841	PF00069	1
4puz	A	P43405	PF07714	1
4puz	B	P43405	PF07714	1
4pv0	A	P43405	PF07714	1
4pwn	A	Q9H4A3	PF00069	1
4px6	A	P43405	PF07714	1
4py1	A	P29597	PF07714	1
4q2a	A	Q9JIH7	PF00069	1
4q5j	A	O22476	PF07714	1
4q5j	B	O22476	PF07714	1
4q9s	A	Q05397	PF07714	1
4q9z	A	Q04759	PF00069	1
4q9z	B	Q04759	PF00069	1
4qd6	A	Q08881	PF07714	1
4qd6	B	Q08881	PF07714	1
4qfg	A	P54645	PF00069	1
4qfr	A	P54645	PF00069	1
4qfs	A	P54645	PF00069	1
4qml	A	Q9Y6E0	PF00069	1
4qmm	A	Q9Y6E0	PF00069	1
4qmn	A	Q9Y6E0	PF00069	1
4qmo	A	Q9Y6E0	PF00069	1
4qmp	A	Q9Y6E0	PF00069	1
4qmq	A	Q9Y6E0	PF00069	1
4qms	A	Q9Y6E0	PF00069	1
4qmt	A	Q9Y6E0	PF00069	1
4qmu	A	Q9Y6E0	PF00069	1
4qmv	A	Q9Y6E0	PF00069	1
4qmw	A	Q9Y6E0	PF00069	1
4qmx	A	Q9Y6E0	PF00069	1
4qmy	A	Q9Y6E0	PF00069	1
4qmz	A	Q9Y6E0	PF00069	1
4qna	A	Q9Y6E0	PF00069	1
4qo9	A	Q9Y6E0	PF00069	1
4qo9	B	Q9Y6E0	PF00069	1
4qox	A	Q8IBS5	PF00069	1
4qp1	A	P28482	PF00069	1
4qp1	B	P28482	PF00069	1
4qp2	A	P28482	PF00069	1
4qp2	B	P28482	PF00069	1
4qp3	A	P28482	PF00069	1
4qp3	B	P28482	PF00069	1
4qp4	A	P28482	PF00069	1
4qp4	B	P28482	PF00069	1
4qp6	A	P28482	PF00069	1
4qp6	B	P28482	PF00069	1
4qp7	A	P28482	PF00069	1
4qp7	B	P28482	PF00069	1
4qp8	A	P28482	PF00069	1
4qp8	B	P28482	PF00069	1
4qp9	A	P28482	PF00069	1
4qpa	A	P28482	PF00069	1
4qpa	B	P28482	PF00069	1
4qpm	A	O43683	PF00069	1
4qpm	B	O43683	PF00069	1
4qps	A	P52333	PF07714	1
4qps	C	P52333	PF07714	1
4qq5	A	P22455	PF07714	1
4qqc	A	P22455	PF07714	1
4qqj	A	P22455	PF07714	1
4qqt	A	P22455	PF07714	1
4qrc	A	P22455	PF07714	1
4qt1	A	P52333	PF07714	1
4qta	A	P28482	PF00069	1
4qtb	A	P27361	PF00069	1
4qtb	B	P27361	PF00069	1
4qtd	A	P45983	PF00069	1
4qte	A	P28482	PF00069	1
4qye	A	O14757	PF00069	1
4qyf	A	O14757	PF00069	1
4qyg	A	O14757	PF00069	1
4qyg	B	O14757	PF00069	1
4qyh	A	O14757	PF00069	1
4qyh	B	O14757	PF00069	1
4qyy	A	P63086	PF00069	1
4r1v	A	P08581	PF07714	1
4r1y	A	P08581	PF07714	1
4r3c	A	Q16539	PF00069	1
4r3p	A	P00533	PF07714	1
4r3r	A	P00533	PF07714	1
4r5s	A	P00533	PF07714	1
4r5y	A	P15056	PF07714	1
4r5y	B	P15056	PF07714	1
4r6v	A	P22455	PF07714	1
4r7h	A	P07333	PF07714	0.86
4r7i	A	P07333	PF07714	0.86
4r8q	A	O43683	PF00069	1
4ra4	A	P17252	PF00069	1
4ra5	A	Q04759	PF00069	1
4ra5	B	Q04759	PF00069	1
4rbl	A	P11309	PF00069	1
4rc2	A	P11309	PF00069	1
4rc3	A	P11309	PF00069	1
4rc4	A	P11309	PF00069	1
4red	A	Q13131	PF00069	1
4red	B	Q13131	PF00069	1
4rer	A	Q13131	PF00069	1
4rew	A	Q13131	PF00069	1
4rfm	A	Q08881	PF07714	1
4rfy	A	Q06187	PF07714	1
4rfz	A	Q06187	PF07714	1
4rg0	A	Q06187	PF07714	1
4rgj	A	Q8IBS5	PF00069	1
4rio	A	P52333	PF07714	1
4riw	A	P21860	PF07714	1
4riw	B	P00533	PF07714	1
4riw	C	P21860	PF07714	1
4riw	D	P00533	PF07714	1
4rix	A	P21860	PF07714	1
4rix	B	P00533	PF07714	1
4rix	C	P21860	PF07714	1
4rix	D	P00533	PF07714	1
4riy	A	P21860	PF07714	1
4riy	B	P00533	PF07714	1
4riy	C	P21860	PF07714	1
4riy	D	P00533	PF07714	1
4rj3	A	P24941	PF00069	1
4rj4	A	P00533	PF07714	1
4rj5	A	P00533	PF07714	1
4rj6	A	P00533	PF07714	1
4rj7	A	P00533	PF07714	1
4rj8	A	P00533	PF07714	1
4rlk	A	P28523	PF00069	1
4rll	A	P68400	PF00069	1
4rlo	A	P23443	PF00069	1
4rlo	B	P23443	PF00069	1
4rlp	A	P23443	PF00069	1
4rmz	A	Q9NWZ3	PF07714	1
4rmz	B	Q9NWZ3	PF07714	1
4rpv	A	P11309	PF00069	1
4rqk	A	O15530	PF00069	1
4rqv	A	O15530	PF00069	1
4rrv	A	O15530	PF00069	1
4rss	A	P43405	PF07714	1
4rt7	A	P36888	PF07714	1
4rvk	A	O14757	PF00069	1
4rvl	A	O14757	PF00069	1
4rvm	A	O14757	PF00069	1
4rvt	A	O95819	PF00069	1
4rvt	B	O95819	PF00069	1
4rwi	A	P11362	PF07714	1
4rwi	B	P11362	PF07714	1
4rwj	A	P11362	PF07714	1
4rwj	B	P11362	PF07714	1
4rwk	A	P11362	PF07714	1
4rwk	B	P11362	PF07714	1
4rwl	A	P11362	PF07714	1
4rwl	B	P11362	PF07714	1
4rx5	A	Q06187	PF07714	1
4rx7	A	P43405	PF07714	1
4rx8	A	P43405	PF07714	1
4rx9	A	P43405	PF07714	1
4rz7	A	A5K0N4	PF00069	1
4rzv	A	P15056	PF07714	1
4rzv	B	P15056	PF07714	1
4rzw	A	P15056	PF07714	1
4rzw	B	P15056	PF07714	1
4s2z	A	P63086	PF00069	1
4s30	A	P63086	PF00069	1
4s31	A	P63086	PF00069	1
4s32	A	P63086	PF00069	1
4s33	A	P63086	PF00069	1
4s34	A	P63086	PF00069	1
4tks	A	P00533	PF07714	1
4tl0	A	P53355	PF00069	1
4tn6	A	P48730	PF00069	1
4tn6	B	P48730	PF00069	1
4tnb	A	P34947	PF00069	1
4tnd	A	P34947	PF00069	1
4tpt	A	P53671	PF07714	1
4tpt	B	P53671	PF07714	1
4trl	A	P29317	PF07714	1
4tt7	A	Q9UM73	PF07714	1
4tth	B	Q00534	PF00069	1
4tw9	A	P48730	PF00069	1
4tw9	B	P48730	PF00069	1
4twc	A	P48730	PF00069	1
4twc	B	P48730	PF00069	1
4twn	A	P29320	PF07714	1
4two	A	P29320	PF07714	1
4twp	A	P00519	PF07714	1
4twp	B	P00519	PF07714	1
4txc	A	P53355	PF00069	1
4ty1	A	P11309	PF00069	1
4tye	A	P22455	PF07714	1
4tyg	A	P22455	PF07714	1
4tyh	A	P49137	PF00069	1
4tyh	B	P47811	PF00069	1
4tyi	A	P22455	PF07714	1
4tyj	A	P22455	PF07714	1
4u0i	A	P10721	PF07714	0.821
4u3y	A	O95819	PF00069	1
4u3y	B	O95819	PF00069	1
4u3z	A	O95819	PF00069	1
4u3z	B	O95819	PF00069	1
4u40	A	O95819	PF00069	1
4u40	B	O95819	PF00069	1
4u41	A	O95819	PF00069	1
4u41	B	O95819	PF00069	1
4u42	A	O95819	PF00069	1
4u42	B	O95819	PF00069	1
4u43	A	O95819	PF00069	1
4u43	B	O95819	PF00069	1
4u44	A	O95819	PF00069	1
4u44	B	O95819	PF00069	1
4u45	A	O95819	PF00069	1
4u45	B	O95819	PF00069	1
4u5j	A	P00523	PF07714	1
4u5j	B	P00523	PF07714	1
4u6r	A	O75460	PF00069	1
4u79	A	P53779	PF00069	1
4u7z	A	Q02750	PF00069	1
4u80	A	Q02750	PF00069	1
4u81	A	Q02750	PF00069	1
4u8z	A	Q9Y6E0	PF00069	1
4u97	A	Q9NWZ3	PF07714	1
4u97	B	Q9NWZ3	PF07714	1
4u9a	A	Q9NWZ3	PF07714	1
4u9a	B	Q9NWZ3	PF07714	1
4uak	A	Q9Y5S2	PF00069	1
4ual	A	Q9Y5S2	PF00069	1
4ub7	A	P68400	PF00069	1
4uba	A	P68400	PF00069	1
4uba	B	P68400	PF00069	1
4uj1	A	P17612	PF00069	1
4uj2	A	P17612	PF00069	1
4uj9	A	P17612	PF00069	1
4uja	A	P17612	PF00069	1
4ujb	A	P17612	PF00069	1
4ump	A	Q14680	PF00069	1
4ump	B	Q14680	PF00069	1
4ump	C	Q14680	PF00069	1
4ump	D	Q14680	PF00069	1
4umq	A	Q14680	PF00069	1
4umr	A	Q14680	PF00069	1
4umt	A	Q14680	PF00069	1
4umu	A	Q14680	PF00069	1
4un0	C	Q9NYV4	PF00069	1
4un0	D	Q9NYV4	PF00069	1
4usd	A	O94804	PF00069	1
4usd	B	O94804	PF00069	1
4use	A	O94804	PF00069	1
4use	B	O94804	PF00069	1
4usf	A	Q9H2G2	PF00069	1
4usf	B	Q9H2G2	PF00069	1
4uv0	A	P53355	PF00069	1
4uwb	A	P11362	PF07714	1
4uwb	B	P11362	PF07714	1
4uwc	A	P11362	PF07714	1
4uwc	B	P11362	PF07714	1
4uwy	A	P11362	PF07714	1
4uwy	B	P11362	PF07714	1
4ux9	A	P45983	PF00069	1
4ux9	B	P45983	PF00069	1
4ux9	C	P45983	PF00069	1
4ux9	D	P45983	PF00069	1
4uxl	A	P08922	PF07714	1
4uxq	A	P22455	PF07714	1
4uy9	A	P80192	PF00069	1
4uy9	B	P80192	PF00069	1
4uya	A	Q5TCX8	PF07714	0.945
4uyn	A	O14965	PF00069	1
4uzd	A	O14965	PF00069	1
4uzd	B	O14965	PF00069	1
4uzh	A	O14965	PF00069	1
4v01	A	P11362	PF07714	1
4v01	B	P11362	PF07714	1
4v04	A	P11362	PF07714	1
4v04	B	P11362	PF07714	1
4v05	A	P11362	PF07714	1
4v05	B	P11362	PF07714	1
4v0g	A	P52333	PF07714	1
4v0g	B	P52333	PF07714	1
4w4v	A	P53779	PF00069	1
4w4w	A	P53779	PF00069	1
4w4x	A	P53779	PF00069	1
4w4y	A	P53779	PF00069	1
4w7p	A	Q13464	PF00069	1
4w7p	B	Q13464	PF00069	1
4w7p	C	Q13464	PF00069	1
4w7p	D	Q13464	PF00069	1
4w8d	A	Q9Y6E0	PF00069	1
4w8e	A	Q9Y6E0	PF00069	1
4w9w	A	Q9NSY1	PF00069	1
4w9x	A	Q9NSY1	PF00069	1
4wa9	A	P00519	PF07714	0.984
4wa9	B	P00519	PF07714	0.984
4wb5	A	P17612	PF00069	1
4wb6	A	P17612	PF00069	1
4wb6	B	P17612	PF00069	1
4wb7	A	P17612	PF00069	1
4wb7	B	P17612	PF00069	1
4wb8	A	P17612	PF00069	1
4wbb	B	P05132	PF00069	1
4wbo	A	P28327	PF00069	1
4wbo	B	P28327	PF00069	1
4wbo	C	P28327	PF00069	1
4wbo	D	P28327	PF00069	1
4wd5	A	P00533	PF07714	1
4wd5	B	P00533	PF07714	1
4whz	A	P53779	PF00069	1
4wkq	A	P00533	PF07714	1
4wnk	A	P43249	PF00069	1
4wnm	A	P43405	PF07714	1
4wno	A	O75385	PF00069	1
4wnp	A	O75385	PF00069	1
4wnp	B	O75385	PF00069	1
4wnp	C	O75385	PF00069	1
4wnp	D	O75385	PF00069	1
4wo5	A	P15056	PF07714	1
4wo5	B	P15056	PF07714	1
4wot	A	O75116	PF00069	1
4wot	B	O75116	PF00069	1
4wot	C	O75116	PF00069	1
4wot	D	O75116	PF00069	1
4wov	A	P29597	PF07714	1
4wov	B	P29597	PF07714	1
4wrg	A	P00533	PF07714	1
4wrs	A	P11309	PF00069	1
4wsq	A	Q2M2I8	PF00069	1
4wsq	B	Q2M2I8	PF00069	1
4wsy	A	P11309	PF00069	1
4wt6	A	P11309	PF00069	1
4wua	A	Q96SB4	PF00069	1
4wun	A	P11362	PF07714	1
4wun	B	P11362	PF07714	1
4x0m	A	P36897	PF00069	1
4x21	A	P53779	PF00069	1
4x21	B	P53779	PF00069	1
4x2f	A	P36897	PF00069	1
4x2g	A	P36897	PF00069	1
4x2j	A	P36897	PF00069	1
4x2k	A	P36897	PF00069	1
4x2n	A	P36897	PF00069	1
4x3f	A	P9WI83	PF00069	1
4x3f	B	P9WI83	PF00069	1
4x3f	C	P9WI83	PF00069	1
4x3j	A	Q02763	PF07714	1
4x6q	C	P05132	PF00069	1
4x6r	A	P05132	PF00069	1
4x7h	A	Q9NZJ5	PF00069	0.917
4x7h	A	Q9NZJ5	PF00069	0.949
4x7j	A	Q9NZJ5	PF00069	0.917
4x7j	A	Q9NZJ5	PF00069	0.949
4x7k	A	Q9NZJ5	PF00069	0.917
4x7k	A	Q9NZJ5	PF00069	0.949
4x7l	A	Q9NZJ5	PF00069	0.917
4x7l	A	Q9NZJ5	PF00069	0.949
4x7n	A	Q9NZJ5	PF00069	0.917
4x7n	A	Q9NZJ5	PF00069	0.949
4x7o	A	Q9NZJ5	PF00069	0.917
4x7o	A	Q9NZJ5	PF00069	0.949
4x7q	A	Q9P1W9	PF00069	1
4x7q	B	Q9P1W9	PF00069	1
4xbr	A	O96013	PF00069	1
4xbu	A	O96013	PF00069	1
4xcu	A	P22455	PF07714	0.968
4xey	A	P00519	PF07714	1
4xey	B	P00519	PF07714	1
4xg2	A	P43405	PF07714	1
4xg3	A	P43405	PF07714	1
4xg3	B	P43405	PF07714	1
4xg4	A	P43405	PF07714	1
4xg6	A	P43405	PF07714	1
4xg7	A	P43405	PF07714	1
4xg8	A	P43405	PF07714	1
4xg8	C	P43405	PF07714	1
4xg9	A	P43405	PF07714	1
4xg9	B	P43405	PF07714	1
4xh0	A	Q6FS46	PF00069	1
4xh6	A	P11309	PF00069	1
4xhg	A	Q6FS46	PF00069	1
4xhh	A	Q6FS46	PF00069	1
4xhk	B	P11309	PF00069	1
4xhl	A	P29295	PF00069	1
4xi2	A	P35991	PF07714	1
4xj0	A	P28482	PF00069	1
4xj0	B	P28482	PF00069	1
4xli	A	Q4JIM5	PF07714	1
4xli	B	Q4JIM5	PF07714	1
4xlv	A	P06213	PF07714	1
4xmo	A	P08581	PF07714	1
4xne	A	P63086	PF00069	1
4xoy	A	P63086	PF00069	1
4xoz	A	P63086	PF00069	1
4xp0	A	P63086	PF00069	1
4xp2	A	P63086	PF00069	1
4xp3	A	P63086	PF00069	1
4xrj	A	P63086	PF00069	1
4xrl	A	P63086	PF00069	1
4xs2	A	Q9NWZ3	PF07714	1
4xs2	B	Q9NWZ3	PF07714	1
4xs2	C	Q9NWZ3	PF07714	1
4xs2	D	Q9NWZ3	PF07714	1
4xuf	A	P36888	PF07714	0.847
4xuf	B	P36888	PF07714	0.847
4xv1	A	P15056	PF07714	0.965
4xv1	B	P15056	PF07714	0.965
4xv2	A	P15056	PF07714	0.965
4xv2	B	P15056	PF07714	0.965
4xv3	A	P15056	PF07714	0.965
4xv3	B	P15056	PF07714	0.965
4xv9	A	P15056	PF07714	0.965
4xw4	A	P05132	PF00069	1
4xw5	A	P05132	PF00069	1
4xw6	A	P05132	PF00069	1
4xx9	A	O15530	PF00069	1
4xyf	A	P08581	PF07714	1
4y0x	A	P9WI73	PF00069	1
4y12	A	P9WI73	PF00069	1
4y46	A	P53779	PF00069	1
4y5h	A	P53779	PF00069	1
4y5q	A	A3FQ16	PF00069	1
4y72	A	P06493	PF00069	1
4y73	A	Q9NWZ3	PF07714	1
4y73	B	Q9NWZ3	PF07714	1
4y73	C	Q9NWZ3	PF07714	1
4y73	D	Q9NWZ3	PF07714	1
4y83	A	P41279	PF00069	1
4y83	B	P41279	PF00069	1
4y83	C	P41279	PF00069	1
4y85	A	P41279	PF00069	1
4y85	B	P41279	PF00069	1
4y85	C	P41279	PF00069	1
4y8d	A	O14976	PF00069	1
4y8d	B	O14976	PF00069	1
4y93	A	Q3ZC95	PF07714	1
4y95	A	Q3ZC95	PF07714	1
4y95	B	Q3ZC95	PF07714	1
4y95	C	Q3ZC95	PF07714	1
4y95	D	Q3ZC95	PF07714	1
4ybj	A	P00523	PF07714	1
4ybj	B	P00523	PF07714	1
4ybk	A	P00523	PF07714	1
4yc3	A	P06493	PF00069	1
4yc6	A	P06493	PF00069	1
4yc6	C	P06493	PF00069	1
4yc6	E	P06493	PF00069	1
4yc6	G	P06493	PF00069	1
4yc8	A	P00519	PF07714	1
4yc8	B	P00519	PF07714	1
4yff	A	Q59H18	PF07714	1
4yff	B	Q59H18	PF07714	1
4yff	C	Q59H18	PF07714	1
4yff	D	Q59H18	PF07714	1
4yfi	A	Q59H18	PF07714	1
4yfi	B	Q59H18	PF07714	1
4yfi	C	Q59H18	PF07714	1
4yfi	D	Q59H18	PF07714	1
4yhf	A	Q06187	PF07714	1
4yhf	B	Q06187	PF07714	1
4yhj	A	P32298	PF00069	1
4yhj	B	P32298	PF00069	1
4yht	A	P15056	PF07714	1
4yht	B	P15056	PF07714	1
4yjo	A	P43405	PF07714	1
4yjp	A	P43405	PF07714	1
4yjq	A	P43405	PF07714	1
4yjr	A	P43405	PF07714	1
4yjs	A	P43405	PF07714	1
4yjt	A	P43405	PF07714	1
4yju	A	P43405	PF07714	1
4yjv	A	P43405	PF07714	1
4ylj	A	Q13627	PF00069	1
4ylj	B	Q13627	PF00069	1
4ylj	C	Q13627	PF00069	1
4ylj	D	Q13627	PF00069	1
4ylk	A	Q13627	PF00069	1
4yll	A	Q13627	PF00069	1
4ymj	A	Q16288	PF07714	0.951
4ymj	B	Q16288	PF07714	0.951
4yne	A	P04629	PF07714	1
4yno	A	O15264	PF00069	1
4ynz	A	Q69Z98	PF00069	1
4ynz	B	Q69Z98	PF00069	1
4yo4	A	P53355	PF00069	1
4yo6	A	Q9NWZ3	PF07714	1
4yo6	B	Q9NWZ3	PF07714	1
4yo6	C	Q9NWZ3	PF07714	1
4yo6	D	Q9NWZ3	PF07714	1
4yom	B	Q69Z98	PF00069	1
4yp8	A	Q9NWZ3	PF07714	1
4yp8	B	Q9NWZ3	PF07714	1
4yp8	C	Q9NWZ3	PF07714	1
4yp8	D	Q9NWZ3	PF07714	1
4ypd	A	P53355	PF00069	1
4yps	A	P04629	PF07714	1
4yr8	A	P45983	PF00069	1
4yr8	C	P45983	PF00069	1
4yr8	E	P45983	PF00069	1
4yr8	F	P45983	PF00069	1
4ytc	A	O60674	PF07714	1
4ytf	A	O60674	PF07714	1
4yth	A	O60674	PF07714	1
4yti	A	O60674	PF07714	1
4yu2	A	Q13627	PF00069	1
4yu2	B	Q13627	PF00069	1
4yu2	C	Q13627	PF00069	1
4yu2	D	Q13627	PF00069	1
4yur	A	O00444	PF00069	1
4yvc	A	Q13464	PF00069	1
4yvc	B	Q13464	PF00069	1
4yve	A	Q13464	PF00069	1
4yve	B	Q13464	PF00069	1
4yxr	A	P00517	PF00069	1
4yxs	A	P00517	PF00069	1
4yz9	A	O75460	PF00069	1
4yz9	B	O75460	PF00069	1
4yz9	C	O75460	PF00069	1
4yzc	A	O75460	PF00069	1
4yzc	B	O75460	PF00069	1
4yzd	A	O75460	PF00069	1
4yzd	B	O75460	PF00069	1
4yzd	C	O75460	PF00069	1
4yzm	A	Q6XHB2	PF07714	1
4yzm	B	Q6XHB2	PF07714	1
4yzn	A	Q6XHB2	PF07714	1
4z16	A	P52333	PF07714	1
4z16	B	P52333	PF07714	1
4z16	C	P52333	PF07714	1
4z16	D	P52333	PF07714	1
4z3v	A	Q06187	PF07714	1
4z55	A	Q9UM73	PF07714	1
4z7g	A	O75460	PF00069	1
4z7g	B	O75460	PF00069	1
4z7h	A	O75460	PF00069	1
4z7h	B	O75460	PF00069	1
4z83	E	P00517	PF00069	1
4z84	A	P00517	PF00069	1
4z9l	A	P53779	PF00069	1
4zau	A	P00533	PF07714	1
4zeg	A	P33981	PF00069	1
4zhx	A	P54646	PF00069	1
4zhx	C	P54646	PF00069	1
4zim	A	O60674	PF07714	1
4zim	B	O60674	PF07714	1
4zji	A	Q13153	PF00069	1
4zji	B	Q13153	PF00069	1
4zji	C	Q13153	PF00069	1
4zji	D	Q13153	PF00069	1
4zjj	A	Q13153	PF00069	1
4zjj	B	Q13153	PF00069	1
4zjj	C	Q13153	PF00069	1
4zjj	D	Q13153	PF00069	1
4zjv	A	P00533	PF07714	1
4zjv	B	P00533	PF07714	1
4zk5	A	O95819	PF00069	1
4zk5	B	O95819	PF00069	1
4zlo	A	Q13153	PF00069	1
4zlo	B	Q13153	PF00069	1
4zly	A	Q06187	PF07714	1
4zlz	A	Q06187	PF07714	1
4zog	A	P00519	PF07714	1
4zog	B	P00519	PF07714	1
4zp5	A	O95819	PF00069	1
4zp5	B	O95819	PF00069	1
4zs0	A	O14965	PF00069	1
4zsa	A	P11362	PF07714	1
4zsa	B	P11362	PF07714	1
4zse	A	P00533	PF07714	1
4zse	B	P00533	PF07714	1
4zse	C	P00533	PF07714	1
4zse	D	P00533	PF07714	1
4zsg	A	Q13164	PF00069	1
4zsj	A	Q13164	PF00069	1
4zsl	A	Q13164	PF00069	1
4zth	A	Q16539	PF00069	1
4ztl	A	Q9NWZ3	PF07714	1
4ztl	B	Q9NWZ3	PF07714	1
4ztl	C	Q9NWZ3	PF07714	1
4ztl	D	Q9NWZ3	PF07714	1
4ztm	A	Q9NWZ3	PF07714	1
4ztm	B	Q9NWZ3	PF07714	1
4ztm	C	Q9NWZ3	PF07714	1
4ztm	D	Q9NWZ3	PF07714	1
4ztn	A	Q9NWZ3	PF07714	1
4ztn	B	Q9NWZ3	PF07714	1
4ztn	C	Q9NWZ3	PF07714	1
4ztn	D	Q9NWZ3	PF07714	1
4ztq	A	O14965	PF00069	1
4ztr	A	O14965	PF00069	1
4zts	A	O14965	PF00069	1
4zxt	A	P28482	PF00069	1
4zy4	A	Q13153	PF00069	1
4zy4	B	Q13153	PF00069	1
4zy5	A	Q13153	PF00069	1
4zy5	B	Q13153	PF00069	1
4zy6	A	Q13153	PF00069	1
4zy6	B	Q13153	PF00069	1
4zzm	A	P28482	PF00069	1
4zzn	A	P28482	PF00069	1
4zzo	A	P28482	PF00069	1
5a14	A	P24941	PF00069	1
5a3x	A	Q13627	PF00069	1
5a3x	B	Q13627	PF00069	1
5a3x	C	Q13627	PF00069	1
5a3x	D	Q13627	PF00069	1
5a46	A	P11362	PF07714	1
5a46	B	P11362	PF07714	1
5a4c	A	P11362	PF07714	1
5a4c	B	P11362	PF07714	1
5a4e	A	Q13627	PF00069	1
5a4e	B	Q13627	PF00069	1
5a4e	C	Q13627	PF00069	1
5a4e	D	Q13627	PF00069	1
5a4l	A	Q13627	PF00069	1
5a4l	B	Q13627	PF00069	1
5a4l	C	Q13627	PF00069	1
5a4l	D	Q13627	PF00069	1
5a4q	A	Q13627	PF00069	1
5a4q	B	Q13627	PF00069	1
5a4q	C	Q13627	PF00069	1
5a4q	D	Q13627	PF00069	1
5a4t	A	Q13627	PF00069	1
5a4t	B	Q13627	PF00069	1
5a4t	C	Q13627	PF00069	1
5a4t	D	Q13627	PF00069	1
5a54	A	Q13627	PF00069	1
5a54	B	Q13627	PF00069	1
5a54	C	Q13627	PF00069	1
5a54	D	Q13627	PF00069	1
5a6n	A	O43293	PF00069	1
5a6n	B	O43293	PF00069	1
5a6o	A	O43293	PF00069	1
5a6o	B	O43293	PF00069	1
5a9u	A	Q9UM73	PF07714	1
5aa8	A	Q9UM73	PF07714	1
5aa9	A	Q9UM73	PF07714	1
5aaa	A	Q9UM73	PF07714	1
5aab	A	Q9UM73	PF07714	1
5aac	A	Q9UM73	PF07714	1
5aad	A	O14965	PF00069	1
5aae	A	O14965	PF00069	1
5aaf	A	O14965	PF00069	1
5aag	A	O14965	PF00069	1
5acb	C	Q9NYV4	PF00069	1
5acb	D	Q9NYV4	PF00069	1
5ack	A	O15530	PF00069	1
5aep	A	O60674	PF07714	1
5aik	A	Q13627	PF00069	1
5aik	B	Q13627	PF00069	1
5aik	C	Q13627	PF00069	1
5aik	D	Q13627	PF00069	1
5air	A	Q9WV60	PF00069	1
5air	B	Q9WV60	PF00069	1
5ajq	A	O94804	PF00069	1
5ajq	B	O94804	PF00069	1
5am6	A	P11362	PF07714	1
5am6	B	P11362	PF07714	1
5am7	A	P11362	PF07714	1
5am7	B	P11362	PF07714	1
5amn	A	P07949	PF07714	0.95
5and	A	P24941	PF00069	1
5ane	A	P24941	PF00069	1
5ang	A	P24941	PF00069	1
5ani	A	P24941	PF00069	1
5anj	A	P24941	PF00069	1
5ank	A	P24941	PF00069	1
5ano	A	P24941	PF00069	1
5ap0	A	P33981	PF00069	1
5ap1	A	P33981	PF00069	1
5ap2	A	P33981	PF00069	1
5ap3	A	P33981	PF00069	1
5ap4	A	P33981	PF00069	1
5ap5	A	P33981	PF00069	1
5ap6	A	P33981	PF00069	1
5ap7	A	P33981	PF00069	1
5ar2	A	O43353	PF07714	1
5ar2	B	O43353	PF07714	1
5ar3	A	O43353	PF07714	1
5ar3	B	O43353	PF07714	1
5ar4	A	O43353	PF07714	1
5ar4	B	O43353	PF07714	1
5ar5	A	O43353	PF07714	1
5ar5	B	O43353	PF07714	1
5ar7	A	O43353	PF07714	1
5ar7	B	O43353	PF07714	1
5ar8	A	O43353	PF07714	1
5ar8	B	O43353	PF07714	1
5aut	A	P53355	PF00069	1
5auu	A	P53355	PF00069	1
5auv	A	P53355	PF00069	1
5auw	A	P53355	PF00069	1
5aux	A	P53355	PF00069	1
5auy	A	P53355	PF00069	1
5auz	A	P53355	PF00069	1
5av0	A	P53355	PF00069	1
5av1	A	P53355	PF00069	1
5av2	A	P53355	PF00069	1
5av3	A	P53355	PF00069	1
5av4	A	P53355	PF00069	1
5awm	A	P92208	PF00069	1
5ax3	A	P28482	PF00069	1
5ax9	A	Q9UKE5	PF00069	1
5ax9	B	Q9UKE5	PF00069	1
5ax9	C	Q9UKE5	PF00069	1
5b0x	A	P68400	PF00069	1
5b2k	A	O14733	PF00069	1
5b2l	A	O14733	PF00069	1
5b2m	A	O14733	PF00069	1
5b7v	A	P11362	PF07714	1
5b7v	B	P11362	PF07714	1
5bml	A	Q13464	PF00069	1
5bml	B	Q13464	PF00069	1
5bmm	A	P00523	PF07714	1
5bmm	B	P00523	PF07714	1
5bms	A	O96013	PF00069	1
5bnj	A	P49336	PF00069	1
5bpy	A	Q06187	PF07714	1
5bpy	B	Q06187	PF07714	1
5bq0	A	Q06187	PF07714	1
5bue	A	P28482	PF00069	1
5bui	A	P28482	PF00069	1
5buj	A	P28482	PF00069	1
5bvd	A	P28482	PF00069	1
5bve	A	P28482	PF00069	1
5bvf	A	P28482	PF00069	1
5bvk	A	Q08345	PF07714	1
5bvn	A	Q08345	PF07714	1
5bvo	A	Q08345	PF07714	1
5bvw	A	Q08345	PF07714	1
5bx0	A	Q02750	PF00069	1
5bx6	A	P17612	PF00069	1
5bx7	A	P17612	PF00069	1
5byy	A	Q13164	PF00069	1
5byz	A	Q13164	PF00069	1
5c01	A	P29597	PF07714	1
5c01	B	P29597	PF07714	1
5c03	A	P29597	PF07714	1
5c03	B	P29597	PF07714	1
5c1q	B	P11309	PF00069	1
5c26	A	P43405	PF07714	1
5c27	A	P43405	PF07714	1
5c8k	A	P00533	PF07714	1
5c8m	A	P00533	PF07714	1
5c8n	A	P00533	PF07714	1
5c9c	A	P15056	PF07714	1
5c9c	B	P15056	PF07714	1
5cal	A	P00533	PF07714	1
5can	A	P00533	PF07714	1
5cao	A	P00533	PF07714	1
5cap	A	P00533	PF07714	1
5caq	A	P00533	PF07714	1
5cas	A	P00533	PF07714	1
5cau	A	P00533	PF07714	1
5cav	A	P00533	PF07714	1
5cei	A	P49336	PF00069	1
5cek	A	Q96RU8	PF00069	1
5cem	A	Q96RU8	PF00069	1
5cen	A	Q12852	PF07714	1
5ceo	A	Q12852	PF07714	1
5cep	A	Q12852	PF07714	1
5ceq	A	Q12852	PF07714	1
5cf4	A	O60674	PF07714	1
5cf4	B	O60674	PF07714	1
5cf5	A	O60674	PF07714	1
5cf5	B	O60674	PF07714	1
5cf6	A	O60674	PF07714	1
5cf6	B	O60674	PF07714	1
5cf8	A	O60674	PF07714	1
5cf8	B	O60674	PF07714	1
5ci6	A	Q39026	PF00069	1
5ci6	B	Q39026	PF00069	1
5ci7	A	O75385	PF00069	1
5clp	A	P68400	PF00069	1
5clp	B	P68400	PF00069	1
5cnn	A	P00533	PF07714	1
5cnn	B	P00533	PF07714	1
5cno	A	P00533	PF07714	1
5cno	B	P00533	PF07714	1
5cno	X	P00533	PF07714	1
5cqu	A	P68400	PF00069	1
5cqw	A	P68400	PF00069	1
5cqw	B	P68400	PF00069	1
5cs6	A	P68400	PF00069	1
5cs6	B	P68400	PF00069	1
5csh	A	P68400	PF00069	1
5csh	B	P68400	PF00069	1
5csp	A	P68400	PF00069	1
5csv	A	P68400	PF00069	1
5csw	A	P15056	PF07714	1
5csw	B	P15056	PF07714	1
5csx	A	P15056	PF07714	1
5ct0	A	P68400	PF00069	1
5ct0	B	P68400	PF00069	1
5ct7	A	P15056	PF07714	1
5ct7	B	P15056	PF07714	1
5ctp	A	P68400	PF00069	1
5ctp	B	P68400	PF00069	1
5cu0	A	P68400	PF00069	1
5cu0	B	P68400	PF00069	1
5cu2	A	P68400	PF00069	1
5cu2	B	P68400	PF00069	1
5cu3	A	P68400	PF00069	1
5cu3	B	P68400	PF00069	1
5cu4	A	P68400	PF00069	1
5cu6	A	P68400	PF00069	1
5cvf	A	P68400	PF00069	1
5cvg	A	P68400	PF00069	1
5cvh	A	P68400	PF00069	1
5cvh	B	P68400	PF00069	1
5cwz	A	Q9UKE5	PF00069	1
5cwz	B	Q9UKE5	PF00069	1
5cwz	C	Q9UKE5	PF00069	1
5cx9	A	P68400	PF00069	1
5cx9	B	P68400	PF00069	1
5cxh	A	P43405	PF07714	1
5cxz	A	P43405	PF07714	1
5cy3	A	P43405	PF07714	1
5cyi	A	P24941	PF00069	1
5cyi	C	P24941	PF00069	1
5cyz	A	P29295	PF00069	1
5czh	A	P00533	PF07714	1
5czi	A	P00533	PF07714	1
5czo	A	P29295	PF00069	1
5czo	B	P29295	PF00069	1
5d10	A	P00523	PF07714	1
5d10	B	P00523	PF07714	1
5d11	A	P00523	PF07714	1
5d11	B	P00523	PF07714	1
5d12	A	P00523	PF07714	1
5d12	B	P00523	PF07714	1
5d1j	A	P24941	PF00069	1
5d41	A	P00533	PF07714	1
5d41	B	P00533	PF07714	1
5d7a	A	Q9UKE5	PF00069	1
5d7a	B	Q9UKE5	PF00069	1
5d7a	C	Q9UKE5	PF00069	1
5d7v	A	Q13882	PF07714	1
5d7v	B	Q13882	PF07714	1
5d7v	C	Q13882	PF07714	1
5d7v	D	Q13882	PF07714	1
5d9h	A	Q9Z1W9	PF00069	1
5d9h	B	Q9Z1W9	PF00069	1
5d9k	A	P51812	PF00069	1
5d9k	B	P51812	PF00069	1
5d9l	A	P51812	PF00069	1
5da3	A	Q13882	PF07714	1
5dbx	A	Q9Z1W9	PF00069	1
5dbx	B	Q9Z1W9	PF00069	1
5de2	A	Q8TDX7	PF00069	1
5de2	B	Q8TDX7	PF00069	1
5dew	A	Q13153	PF00069	1
5dew	B	Q13153	PF00069	1
5dey	A	Q13153	PF00069	1
5dey	B	Q13153	PF00069	1
5dfp	A	Q13153	PF00069	1
5dfz	B	P22219	PF00069	1
5dg5	A	P08581	PF07714	1
5dg5	B	P08581	PF07714	1
5dgz	A	P11309	PF00069	1
5dh3	A	Q13188	PF00069	1
5dh3	B	Q13188	PF00069	1
5dhj	A	P11309	PF00069	1
5di1	A	O95819	PF00069	1
5di1	B	O95819	PF00069	1
5dia	A	P11309	PF00069	1
5dls	A	O14757	PF00069	1
5dmz	A	O43683	PF00069	1
5dmz	B	O43683	PF00069	1
5dn3	A	O14965	PF00069	1
5dnr	A	O14965	PF00069	1
5dos	A	O14965	PF00069	1
5dpv	A	O14965	PF00069	1
5dr2	A	O14965	PF00069	1
5dr6	A	O14965	PF00069	1
5dr9	A	O14965	PF00069	1
5drb	A	Q9JIH7	PF00069	1
5drd	A	O14965	PF00069	1
5dt0	A	O14965	PF00069	1
5dt3	A	O14965	PF00069	1
5dt4	A	O14965	PF00069	1
5dwr	A	P11309	PF00069	1
5dyk	A	Q8I719	PF00069	1
5dyl	A	A5K0N4	PF00069	1
5dzc	A	A5K0N4	PF00069	1
5e1e	A	P23458	PF07714	1
5e1e	B	P23458	PF07714	1
5e1s	A	P06213	PF07714	1
5e7r	A	O43318	PF07714	1
5e8s	A	P36897	PF00069	1
5e8t	A	P36897	PF00069	1
5e8u	A	P36897	PF00069	1
5e8v	A	P37173	PF07714	1
5e8w	A	P36897	PF00069	1
5e8x	A	P36897	PF00069	1
5e8y	A	P37173	PF07714	1
5e8z	A	P36897	PF00069	1
5e90	A	P36897	PF00069	1
5e91	A	P37173	PF07714	1
5e92	A	P37173	PF07714	1
5eak	A	Q7KZI7	PF00069	1
5eak	B	Q7KZI7	PF00069	1
5ebz	A	O15111	PF00069	1
5ebz	B	O15111	PF00069	1
5ebz	C	O15111	PF00069	1
5ebz	D	O15111	PF00069	1
5ebz	E	O15111	PF00069	1
5ebz	F	O15111	PF00069	1
5ebz	G	O15111	PF00069	1
5ebz	H	O15111	PF00069	1
5ebz	I	O15111	PF00069	1
5ebz	J	O15111	PF00069	1
5ebz	K	O15111	PF00069	1
5ebz	L	O15111	PF00069	1
5edp	A	P00533	PF07714	1
5edq	A	P00533	PF07714	1
5edr	A	P00533	PF07714	1
5efq	A	Q14004	PF00069	1
5efq	C	Q14004	PF00069	1
5eg3	A	P21802	PF07714	1
5eh0	A	P33981	PF00069	1
5ehl	A	P33981	PF00069	1
5eho	A	P33981	PF00069	1
5ehy	A	P33981	PF00069	1
5ei2	A	P33981	PF00069	1
5ei6	A	P33981	PF00069	1
5ei8	A	P33981	PF00069	0.858
5ek7	A	P29317	PF07714	1
5ek7	B	P29317	PF07714	1
5ekn	A	O15264	PF00069	1
5eko	A	O15264	PF00069	1
5em5	A	P00533	PF07714	1
5em6	A	P00533	PF07714	1
5em7	A	P00533	PF07714	1
5em8	A	P00533	PF07714	1
5eob	A	P08581	PF07714	1
5eol	A	P11309	PF00069	1
5es1	A	Q96L34	PF00069	1
5eta	A	Q16539	PF00069	1
5eta	B	Q16539	PF00069	1
5etc	A	Q16539	PF00069	1
5etf	A	Q16539	PF00069	1
5eti	A	Q16539	PF00069	1
5ew3	A	P35968	PF07714	0.847
5ew3	B	P35968	PF07714	0.847
5ew8	A	P11362	PF07714	1
5ew8	B	P11362	PF07714	1
5ew9	A	O14965	PF00069	1
5eyc	A	P08581	PF07714	1
5eyd	A	P08581	PF07714	1
5eyk	A	Q6DE08	PF00069	1
5eyk	B	Q6DE08	PF00069	1
5eym	A	Q02750	PF00069	1
5eym	B	Q02750	PF00069	1
5ezr	A	A5K0N4	PF00069	1
5ezv	A	Q13131	PF00069	1
5ezv	A	P54646	PF00069	1
5ezv	C	P54646	PF00069	1
5ezv	C	Q13131	PF00069	1
5f0a	A	A5K0N4	PF00069	1
5f1z	A	P29597	PF07714	1
5f20	A	P29597	PF07714	1
5f4n	A	O14757	PF00069	1
5f94	A	P49841	PF00069	1
5f94	B	P49841	PF00069	1
5f95	A	P49841	PF00069	1
5f95	B	P49841	PF00069	1
5f9e	A	Q04759	PF00069	1
5f9e	B	Q04759	PF00069	1
5fbn	C	Q06187	PF07714	1
5fbn	D	Q06187	PF07714	1
5fbo	A	Q06187	PF07714	1
5fd2	A	P15056	PF07714	1
5fd2	B	P15056	PF07714	1
5fdp	A	Q08345	PF07714	1
5fdx	A	Q08345	PF07714	1
5fdx	B	Q08345	PF07714	1
5fed	A	P00533	PF07714	1
5fee	A	P00533	PF07714	1
5feq	A	P00533	PF07714	1
5fet	A	A5K0N4	PF00069	1
5fg8	A	Q00168	PF00069	1
5fgk	A	P49336	PF00069	1
5flf	A	P11362	PF07714	1
5flf	B	P11362	PF07714	1
5flf	C	P11362	PF07714	1
5flf	D	P11362	PF07714	1
5flf	E	P11362	PF07714	1
5fm2	A	P07949	PF07714	1
5fm3	A	P07949	PF07714	1
5fp5	A	P24941	PF00069	1
5fp6	A	P24941	PF00069	1
5fqd	C	P48729	PF00069	1
5fqd	F	P48729	PF00069	1
5fri	A	P36897	PF00069	1
5fto	A	Q9UM73	PF07714	1
5ftq	A	Q9UM73	PF07714	1
5fwk	K	P11802	PF00069	1
5fwl	K	P11802	PF00069	1
5fwm	K	P11802	PF00069	1
5fwp	K	P11802	PF00069	1
5fxq	A	P08069	PF07714	1
5fxr	A	P08069	PF07714	1
5fxs	A	P08069	PF07714	1
5g15	A	O14965	PF00069	1
5g1x	A	O14965	PF00069	1
5g6v	A	Q00536	PF00069	1
5g6v	B	Q00536	PF00069	1
5ghv	A	P43405	PF07714	1
5ghv	B	P43405	PF07714	1
5gjd	A	O43318	PF07714	1
5gjf	A	O43318	PF07714	1
5gjg	A	O43318	PF07714	1
5gmp	A	P00533	PF07714	1
5gnk	A	P00533	PF07714	1
5grn	A	P16234	PF07714	0.799
5gty	A	P00533	PF07714	1
5gty	B	P00533	PF07714	1
5gty	C	P00533	PF07714	1
5gty	D	P00533	PF07714	1
5gty	E	P00533	PF07714	1
5gty	F	P00533	PF07714	1
5gty	G	P00533	PF07714	1
5gty	H	P00533	PF07714	1
5gtz	A	P00533	PF07714	1
5gz8	A	Q3TUA9	PF07714	1
5gz9	A	Q3TUA9	PF07714	1
5gza	A	Q5U3W1	PF07714	1
5h09	A	P08631	PF07714	1
5h0b	A	P08631	PF07714	1
5h0e	A	P08631	PF07714	1
5h0g	A	P08631	PF07714	1
5h0h	A	P08631	PF07714	1
5h2u	A	Q13882	PF07714	1
5h2u	B	Q13882	PF07714	1
5h2u	C	Q13882	PF07714	1
5h2u	D	Q13882	PF07714	1
5h3q	A	P04629	PF07714	1
5h8b	A	P68400	PF00069	1
5h8b	B	P68400	PF00069	1
5h8e	A	P68400	PF00069	1
5h8e	B	P68400	PF00069	1
5h8g	A	P68400	PF00069	1
5h9b	A	Q00168	PF00069	1
5hbe	A	P49336	PF00069	1
5hbh	A	P49336	PF00069	1
5hbj	A	P49336	PF00069	1
5hcx	A	P00533	PF07714	1
5hcy	A	P00533	PF07714	1
5hcz	A	P00533	PF07714	1
5hd4	A	P63086	PF00069	1
5hd7	A	P63086	PF00069	1
5he0	A	P21146	PF00069	1
5he1	A	P25098	PF00069	1
5he2	A	P21146	PF00069	1
5he3	A	P21146	PF00069	1
5hes	A	Q9NYL2	PF07714	1
5hes	B	Q9NYL2	PF07714	1
5hez	A	O60674	PF07714	1
5hez	B	O60674	PF07714	1
5hez	C	O60674	PF07714	1
5hez	D	O60674	PF07714	1
5hg5	A	P00533	PF07714	1
5hg7	A	P00533	PF07714	1
5hg8	A	P00533	PF07714	1
5hg9	A	P00533	PF07714	1
5hgi	A	O75460	PF00069	1
5hhw	A	P06213	PF07714	1
5hi2	A	P15056	PF07714	0.981
5hib	A	P00533	PF07714	1
5hic	A	P00533	PF07714	1
5hid	A	P15056	PF07714	0.981
5hid	B	P15056	PF07714	0.981
5hie	A	P15056	PF07714	0.981
5hie	B	P15056	PF07714	0.981
5hie	C	P15056	PF07714	0.981
5hie	D	P15056	PF07714	0.981
5hkm	A	O15530	PF00069	1
5hln	A	P49841	PF00069	1
5hln	B	P49841	PF00069	1
5hlp	A	P49841	PF00069	1
5hlp	B	P49841	PF00069	1
5hlw	A	P08581	PF07714	1
5hnb	A	P49336	PF00069	1
5hng	A	O15530	PF00069	1
5hni	X	P08581	PF07714	1
5hni	Y	P08581	PF07714	1
5ho6	A	P08581	PF07714	1
5ho7	A	O15530	PF00069	1
5ho8	A	O15530	PF00069	1
5hoa	A	P08581	PF07714	1
5hor	A	P08581	PF07714	1
5hq0	A	P06493	PF00069	1
5hti	A	P08581	PF07714	1
5hu3	A	Q00168	PF00069	1
5hu9	A	P00519	PF07714	1
5hvj	A	P53667	PF07714	1
5hvj	B	P53667	PF07714	1
5hvk	A	P53667	PF07714	1
5hvk	C	P53667	PF07714	1
5hvu	A	Q13464	PF00069	1
5hvu	B	Q13464	PF00069	1
5hvy	A	P49336	PF00069	1
5hx6	A	Q13546	PF07714	1
5hx6	B	Q13546	PF07714	1
5hx8	A	P23458	PF07714	1
5hx8	B	P23458	PF07714	1
5hze	A	Q02750	PF00069	1
5hzn	A	P08069	PF07714	1
5hzn	B	P08069	PF07714	1
5hzn	C	P08069	PF07714	1
5hzn	D	P08069	PF07714	1
5hzn	E	P08069	PF07714	1
5hzn	F	P08069	PF07714	1
5hzn	G	P08069	PF07714	1
5hzn	H	P08069	PF07714	1
5i0b	A	O96013	PF00069	1
5i3o	A	Q9NSY1	PF00069	1
5i3o	B	Q9NSY1	PF00069	1
5i3r	A	Q9NSY1	PF00069	1
5i3r	B	Q9NSY1	PF00069	1
5i4n	A	O60674	PF07714	1
5i5z	A	P49336	PF00069	1
5i8a	A	P04629	PF07714	1
5i9u	A	P29317	PF07714	1
5i9v	A	P29317	PF07714	1
5i9w	A	P29317	PF07714	1
5i9x	A	P29317	PF07714	1
5i9y	A	P29317	PF07714	1
5i9z	A	P29317	PF07714	1
5ia0	A	P29317	PF07714	1
5ia0	B	P29317	PF07714	1
5ia0	C	P29317	PF07714	1
5ia1	A	P29317	PF07714	1
5ia2	A	P29317	PF07714	1
5ia3	A	P29317	PF07714	1
5ia4	A	P29317	PF07714	1
5ia5	A	P29317	PF07714	1
5icp	A	P49336	PF00069	1
5idn	A	P49336	PF00069	1
5idp	A	P49336	PF00069	1
5iev	A	P24941	PF00069	1
5iex	A	P24941	PF00069	1
5iey	A	P24941	PF00069	1
5if1	A	P24941	PF00069	1
5if1	C	P24941	PF00069	1
5ig1	A	F2UPG5	PF00069	1
5ig1	B	F2UPG5	PF00069	1
5ih4	A	P48730	PF00069	1
5ih5	A	P48730	PF00069	1
5ih6	A	P48730	PF00069	1
5ih8	A	Q14680	PF00069	1
5ih9	A	Q14680	PF00069	1
5iha	A	Q14680	PF00069	1
5ihc	A	Q14680	PF00069	1
5iis	A	P11309	PF00069	1
5ikw	A	Q9NSY1	PF00069	1
5ime	A	Q13153	PF00069	1
5ime	B	Q13153	PF00069	1
5imx	A	Q9UM73	PF07714	1
5ipj	A	P11309	PF00069	1
5iso	A	P54646	PF00069	1
5iso	C	P54646	PF00069	1
5ita	A	P15056	PF07714	1
5ita	B	P15056	PF07714	1
5iu2	A	P41279	PF00069	1
5iu2	B	P41279	PF00069	1
5iug	A	Q9UM73	PF07714	1
5iuh	A	Q9UM73	PF07714	1
5iui	A	Q9UM73	PF07714	1
5izf	A	P17612	PF00069	1
5izj	A	P17612	PF00069	1
5izj	B	P17612	PF00069	1
5j0a	A	Q96KB5	PF00069	1
5j0a	B	Q96KB5	PF00069	1
5j1v	A	P49759	PF00069	1
5j1v	B	P49759	PF00069	1
5j1v	C	P49759	PF00069	1
5j1w	A	P49759	PF00069	1
5j1w	B	P49759	PF00069	1
5j1w	C	P49759	PF00069	1
5j5s	A	P00523	PF07714	1
5j5s	B	P00523	PF07714	1
5j5t	A	Q8IVH8	PF00069	1
5j5x	A	P17612	PF00069	1
5j79	A	O43353	PF07714	1
5j79	B	O43353	PF07714	1
5j7b	A	O43353	PF07714	1
5j7b	B	O43353	PF07714	1
5j7s	A	O43318	PF07714	1
5j87	A	Q06187	PF07714	1
5j87	B	Q06187	PF07714	1
5j87	C	Q06187	PF07714	1
5j87	D	Q06187	PF07714	1
5j8i	A	O43318	PF07714	1
5j95	A	O95819	PF00069	1
5j95	B	O95819	PF00069	1
5j9l	A	O43318	PF07714	1
5j9y	A	P00533	PF07714	1
5j9z	A	P00533	PF07714	1
5jeb	A	P00533	PF07714	1
5jfs	A	P04629	PF07714	1
5jfv	A	P04629	PF07714	1
5jfw	A	P04629	PF07714	1
5jfx	A	P04629	PF07714	1
5jga	A	O43318	PF07714	1
5jgb	A	O43318	PF07714	1
5jgd	A	O43318	PF07714	1
5jh6	A	O43318	PF07714	1
5jk3	A	O43318	PF07714	1
5jkg	A	P22455	PF07714	1
5jq5	A	P24941	PF00069	1
5jq8	A	P24941	PF00069	1
5jr7	A	P05132	PF00069	1
5jr7	C	P05132	PF00069	1
5jrq	A	P15056	PF07714	1
5jrq	B	P15056	PF07714	1
5jrs	A	Q06187	PF07714	1
5jrs	B	Q06187	PF07714	1
5jsm	A	P15056	PF07714	1
5jsm	B	P15056	PF07714	1
5jsm	C	P15056	PF07714	1
5jsm	D	P15056	PF07714	1
5jt2	A	P15056	PF07714	1
5jt2	B	P15056	PF07714	1
5jt2	C	P15056	PF07714	1
5jt2	D	P15056	PF07714	1
5jzj	A	O15075	PF00069	1
5jzj	B	O15075	PF00069	1
5jzn	A	O15075	PF00069	1
5jzn	B	O15075	PF00069	1
5k00	A	Q14680	PF00069	1
5k0k	A	Q12866	PF07714	1
5k0k	B	Q12866	PF07714	1
5k0x	A	Q12866	PF07714	1
5k0x	B	Q12866	PF07714	1
5k3y	A	Q6DE08	PF00069	1
5k3y	B	Q6DE08	PF00069	1
5k4i	A	P28482	PF00069	1
5k4j	A	P24941	PF00069	1
5k5n	A	P49841	PF00069	1
5k5n	B	P49841	PF00069	1
5k5x	A	P16234	PF07714	0.799
5k72	A	Q9NWZ3	PF07714	1
5k72	B	Q9NWZ3	PF07714	1
5k72	C	Q9NWZ3	PF07714	1
5k72	D	Q9NWZ3	PF07714	1
5k75	A	Q9NWZ3	PF07714	1
5k75	B	Q9NWZ3	PF07714	1
5k75	C	Q9NWZ3	PF07714	1
5k75	D	Q9NWZ3	PF07714	1
5k76	A	Q9NWZ3	PF07714	1
5k76	B	Q9NWZ3	PF07714	1
5k7g	A	Q9NWZ3	PF07714	1
5k7g	B	Q9NWZ3	PF07714	1
5k7g	C	Q9NWZ3	PF07714	1
5k7g	D	Q9NWZ3	PF07714	1
5k7i	A	Q9NWZ3	PF07714	1
5k7i	B	Q9NWZ3	PF07714	1
5k9i	A	P00523	PF07714	1
5k9i	B	P00523	PF07714	1
5kbq	A	Q13153	PF00069	1
5kbq	B	Q13153	PF00069	1
5kbr	A	Q13153	PF00069	1
5kbr	B	Q13153	PF00069	1
5kc2	B	P22219	PF00069	1
5kcv	A	P31749	PF00069	1
5kcx	A	P11309	PF00069	1
5ke0	A	P63086	PF00069	1
5kgd	A	P11309	PF00069	1
5kge	A	P11309	PF00069	1
5kgg	A	P11309	PF00069	1
5kgi	A	P11309	PF00069	1
5kgk	A	P11309	PF00069	1
5khw	A	P23458	PF07714	1
5khw	B	P23458	PF07714	1
5khx	A	P23458	PF07714	1
5kkr	B	Q6VAB6	PF07714	1
5kkr	C	P29678	PF00069	1
5kks	A	Q13464	PF00069	1
5kks	B	Q13464	PF00069	1
5kkt	A	Q13464	PF00069	1
5kkt	B	Q13464	PF00069	1
5kmi	A	P04629	PF07714	1
5kmj	A	P04629	PF07714	1
5kmk	A	P04629	PF07714	1
5kml	A	P04629	PF07714	1
5kmm	A	P04629	PF07714	1
5kmn	A	P04629	PF07714	1
5kmo	A	P04629	PF07714	1
5knj	A	Q8NB16	PF07714	1
5knj	B	Q8NB16	PF07714	1
5ko1	A	Q8NB16	PF07714	1
5kpk	A	P49841	PF00069	1
5kpk	B	P49841	PF00069	1
5kpl	A	P49841	PF00069	1
5kpl	B	P49841	PF00069	1
5kpm	A	P49841	PF00069	1
5kpm	B	P49841	PF00069	1
5kq5	A	P54645	PF00069	1
5ku8	A	P68400	PF00069	1
5ku8	B	P68400	PF00069	1
5kup	A	Q06187	PF07714	1
5kvt	A	P04629	PF07714	1
5kwh	A	P68400	PF00069	1
5kwh	B	P68400	PF00069	1
5kx7	A	Q9NWZ3	PF07714	1
5kx7	B	Q9NWZ3	PF07714	1
5kx8	A	Q9NWZ3	PF07714	1
5kx8	B	Q9NWZ3	PF07714	1
5kx8	C	Q9NWZ3	PF07714	1
5kx8	D	Q9NWZ3	PF07714	1
5kz0	A	Q9UM73	PF07714	1
5kz7	A	Q7KZI7	PF00069	1
5kz7	B	Q7KZI7	PF00069	1
5kz8	A	Q7KZI7	PF00069	1
5kz8	B	Q7KZI7	PF00069	1
5kzi	A	P11309	PF00069	1
5l1z	A	P50750	PF00069	1
5l2i	A	Q00534	PF00069	1
5l2q	A	Q8N2I9	PF00069	1
5l2q	B	Q8N2I9	PF00069	1
5l2q	C	Q8N2I9	PF00069	1
5l2q	D	Q8N2I9	PF00069	1
5l2s	A	Q00534	PF00069	1
5l2t	A	Q00534	PF00069	1
5l2w	A	P24941	PF00069	1
5l3a	A	O60674	PF07714	1
5l4q	A	Q2M2I8	PF00069	1
5l4q	B	Q2M2I8	PF00069	1
5l6o	A	P54753	PF07714	1
5l6p	A	P54753	PF07714	1
5l6w	L	P53667	PF07714	1
5l8j	A	O14965	PF00069	1
5l8k	A	O14965	PF00069	1
5l8l	A	O14965	PF00069	1
5lar	A	P47811	PF00069	1
5lcj	A	P28482	PF00069	1
5lck	A	P28482	PF00069	1
5li1	A	P41743	PF00069	1
5li9	A	P41743	PF00069	1
5lih	A	P41743	PF00069	1
5lih	B	P41743	PF00069	1
5ljj	A	P33981	PF00069	1
5lma	A	P43405	PF07714	1
5lmb	A	P43405	PF07714	1
5lmb	B	P43405	PF07714	1
5lmk	A	P24941	PF00069	1
5lmk	C	P24941	PF00069	1
5loh	A	Q96GX5	PF00069	0.75
5loh	A	Q96GX5	PF00069	1
5loh	B	Q96GX5	PF00069	0.75
5loh	B	Q96GX5	PF00069	1
5lpb	A	O22476	PF07714	1
5lpv	A	O22476	PF07714	1
5lpw	A	O22476	PF07714	1
5lpy	A	O22476	PF07714	1
5lpz	A	O22476	PF07714	1
5lqf	A	P06493	PF00069	1
5lqf	D	P06493	PF00069	1
5lvl	A	O15530	PF00069	1
5lvm	A	O15530	PF00069	1
5lvn	A	O15530	PF00069	1
5lvo	A	O15530	PF00069	1
5lvp	A	O15530	PF00069	1
5lvp	B	O15530	PF00069	1
5lvp	C	O15530	PF00069	1
5lvp	D	O15530	PF00069	1
5lw1	B	P45983	PF00069	1
5lw1	E	P45983	PF00069	1
5lw1	H	P45983	PF00069	1
5lwm	A	P52333	PF07714	1
5lwn	A	P52333	PF07714	1
5lxc	A	Q92630	PF00069	1
5lxc	B	Q92630	PF00069	1
5lxd	A	Q92630	PF00069	1
5lxd	B	Q92630	PF00069	1
5lxm	A	O14965	PF00069	1
5m06	A	P9WI69	PF00069	1
5m06	B	P9WI69	PF00069	1
5m07	A	P9WI69	PF00069	1
5m07	B	P9WI69	PF00069	1
5m08	A	P9WI69	PF00069	1
5m08	B	P9WI69	PF00069	1
5m09	A	P9WI69	PF00069	1
5m09	B	P9WI69	PF00069	1
5m44	A	P68400	PF00069	1
5m4c	A	P68400	PF00069	1
5m4f	A	P68400	PF00069	1
5m4i	A	P68400	PF00069	1
5m4u	A	P19784	PF00069	1
5m51	A	P51955	PF00069	1
5m53	A	P51955	PF00069	1
5m55	A	P51955	PF00069	1
5m56	A	P19784	PF00069	1
5m56	B	P19784	PF00069	1
5m57	A	P51955	PF00069	1
5m5a	A	Q14680	PF00069	1
5maf	A	Q14680	PF00069	1
5mag	A	Q14680	PF00069	1
5mah	A	Q14680	PF00069	1
5mai	A	Q14680	PF00069	1
5mhq	A	P24941	PF00069	1
5mja	A	P54762	PF07714	1
5mja	B	P54762	PF07714	1
5mjb	A	P54762	PF07714	1
5mjb	B	P54762	PF07714	1
5ml5	A	Q16539	PF00069	1
5mmf	A	P68400	PF00069	1
5mmf	B	P68400	PF00069	1
5mmr	A	P68400	PF00069	1
5mmr	B	P68400	PF00069	1
5mo4	A	P00519	PF07714	1
5mo5	A	P68400	PF00069	1
5mo5	B	P68400	PF00069	1
5mo6	A	P68400	PF00069	1
5mo6	B	P68400	PF00069	1
5mo7	A	P68400	PF00069	1
5mo7	B	P68400	PF00069	1
5mo8	A	P68400	PF00069	1
5mo8	B	P68400	PF00069	1
5mod	A	P68400	PF00069	1
5mod	B	P68400	PF00069	1
5moe	A	P68400	PF00069	1
5moe	B	P68400	PF00069	1
5moh	A	P68400	PF00069	1
5mot	A	P68400	PF00069	1
5mov	A	P68400	PF00069	1
5mow	A	P68400	PF00069	1
5mow	B	P68400	PF00069	1
5mp8	A	P68400	PF00069	1
5mp8	B	P68400	PF00069	1
5mpj	A	P68400	PF00069	1
5mpj	B	P68400	PF00069	1
5mqv	A	P48730	PF00069	1
5mqv	B	P48730	PF00069	1
5mqv	C	P48730	PF00069	1
5mqv	D	P48730	PF00069	1
5mqv	E	P48730	PF00069	1
5mqv	F	P48730	PF00069	1
5mrb	A	P33981	PF00069	1
5mrd	A	O15530	PF00069	1
5mtx	A	Q16539	PF00069	1
5mty	A	Q16539	PF00069	1
5mxx	A	Q96SB4	PF00069	1
5my8	A	Q96SB4	PF00069	1
5myv	A	P78362	PF00069	1
5myv	B	P78362	PF00069	1
5myv	C	P78362	PF00069	1
5myv	D	P78362	PF00069	1
5mz3	A	Q16539	PF00069	1
5mzl	A	P11309	PF00069	1
5n1v	A	P68400	PF00069	1
5n1v	B	P68400	PF00069	1
5n23	A	P17612	PF00069	1
5n4n	A	P11309	PF00069	1
5n4o	A	P11309	PF00069	1
5n4r	A	P11309	PF00069	1
5n4u	A	P11309	PF00069	1
5n4v	A	P11309	PF00069	1
5n4x	A	P11309	PF00069	1
5n4y	A	P11309	PF00069	1
5n4z	A	P11309	PF00069	1
5n50	A	P11309	PF00069	1
5n51	A	P11309	PF00069	1
5n52	A	P11309	PF00069	1
5n5l	A	P11309	PF00069	1
5n5m	A	P11309	PF00069	1
5n63	A	Q16539	PF00069	1
5n64	A	Q16539	PF00069	1
5n65	A	Q16539	PF00069	1
5n66	A	Q16539	PF00069	1
5n67	A	Q16539	PF00069	1
5n68	A	Q16539	PF00069	1
5n7v	A	P33981	PF00069	1
5n84	A	P33981	PF00069	1
5n87	A	P33981	PF00069	1
5n93	A	P33981	PF00069	1
5n9k	A	P68400	PF00069	1
5n9l	A	P68400	PF00069	1
5n9n	A	P68400	PF00069	1
5n9s	A	P33981	PF00069	1
5na0	A	P33981	PF00069	1
5nad	A	P33981	PF00069	1
5ncl	A	P53894	PF00069	1
5ndt	A	P11309	PF00069	1
5nev	A	P24941	PF00069	1
5nev	C	P24941	PF00069	1
5ng0	A	O43353	PF07714	1
5ng0	B	O43353	PF07714	1
5ng2	A	O43353	PF07714	1
5ng2	B	O43353	PF07714	1
5ng3	A	O43353	PF07714	1
5ng3	B	O43353	PF07714	1
5ng3	C	O43353	PF07714	1
5ng3	D	O43353	PF07714	1
5ngu	A	P28482	PF00069	1
5nhf	A	P28482	PF00069	1
5nhh	A	P28482	PF00069	1
5nhj	A	P28482	PF00069	1
5nhl	A	P28482	PF00069	1
5nho	A	P28482	PF00069	1
5nhp	A	P28482	PF00069	1
5nhv	A	P28482	PF00069	1
5njz	A	P29317	PF07714	1
5nk0	A	P29317	PF07714	1
5nk1	A	P29317	PF07714	1
5nk2	A	P29317	PF07714	1
5nk3	A	P29317	PF07714	1
5nk4	A	P29317	PF07714	1
5nk5	A	P29317	PF07714	1
5nk6	A	P29317	PF07714	1
5nk7	A	P29317	PF07714	1
5nk8	A	P29317	PF07714	1
5nk9	A	P29317	PF07714	1
5nka	A	P29317	PF07714	1
5nkb	A	P29317	PF07714	1
5nkc	A	P29317	PF07714	1
5nkd	A	P29317	PF07714	1
5nke	A	P29317	PF07714	1
5nkf	A	P29317	PF07714	1
5nkg	A	P29317	PF07714	1
5nkh	A	P29317	PF07714	1
5nki	A	P29317	PF07714	1
5nqc	A	P68400	PF00069	1
5ntt	A	P33981	PF00069	1
5nud	A	P22455	PF07714	1
5nud	B	P22455	PF07714	1
5nwz	A	P22455	PF07714	1
5nwz	B	P22455	PF07714	1
5nxc	L	P53667	PF07714	1
5nxd	A	P53671	PF07714	1
5nxd	B	P53671	PF07714	1
5nzz	E	P47811	PF00069	1
5nzz	F	P47811	PF00069	1
5nzz	G	P47811	PF00069	1
5nzz	H	P47811	PF00069	1
5o0y	A	Q86UE8	PF00069	1
5o11	A	P11309	PF00069	1
5o12	A	P11309	PF00069	1
5o13	A	P11309	PF00069	1
5o1s	A	P18654	PF00069	1
5o1v	A	Q9BYP7	PF00069	1
5o1v	B	Q9BYP7	PF00069	1
5o21	A	Q9BYP7	PF00069	1
5o21	B	Q9BYP7	PF00069	1
5o23	A	Q9BYP7	PF00069	1
5o23	B	Q9BYP7	PF00069	1
5o26	A	Q9BYP7	PF00069	1
5o26	B	Q9BYP7	PF00069	1
5o2b	A	Q9BYP7	PF00069	1
5o2b	B	Q9BYP7	PF00069	1
5o2c	A	Q9BYP7	PF00069	1
5o49	A	P11362	PF07714	1
5o49	B	P11362	PF07714	1
5o4a	A	P11362	PF07714	1
5o4a	B	P11362	PF07714	1
5o7i	A	Q13164	PF00069	1
5o8u	A	Q16539	PF00069	1
5o8v	A	Q16539	PF00069	1
5o90	A	P47811	PF00069	1
5o91	A	P33981	PF00069	1
5oat	A	D6WMX4	PF00069	0.969
5oat	B	D6WMX4	PF00069	0.969
5oat	C	D6WMX4	PF00069	0.969
5oat	D	D6WMX4	PF00069	0.969
5oat	E	D6WMX4	PF00069	0.969
5oat	F	D6WMX4	PF00069	0.969
5obj	A	O14965	PF00069	1
5obr	A	O14965	PF00069	1
5odt	A	O14965	PF00069	1
5okt	A	P48730	PF00069	1
5okt	B	P48730	PF00069	1
5okt	C	P48730	PF00069	1
5okt	D	P48730	PF00069	1
5omg	A	Q16539	PF00069	1
5omh	A	Q16539	PF00069	1
5omy	A	P68400	PF00069	1
5one	A	O14965	PF00069	1
5oni	A	P68400	PF00069	1
5oni	B	P68400	PF00069	1
5oo0	A	P24941	PF00069	1
5oo1	A	P24941	PF00069	1
5oo3	A	P24941	PF00069	1
5ooi	A	P19784	PF00069	1
5ooi	B	P19784	PF00069	1
5oop	A	O14757	PF00069	1
5oor	A	O14757	PF00069	1
5oot	A	O14757	PF00069	1
5op2	A	O14757	PF00069	1
5op4	A	O14757	PF00069	1
5op5	A	O14757	PF00069	1
5op7	A	O14757	PF00069	1
5opb	A	O14757	PF00069	1
5opr	A	O14757	PF00069	1
5ops	A	O14757	PF00069	1
5opu	A	O14757	PF00069	1
5opv	A	O14757	PF00069	1
5oq5	A	O14757	PF00069	1
5oq6	A	O14757	PF00069	1
5oq7	A	O14757	PF00069	1
5oq7	B	O14757	PF00069	1
5oq8	A	O14757	PF00069	1
5oqu	A	P68400	PF00069	1
5oqu	B	P68400	PF00069	1
5orh	A	P68400	PF00069	1
5orh	B	P68400	PF00069	1
5orj	A	P68400	PF00069	1
5orj	B	P68400	PF00069	1
5ork	A	P68400	PF00069	1
5ork	B	P68400	PF00069	1
5orl	A	O14965	PF00069	1
5orn	A	O14965	PF00069	1
5oro	A	O14965	PF00069	1
5orp	A	O14965	PF00069	1
5orr	A	O14965	PF00069	1
5ors	A	O14965	PF00069	1
5ort	A	O14965	PF00069	1
5orv	A	O14965	PF00069	1
5orw	A	O14965	PF00069	1
5orx	A	O14965	PF00069	1
5ory	A	O14965	PF00069	1
5orz	A	O14965	PF00069	1
5os0	A	O14965	PF00069	1
5os1	A	O14965	PF00069	1
5os2	A	O14965	PF00069	1
5os3	A	O14965	PF00069	1
5os4	A	O14965	PF00069	1
5os5	A	O14965	PF00069	1
5os6	A	O14965	PF00069	1
5os7	A	P68400	PF00069	1
5os7	B	P68400	PF00069	1
5os8	A	P68400	PF00069	1
5osd	A	O14965	PF00069	1
5ose	A	O14965	PF00069	1
5osf	A	O14965	PF00069	1
5osj	A	P24941	PF00069	1
5osl	A	P68400	PF00069	1
5osm	A	P24941	PF00069	1
5osp	A	P68400	PF00069	1
5osr	A	P68400	PF00069	1
5osu	A	P68400	PF00069	1
5osz	A	P68400	PF00069	1
5ot5	A	P68400	PF00069	1
5ot5	B	P68400	PF00069	1
5ot6	A	P68400	PF00069	1
5ot6	B	P68400	PF00069	1
5otd	A	P68400	PF00069	1
5otd	B	P68400	PF00069	1
5ote	A	Q9Y5S2	PF00069	1
5otf	A	Q9Y5S2	PF00069	1
5oth	A	P68400	PF00069	1
5oth	B	P68400	PF00069	1
5oti	A	P68400	PF00069	1
5otl	A	P68400	PF00069	1
5otl	B	P68400	PF00069	1
5oto	A	P68400	PF00069	1
5oto	B	P68400	PF00069	1
5otp	A	P68400	PF00069	1
5otp	B	P68400	PF00069	1
5otq	A	P68400	PF00069	1
5otr	A	P68400	PF00069	1
5ots	A	P68400	PF00069	1
5oty	A	P68400	PF00069	1
5otz	A	P68400	PF00069	1
5oue	A	P68400	PF00069	1
5oue	B	P68400	PF00069	1
5oul	A	P68400	PF00069	1
5oum	A	P68400	PF00069	1
5oum	B	P68400	PF00069	1
5ouu	A	P68400	PF00069	1
5ouu	B	P68400	PF00069	1
5owh	A	P68400	PF00069	1
5owl	A	P68400	PF00069	1
5owl	B	P68400	PF00069	1
5owq	A	O94804	PF00069	1
5owq	B	O94804	PF00069	1
5owr	A	O94804	PF00069	1
5oxg	A	Q04771	PF07714	1
5oxg	B	Q04771	PF07714	1
5oxg	C	Q04771	PF07714	1
5oxg	D	Q04771	PF07714	1
5oy4	A	P49841	PF00069	1
5oy4	B	P49841	PF00069	1
5oy6	A	Q04771	PF07714	1
5oy6	B	Q04771	PF07714	1
5oy6	C	Q04771	PF07714	1
5oy6	D	Q04771	PF07714	1
5oyf	A	P68400	PF00069	1
5p9f	A	Q06187	PF07714	1
5p9g	A	Q06187	PF07714	1
5p9h	A	Q06187	PF07714	1
5p9i	A	Q06187	PF07714	1
5p9j	A	Q06187	PF07714	1
5p9k	A	Q06187	PF07714	1
5p9l	A	Q06187	PF07714	1
5p9m	A	Q06187	PF07714	1
5qik	A	P36897	PF00069	1
5qil	A	P36897	PF00069	1
5qim	A	P36897	PF00069	1
5qin	A	P37173	PF07714	1
5qtz	A	P36897	PF00069	1
5qu0	A	P36897	PF00069	1
5r8u	A	P47811	PF00069	1
5r8v	A	P47811	PF00069	1
5r8w	A	P47811	PF00069	1
5r8x	A	P47811	PF00069	1
5r8y	A	P47811	PF00069	1
5r8z	A	P47811	PF00069	1
5r90	A	P47811	PF00069	1
5r91	A	P47811	PF00069	1
5r92	A	P47811	PF00069	1
5r93	A	P47811	PF00069	1
5r94	A	P47811	PF00069	1
5r95	A	P47811	PF00069	1
5r96	A	P47811	PF00069	1
5r97	A	P47811	PF00069	1
5r98	A	P47811	PF00069	1
5r99	A	P47811	PF00069	1
5r9a	A	P47811	PF00069	1
5r9b	A	P47811	PF00069	1
5r9c	A	P47811	PF00069	1
5r9d	A	P47811	PF00069	1
5r9e	A	P47811	PF00069	1
5r9f	A	P47811	PF00069	1
5r9g	A	P47811	PF00069	1
5r9h	A	P47811	PF00069	1
5r9i	A	P47811	PF00069	1
5r9j	A	P47811	PF00069	1
5r9k	A	P47811	PF00069	1
5r9l	A	P47811	PF00069	1
5r9m	A	P47811	PF00069	1
5r9n	A	P47811	PF00069	1
5r9o	A	P47811	PF00069	1
5r9p	A	P47811	PF00069	1
5r9q	A	P47811	PF00069	1
5r9r	A	P47811	PF00069	1
5r9s	A	P47811	PF00069	1
5r9t	A	P47811	PF00069	1
5r9u	A	P47811	PF00069	1
5r9v	A	P47811	PF00069	1
5r9w	A	P47811	PF00069	1
5r9x	A	P47811	PF00069	1
5r9y	A	P47811	PF00069	1
5r9z	A	P47811	PF00069	1
5ra0	A	P47811	PF00069	1
5ra1	A	P47811	PF00069	1
5ra2	A	P47811	PF00069	1
5ra3	A	P47811	PF00069	1
5ra4	A	P47811	PF00069	1
5ra5	A	P47811	PF00069	1
5ra6	A	P47811	PF00069	1
5ra7	A	P47811	PF00069	1
5ra8	A	P47811	PF00069	1
5ra9	A	P47811	PF00069	1
5s75	A	Q04771	PF07714	1
5s75	B	Q04771	PF07714	1
5s76	A	Q04771	PF07714	1
5s76	B	Q04771	PF07714	1
5s77	A	Q04771	PF07714	1
5s77	B	Q04771	PF07714	1
5s78	A	Q04771	PF07714	1
5s78	B	Q04771	PF07714	1
5s79	A	Q04771	PF07714	1
5s79	B	Q04771	PF07714	1
5s7a	A	Q04771	PF07714	1
5s7a	B	Q04771	PF07714	1
5s7b	A	Q04771	PF07714	1
5s7b	B	Q04771	PF07714	1
5s7c	A	Q04771	PF07714	1
5s7c	B	Q04771	PF07714	1
5s7d	A	Q04771	PF07714	1
5s7d	B	Q04771	PF07714	1
5s7e	A	Q04771	PF07714	1
5s7e	B	Q04771	PF07714	1
5s7f	A	Q04771	PF07714	1
5s7f	B	Q04771	PF07714	1
5s7g	A	Q04771	PF07714	1
5s7g	B	Q04771	PF07714	1
5s7h	A	Q04771	PF07714	1
5s7h	B	Q04771	PF07714	1
5s7i	A	Q04771	PF07714	1
5s7i	B	Q04771	PF07714	1
5s7j	A	Q04771	PF07714	1
5s7j	B	Q04771	PF07714	1
5s7k	A	Q04771	PF07714	1
5s7k	B	Q04771	PF07714	1
5s7l	A	Q04771	PF07714	1
5s7l	B	Q04771	PF07714	1
5s7m	A	Q04771	PF07714	1
5s7m	B	Q04771	PF07714	1
5s7n	A	Q04771	PF07714	1
5s7n	B	Q04771	PF07714	1
5s7o	A	Q04771	PF07714	1
5s7o	B	Q04771	PF07714	1
5s7p	A	Q04771	PF07714	1
5s7p	B	Q04771	PF07714	1
5s7q	A	Q04771	PF07714	1
5s7q	B	Q04771	PF07714	1
5s7r	A	Q04771	PF07714	1
5s7r	B	Q04771	PF07714	1
5s7s	A	Q04771	PF07714	1
5s7s	B	Q04771	PF07714	1
5s7t	A	Q04771	PF07714	1
5s7t	B	Q04771	PF07714	1
5s7u	A	Q04771	PF07714	1
5s7u	B	Q04771	PF07714	1
5s7v	A	Q04771	PF07714	1
5s7v	B	Q04771	PF07714	1
5s7w	A	Q04771	PF07714	1
5s7w	B	Q04771	PF07714	1
5s7x	A	Q04771	PF07714	1
5s7x	B	Q04771	PF07714	1
5s7y	A	Q04771	PF07714	1
5s7y	B	Q04771	PF07714	1
5s7z	A	Q04771	PF07714	1
5s7z	B	Q04771	PF07714	1
5s80	A	Q04771	PF07714	1
5s80	B	Q04771	PF07714	1
5s81	A	Q04771	PF07714	1
5s81	B	Q04771	PF07714	1
5s82	A	Q04771	PF07714	1
5s82	B	Q04771	PF07714	1
5s83	A	Q04771	PF07714	1
5s83	B	Q04771	PF07714	1
5s84	A	Q04771	PF07714	1
5s84	B	Q04771	PF07714	1
5s85	A	Q04771	PF07714	1
5s85	B	Q04771	PF07714	1
5s86	A	Q04771	PF07714	1
5s86	B	Q04771	PF07714	1
5s87	A	Q04771	PF07714	1
5s87	B	Q04771	PF07714	1
5s88	A	Q04771	PF07714	1
5s88	B	Q04771	PF07714	1
5s89	A	Q04771	PF07714	1
5s89	B	Q04771	PF07714	1
5s8a	A	Q04771	PF07714	1
5s8a	B	Q04771	PF07714	1
5s8b	A	Q04771	PF07714	1
5s8b	B	Q04771	PF07714	1
5s9k	A	Q04771	PF07714	1
5s9k	B	Q04771	PF07714	1
5sau	A	Q08345	PF07714	0.98
5sav	A	Q08345	PF07714	0.98
5saw	A	Q08345	PF07714	0.98
5sax	A	Q08345	PF07714	0.98
5say	A	Q08345	PF07714	0.98
5say	B	Q08345	PF07714	0.98
5saz	A	Q08345	PF07714	0.98
5sb0	A	Q08345	PF07714	0.98
5sb1	A	Q08345	PF07714	0.98
5sb2	A	Q08345	PF07714	0.98
5swh	A	P00523	PF07714	1
5swh	B	P00523	PF07714	1
5sys	A	P00523	PF07714	1
5sys	B	P00523	PF07714	1
5t0p	A	P00523	PF07714	1
5t0p	B	P00523	PF07714	1
5t18	A	Q06187	PF07714	1
5t1h	A	P68400	PF00069	1
5t1h	B	P68400	PF00069	1
5t1s	A	Q9NWZ3	PF07714	1
5t1s	B	Q9NWZ3	PF07714	1
5t1s	C	Q9NWZ3	PF07714	1
5t1s	D	Q9NWZ3	PF07714	1
5t1t	A	Q9NWZ3	PF07714	1
5t1t	B	Q9NWZ3	PF07714	1
5t1t	C	Q9NWZ3	PF07714	1
5t1t	D	Q9NWZ3	PF07714	1
5t31	A	P49841	PF00069	1
5t31	B	P49841	PF00069	1
5t3q	A	P08581	PF07714	1
5t5t	A	P54645	PF00069	1
5t68	A	P43405	PF07714	1
5t68	B	P43405	PF07714	1
5t8o	A	Q9WUL6	PF00069	1
5t8o	B	Q9WUL6	PF00069	1
5t8p	A	Q9WUL6	PF00069	1
5t8p	B	Q9WUL6	PF00069	1
5t8q	A	Q9WUL6	PF00069	1
5t8q	B	Q9WUL6	PF00069	1
5ta6	A	P53350	PF00069	1
5ta8	A	P53350	PF00069	1
5tbe	A	Q16539	PF00069	1
5tc0	A	Q12866	PF07714	1
5tc0	B	Q12866	PF07714	1
5tco	A	Q16539	PF00069	1
5td2	A	Q12866	PF07714	1
5td2	B	Q12866	PF07714	1
5te0	A	Q2M2I8	PF00069	1
5teh	A	P00523	PF07714	1
5teh	B	P00523	PF07714	1
5tel	A	P11309	PF00069	1
5tex	A	P11309	PF00069	1
5tf9	A	Q9H4A3	PF00069	1
5tf9	B	Q9H4A3	PF00069	1
5tiu	A	P43405	PF07714	1
5tkd	A	P29597	PF07714	1
5tkd	B	P29597	PF07714	1
5to8	A	Q14289	PF07714	1
5tob	A	Q14289	PF07714	1
5toe	A	P11309	PF00069	1
5tos	A	O48814	PF07714	1
5tos	B	O48814	PF07714	1
5toz	A	P52333	PF07714	1
5tq3	A	O60674	PF07714	1
5tq3	B	O60674	PF07714	1
5tq4	A	O60674	PF07714	1
5tq5	A	O60674	PF07714	1
5tq6	A	O60674	PF07714	1
5tq6	B	O60674	PF07714	1
5tq7	A	O60674	PF07714	1
5tq7	B	O60674	PF07714	1
5tq8	A	O60674	PF07714	1
5tqw	A	O15111	PF00069	1
5tqw	B	O15111	PF00069	1
5tqx	A	O15111	PF00069	1
5tqx	B	O15111	PF00069	1
5tqy	A	O15111	PF00069	1
5tqy	B	O15111	PF00069	1
5tr6	A	P43405	PF07714	1
5ts8	A	P28523	PF00069	1
5tt7	A	P43405	PF07714	1
5tts	A	P52333	PF07714	1
5ttu	A	P52333	PF07714	1
5ttv	A	P52333	PF07714	1
5tur	A	P11309	PF00069	1
5tvt	A	Q14680	PF00069	1
5twl	A	Q14680	PF00069	1
5twu	A	Q14680	PF00069	1
5twu	B	Q14680	PF00069	1
5twy	A	Q14680	PF00069	1
5twy	B	Q14680	PF00069	1
5twz	A	Q14680	PF00069	1
5tx3	A	Q14680	PF00069	1
5tx3	B	Q14680	PF00069	1
5tx5	A	Q13546	PF07714	1
5tx5	B	Q13546	PF07714	1
5u6b	A	P30530	PF07714	1
5u6b	B	P30530	PF07714	1
5u6b	C	P30530	PF07714	1
5u6b	D	P30530	PF07714	1
5u6c	A	Q12866	PF07714	1
5u6c	B	Q12866	PF07714	1
5u6i	A	P63086	PF00069	1
5u6y	A	P11275	PF00069	1
5u6y	B	P11275	PF00069	1
5u6y	C	P11275	PF00069	1
5u6y	D	P11275	PF00069	1
5u6y	E	P11275	PF00069	1
5u6y	F	P11275	PF00069	1
5u6y	G	P11275	PF00069	1
5u6y	H	P11275	PF00069	1
5u6y	I	P11275	PF00069	1
5u6y	J	P11275	PF00069	1
5u6y	K	P11275	PF00069	1
5u6y	L	P11275	PF00069	1
5u7q	A	O75116	PF00069	1
5u7q	B	O75116	PF00069	1
5u7q	C	O75116	PF00069	1
5u7q	D	O75116	PF00069	1
5u7r	A	O75116	PF00069	1
5u7r	B	O75116	PF00069	1
5u7r	C	O75116	PF00069	1
5u7r	D	O75116	PF00069	1
5u8l	A	P00533	PF07714	1
5u94	A	P9WI81	PF00069	1
5u9d	A	Q06187	PF07714	1
5uab	A	P08581	PF07714	1
5uad	A	P08581	PF07714	1
5ufu	A	Q5EG47	PF00069	0.957
5ufu	A	P54645	PF00069	0.957
5ug8	A	P00533	PF07714	1
5ug9	A	P00533	PF07714	1
5uga	A	P00533	PF07714	1
5ugb	A	P00533	PF07714	1
5ugc	A	P00533	PF07714	1
5ugl	A	P21802	PF07714	1
5ugl	B	P21802	PF07714	1
5ugx	A	P21802	PF07714	1
5ugx	B	P21802	PF07714	1
5uhn	A	P21802	PF07714	1
5uhn	B	P21802	PF07714	1
5ui0	A	P21802	PF07714	1
5ui0	B	P21802	PF07714	1
5uiq	A	Q9NWZ3	PF07714	1
5uiq	B	Q9NWZ3	PF07714	1
5uiq	C	Q9NWZ3	PF07714	1
5uiq	D	Q9NWZ3	PF07714	1
5uir	A	Q9NWZ3	PF07714	1
5uir	B	Q9NWZ3	PF07714	1
5uis	A	Q9NWZ3	PF07714	1
5uis	B	Q9NWZ3	PF07714	1
5uis	C	Q9NWZ3	PF07714	1
5uis	D	Q9NWZ3	PF07714	1
5uit	A	Q9NWZ3	PF07714	1
5uit	B	Q9NWZ3	PF07714	1
5uiu	A	Q9NWZ3	PF07714	1
5uiu	B	Q9NWZ3	PF07714	1
5ukf	A	Q99986	PF00069	1
5ukf	B	Q99986	PF00069	1
5ukf	C	Q99986	PF00069	1
5ukf	D	Q99986	PF00069	1
5ukk	A	P25098	PF00069	1
5ukl	A	P25098	PF00069	1
5ukm	A	P21146	PF00069	1
5umo	A	P63086	PF00069	1
5unp	A	P49760	PF00069	1
5unp	B	P49760	PF00069	1
5uoj	A	P47811	PF00069	1
5uor	A	Q99683	PF00069	1
5uor	B	Q99683	PF00069	1
5uox	A	Q99683	PF00069	1
5uox	B	Q99683	PF00069	1
5up3	A	Q99683	PF00069	1
5up3	B	Q99683	PF00069	1
5upk	B	O96013	PF00069	1
5upl	A	O96013	PF00069	1
5uq0	A	P11362	PF07714	1
5uq0	B	P11362	PF07714	1
5uq1	A	P24941	PF00069	1
5uq1	C	P24941	PF00069	1
5uq2	A	P24941	PF00069	1
5uq3	A	P24941	PF00069	1
5ur1	A	P11362	PF07714	1
5ur1	B	P11362	PF07714	1
5usq	A	P36897	PF00069	1
5usy	A	O60674	PF07714	1
5usy	B	O60674	PF07714	1
5usz	A	O60674	PF07714	1
5ut0	A	O60674	PF07714	1
5ut1	A	O60674	PF07714	1
5ut2	A	O60674	PF07714	1
5ut3	A	O60674	PF07714	1
5ut4	A	O60674	PF07714	1
5ut5	A	O60674	PF07714	1
5ut6	A	O60674	PF07714	1
5uu1	A	Q86Y07	PF00069	1
5uuu	A	P25098	PF00069	1
5uv4	A	K7VIQ3	PF07714	1
5uvc	A	P25098	PF00069	1
5uvf	A	Q99986	PF00069	1
5uvf	B	Q99986	PF00069	1
5uvf	C	Q99986	PF00069	1
5uvf	D	Q99986	PF00069	1
5uwd	A	P00533	PF07714	1
5uy6	A	Q96RR4	PF00069	1
5uyj	A	Q96RR4	PF00069	1
5uzj	A	Q13464	PF00069	1
5uzj	B	Q13464	PF00069	1
5uzk	A	P17612	PF00069	1
5v19	A	Q99683	PF00069	1
5v19	B	Q99683	PF00069	1
5v24	A	Q99683	PF00069	1
5v24	B	Q99683	PF00069	1
5v5n	A	O43318	PF07714	1
5v5y	A	P30291	PF00069	1
5v60	A	P28482	PF00069	1
5v61	A	P28482	PF00069	1
5v62	A	P28482	PF00069	1
5v80	A	P11309	PF00069	1
5v82	A	P11309	PF00069	1
5val	A	P15056	PF07714	1
5val	B	P15056	PF07714	1
5vam	A	P15056	PF07714	1
5vam	B	P15056	PF07714	1
5vc3	A	P30291	PF00069	1
5vc4	A	P30291	PF00069	1
5vc5	A	P30291	PF00069	1
5vc6	A	P30291	PF00069	1
5vcv	A	Q99640	PF00069	1
5vcw	A	Q99640	PF00069	1
5vcw	B	Q99640	PF00069	1
5vcx	A	Q99640	PF00069	1
5vcy	A	Q99640	PF00069	1
5vcz	A	Q99640	PF00069	1
5vd0	A	Q99640	PF00069	1
5vd1	A	Q99640	PF00069	1
5vd2	A	P30291	PF00069	1
5vd3	A	Q99640	PF00069	1
5vd4	A	P30291	PF00069	1
5vd5	A	P30291	PF00069	1
5vd7	A	P30291	PF00069	1
5vd8	A	P30291	PF00069	1
5vd9	A	P30291	PF00069	1
5vda	A	P30291	PF00069	1
5vdk	A	P0C1S8	PF00069	1
5ve6	A	Q86YV5	PF07714	1
5ved	A	O96013	PF00069	1
5vee	A	O96013	PF00069	1
5vef	A	O96013	PF00069	1
5vfi	A	Q06187	PF07714	1
5vgo	A	Q06187	PF07714	1
5vhb	A	P00517	PF00069	1
5vi9	A	P00517	PF00069	1
5vib	A	P00517	PF00069	1
5vil	A	Q99683	PF00069	1
5vil	B	Q99683	PF00069	1
5vil	C	Q99683	PF00069	1
5vil	D	Q99683	PF00069	1
5vio	A	Q99683	PF00069	1
5vio	B	Q99683	PF00069	1
5vio	C	Q99683	PF00069	1
5vio	D	Q99683	PF00069	1
5vja	A	O43293	PF00069	1
5vja	B	O43293	PF00069	1
5vja	C	O43293	PF00069	1
5vja	D	O43293	PF00069	1
5vlo	A	Q13557	PF00069	1
5vlo	B	Q13557	PF00069	1
5vnd	A	P11362	PF07714	1
5vnd	B	P11362	PF07714	1
5vo1	A	Q12852	PF07714	1
5vo2	A	Q12852	PF07714	1
5vo6	A	P52333	PF07714	1
5vt1	A	Q96RR4	PF00069	1
5vua	B	P11309	PF00069	1
5vub	B	P11309	PF00069	1
5vuc	B	P11309	PF00069	1
5w4w	A	P48730	PF00069	1
5w4w	B	P48730	PF00069	1
5w4w	C	P48730	PF00069	1
5w4w	D	P48730	PF00069	1
5w5j	A	O43353	PF07714	1
5w5j	B	O43353	PF07714	1
5w5o	A	O43353	PF07714	1
5w5o	B	O43353	PF07714	1
5w5o	C	O43353	PF07714	1
5w5o	D	O43353	PF07714	1
5w5o	E	O43353	PF07714	1
5w5o	F	O43353	PF07714	1
5w5o	G	O43353	PF07714	1
5w5o	H	O43353	PF07714	1
5w5o	I	O43353	PF07714	1
5w5o	J	O43353	PF07714	1
5w5o	K	O43353	PF07714	1
5w5o	L	O43353	PF07714	1
5w5o	M	O43353	PF07714	1
5w5o	N	O43353	PF07714	1
5w5o	O	O43353	PF07714	1
5w5o	P	O43353	PF07714	1
5w5q	A	O95819	PF00069	1
5w5q	B	O95819	PF00069	1
5w5v	A	Q9UHD2	PF00069	1
5w7t	A	Q9JIH7	PF00069	1
5w7t	B	Q9JIH7	PF00069	1
5w84	A	Q9NWZ3	PF07714	1
5w84	B	Q9NWZ3	PF07714	1
5w85	A	Q9NWZ3	PF07714	1
5w85	B	Q9NWZ3	PF07714	1
5w86	A	P52333	PF07714	1
5w86	B	P52333	PF07714	1
5w86	C	P52333	PF07714	1
5w86	D	P52333	PF07714	1
5wal	A	P29597	PF07714	1
5wdy	A	Q9H4A3	PF00069	1
5wdy	B	Q9H4A3	PF00069	1
5we8	A	Q9H4A3	PF00069	1
5we8	B	Q9H4A3	PF00069	1
5wev	A	O60674	PF07714	1
5wfj	A	P52333	PF07714	1
5wg3	A	P25098	PF00069	1
5wg4	A	P25098	PF00069	1
5wg5	A	P25098	PF00069	1
5wij	A	O60674	PF07714	1
5wik	B	O60674	PF07714	1
5wil	A	O60674	PF07714	1
5wim	A	O60674	PF07714	1
5win	A	O60674	PF07714	1
5wjj	A	Q16539	PF00069	1
5wne	A	Q13464	PF00069	1
5wne	B	Q13464	PF00069	1
5wne	C	Q13464	PF00069	1
5wne	D	Q13464	PF00069	1
5wnf	A	Q13464	PF00069	1
5wnf	B	Q13464	PF00069	1
5wnf	C	Q13464	PF00069	1
5wnf	D	Q13464	PF00069	1
5wng	A	Q13464	PF00069	1
5wng	B	Q13464	PF00069	1
5wng	C	Q13464	PF00069	1
5wng	D	Q13464	PF00069	1
5wnh	A	Q13464	PF00069	1
5wnh	B	Q13464	PF00069	1
5wnh	C	Q13464	PF00069	1
5wnh	D	Q13464	PF00069	1
5wni	A	Q9ERK0	PF00069	1
5wnj	A	Q9ERK0	PF00069	1
5wnk	A	Q9ERK0	PF00069	1
5wnl	A	Q9ERK0	PF00069	1
5wnm	A	Q9ERK0	PF00069	1
5wno	A	P24348	PF07714	1
5wo4	A	P23458	PF07714	1
5wo4	B	P23458	PF07714	1
5wp1	A	P28482	PF00069	1
5wr7	A	P04629	PF07714	1
5wvd	A	Q9BUB5	PF00069	0.935
5wvd	A	Q9BUB5	PF00069	0.983
5wvd	B	Q9BUB5	PF00069	0.935
5wvd	B	Q9BUB5	PF00069	0.983
5x02	A	P36888	PF07714	0.847
5x17	A	Q9DC28	PF00069	1
5x17	B	Q9DC28	PF00069	1
5x18	A	P23291	PF00069	1
5x18	B	P23291	PF00069	1
5x26	A	P00533	PF07714	1
5x27	A	P00533	PF07714	1
5x28	A	P00533	PF07714	1
5x2a	A	P00533	PF07714	1
5x2a	B	P00533	PF07714	1
5x2a	C	P00533	PF07714	1
5x2a	D	P00533	PF07714	1
5x2c	A	P00533	PF07714	1
5x2c	B	P00533	PF07714	1
5x2f	A	P00533	PF07714	1
5x2f	B	P00533	PF07714	1
5x2f	C	P00533	PF07714	1
5x2f	D	P00533	PF07714	1
5x2k	A	P00533	PF07714	1
5x3f	B	P05132	PF00069	1
5x5o	A	Q9NYL2	PF07714	1
5x8i	A	P49759	PF00069	1
5x8i	B	P49759	PF00069	1
5xd6	A	Q9LUT0	PF07714	1
5xd6	B	Q9LUT0	PF07714	1
5xdk	A	P00533	PF07714	1
5xdl	A	P00533	PF07714	1
5xff	A	P22455	PF07714	1
5xfj	A	P22455	PF07714	1
5xgm	A	P00533	PF07714	1
5xgn	A	P00533	PF07714	1
5xgn	B	P00533	PF07714	1
5xka	A	P9WI69	PF00069	1
5xka	B	P9WI69	PF00069	1
5xp5	A	P00523	PF07714	1
5xp5	B	P00523	PF07714	1
5xp7	A	P00523	PF07714	1
5xp7	B	P00523	PF07714	1
5xqx	A	P49336	PF00069	1
5xs2	A	P49336	PF00069	1
5xv7	A	Q96SB4	PF00069	1
5xva	A	O96013	PF00069	1
5xvf	A	O96013	PF00069	1
5xvg	A	O96013	PF00069	1
5xvu	A	Q8IIR9	PF00069	1
5xvu	B	Q8IIR9	PF00069	1
5xvu	C	Q8IIR9	PF00069	1
5xy1	A	P07948	PF07714	1
5xyx	A	Q16539	PF00069	1
5xyy	A	Q16539	PF00069	1
5xyz	A	Q06187	PF07714	1
5xyz	B	Q06187	PF07714	1
5xzv	A	P22216	PF00069	1
5xzv	B	P22216	PF00069	1
5xzw	A	P22216	PF00069	1
5xzw	B	P22216	PF00069	1
5y25	A	P00533	PF07714	1
5y5t	A	P43405	PF07714	1
5y5u	A	P43405	PF07714	1
5y5u	B	P43405	PF07714	1
5y7z	A	O14976	PF00069	1
5y7z	B	O14976	PF00069	1
5y80	A	O14976	PF00069	1
5y86	A	O43781	PF00069	1
5y8u	A	O14733	PF00069	1
5y90	A	O14733	PF00069	1
5y9m	A	P19784	PF00069	1
5y9m	X	P19784	PF00069	1
5y9t	A	P00533	PF07714	1
5ya5	A	P08581	PF07714	1
5yf9	B	P19784	PF00069	1
5yf9	X	P19784	PF00069	1
5yj9	D	D6WMX4	PF00069	1
5yks	A	Q9NRH2	PF00069	1
5yks	B	Q9NRH2	PF00069	1
5yt3	A	Q02750	PF00069	1
5yt3	B	Q02750	PF00069	1
5yt3	C	Q02750	PF00069	1
5yt3	D	Q02750	PF00069	1
5yu9	A	P00533	PF07714	1
5yu9	B	P00533	PF07714	1
5yu9	C	P00533	PF07714	1
5yu9	D	P00533	PF07714	1
5yv8	A	Q96RR4	PF00069	1
5yv9	A	Q96RR4	PF00069	1
5yva	A	Q96RR4	PF00069	1
5yvb	A	Q96RR4	PF00069	1
5yvc	A	Q96RR4	PF00069	1
5ywm	X	P19784	PF00069	1
5z0s	A	P11362	PF07714	1
5z0s	B	P11362	PF07714	1
5z1d	A	O14733	PF00069	1
5z1e	A	O14733	PF00069	1
5z33	A	G4N374	PF00069	1
5zan	A	O14965	PF00069	1
5zj6	A	P08631	PF07714	1
5zj6	B	P08631	PF07714	1
5zjw	A	O96013	PF00069	1
5zn0	A	P68400	PF00069	1
5zn1	A	P68400	PF00069	1
5zn2	A	P68400	PF00069	1
5zn3	A	P68400	PF00069	1
5zn4	A	P68400	PF00069	1
5zn5	A	P68400	PF00069	1
5ztn	A	Q92630	PF00069	1
5ztn	B	Q92630	PF00069	1
5zto	A	P00533	PF07714	1
5zv2	A	P11362	PF07714	1
5zv2	B	P11362	PF07714	1
5zwj	A	P00533	PF07714	1
5zxb	A	Q07912	PF07714	1
5zxb	B	Q07912	PF07714	1
5zz4	A	Q06187	PF07714	1
5zz4	B	Q06187	PF07714	1
5zz4	C	Q06187	PF07714	1
5zz4	D	Q06187	PF07714	1
5zz4	E	Q06187	PF07714	1
5zz4	F	Q06187	PF07714	1
6a1c	A	P68400	PF00069	1
6a1f	A	Q13627	PF00069	1
6a1g	A	Q13627	PF00069	1
6a1g	B	Q13627	PF00069	1
6a32	A	P16234	PF07714	0.799
6aah	A	P23458	PF07714	1
6aah	B	P23458	PF07714	1
6aaj	A	O60674	PF07714	1
6aaj	B	O60674	PF07714	1
6aak	A	P52333	PF07714	1
6aak	B	P52333	PF07714	1
6aak	C	P52333	PF07714	1
6aak	D	P52333	PF07714	1
6aam	A	P29597	PF07714	1
6aar	A	P53355	PF00069	1
6ac9	A	Q99986	PF00069	1
6ac9	B	Q99986	PF00069	1
6ac9	C	Q99986	PF00069	1
6ac9	D	Q99986	PF00069	1
6acr	A	Q04771	PF07714	1
6acr	B	Q04771	PF07714	1
6ae3	A	Q9WV60	PF00069	1
6ae3	B	Q9WV60	PF00069	1
6ae3	C	Q9WV60	PF00069	1
6ae3	D	Q9WV60	PF00069	1
6agx	A	P21802	PF07714	1
6agx	B	P21802	PF07714	1
6agx	C	P21802	PF07714	1
6agx	D	P21802	PF07714	1
6anl	A	Q16539	PF00069	1
6ao5	A	Q13188	PF00069	1
6ate	A	P12931	PF07714	1
6ath	A	P24941	PF00069	1
6aua	A	Q06187	PF07714	1
6aub	A	Q06187	PF07714	1
6ayd	A	P11309	PF00069	1
6ayw	A	Q13557	PF00069	1
6ayw	B	Q13557	PF00069	1
6b16	A	Q13153	PF00069	1
6b16	B	Q13153	PF00069	1
6b1u	A	P54646	PF00069	1
6b1u	C	P54646	PF00069	1
6b2e	A	P54646	PF00069	1
6b2p	A	P9WI81	PF00069	1
6b2q	A	P9WI83	PF00069	1
6b2q	B	P9WI83	PF00069	1
6b2q	C	P9WI83	PF00069	1
6b2q	D	P9WI83	PF00069	1
6b3e	A	Q9NYV4	PF00069	1
6b3e	C	Q9NYV4	PF00069	1
6b4w	A	P33981	PF00069	1
6b5j	A	Q59H18	PF07714	1
6b5j	B	Q59H18	PF07714	1
6b5j	C	Q59H18	PF07714	1
6b5j	D	Q59H18	PF07714	1
6b8j	A	P49841	PF00069	1
6b8u	A	P15056	PF07714	1
6b8u	B	P15056	PF07714	1
6b8y	A	P36897	PF00069	1
6bab	A	Q6PHZ2	PF00069	1
6bab	B	Q6PHZ2	PF00069	1
6bab	C	Q6PHZ2	PF00069	1
6bab	D	Q6PHZ2	PF00069	1
6bbu	A	P23458	PF07714	1
6bbv	A	O60674	PF07714	1
6bdl	A	Q13976	PF00069	1
6bdl	B	Q13976	PF00069	1
6bdn	A	Q9H2K8	PF00069	1
6bfn	A	P51617	PF00069	1
6bfn	B	P51617	PF00069	1
6bg2	A	Q13976	PF00069	1
6bg2	B	Q13976	PF00069	1
6bg2	C	Q13976	PF00069	1
6bg2	D	Q13976	PF00069	1
6bhc	A	Q9H792	PF00069	0.986
6bik	A	Q06187	PF07714	1
6bke	A	Q06187	PF07714	1
6bkh	A	Q06187	PF07714	1
6bku	A	Q96RR4	PF00069	1
6bkw	A	Q06187	PF07714	1
6bl8	A	P00519	PF07714	1
6bl8	B	P00519	PF07714	1
6ble	A	Q96RR4	PF00069	1
6bln	A	Q06187	PF07714	1
6bny	A	Q9UHD2	PF00069	1
6bod	A	Q9UHD2	PF00069	1
6boe	A	Q9UHD2	PF00069	1
6bp0	A	Q99986	PF00069	1
6bp0	B	Q99986	PF00069	1
6bp0	C	Q99986	PF00069	1
6bp0	D	Q99986	PF00069	1
6bql	A	Q96RR4	PF00069	1
6bqp	A	Q96RR4	PF00069	1
6bqq	A	Q96RR4	PF00069	1
6brc	A	Q96RR4	PF00069	1
6brc	B	Q96RR4	PF00069	1
6brj	A	Q08345	PF07714	1
6bru	A	Q99986	PF00069	1
6bru	B	Q99986	PF00069	1
6bru	C	Q99986	PF00069	1
6bru	D	Q99986	PF00069	1
6brw	A	O60674	PF07714	1
6bs0	A	O60674	PF07714	1
6bsd	A	Q08345	PF07714	1
6bsk	A	P11309	PF00069	1
6bss	A	O60674	PF07714	1
6btw	A	Q99986	PF00069	1
6btw	B	Q99986	PF00069	1
6btw	C	Q99986	PF00069	1
6btw	D	Q99986	PF00069	1
6bu6	A	Q99986	PF00069	1
6bu6	B	Q99986	PF00069	1
6bu6	C	Q99986	PF00069	1
6bu6	D	Q99986	PF00069	1
6buu	A	P31749	PF00069	1
6buu	B	P31749	PF00069	1
6bwk	A	Q8NB16	PF07714	1
6bx6	A	P54646	PF00069	1
6bxi	A	Q15208	PF00069	1
6bxi	B	Q15208	PF00069	1
6byr	A	P17612	PF00069	1
6byr	C	P17612	PF00069	1
6bys	A	P17612	PF00069	1
6bys	C	P17612	PF00069	1
6bys	E	P17612	PF00069	1
6bys	G	P17612	PF00069	1
6c0t	A	Q13976	PF00069	1
6c0u	A	P17612	PF00069	1
6c18	A	P11362	PF07714	1
6c18	B	P11362	PF07714	1
6c19	A	P11362	PF07714	1
6c19	B	P11362	PF07714	1
6c1b	A	P11362	PF07714	1
6c1b	B	P11362	PF07714	1
6c1c	A	P11362	PF07714	1
6c1c	B	P11362	PF07714	1
6c1o	A	P11362	PF07714	1
6c1o	B	P11362	PF07714	1
6c2r	A	O14965	PF00069	1
6c2t	A	O14965	PF00069	1
6c2y	A	P25098	PF00069	1
6c3e	A	Q13546	PF07714	1
6c3e	B	Q13546	PF07714	1
6c4d	A	Q13546	PF07714	1
6c4d	B	Q13546	PF07714	1
6c4d	C	Q13546	PF07714	1
6c4d	D	Q13546	PF07714	1
6c7y	A	P23458	PF07714	1
6c83	A	O14965	PF00069	1
6c83	B	O14965	PF00069	1
6c9d	A	Q9P0L2	PF00069	1
6c9d	B	Q9P0L2	PF00069	1
6c9f	A	Q13131	PF00069	1
6c9g	A	Q13131	PF00069	1
6c9h	A	Q13131	PF00069	1
6c9j	A	Q13131	PF00069	1
6cad	A	P15056	PF07714	1
6cad	B	P15056	PF07714	1
6ccf	A	Q8N5S9	PF00069	1
6ccf	B	Q8N5S9	PF00069	1
6ccy	A	Q16513	PF00069	1
6ccy	A	P31749	PF00069	1
6cd6	A	Q8N5S9	PF00069	1
6cd6	B	Q8N5S9	PF00069	1
6cd6	C	Q8N5S9	PF00069	1
6cd6	D	Q8N5S9	PF00069	1
6cdt	A	Q9UM73	PF07714	1
6cfm	A	Q99986	PF00069	1
6cfm	B	Q99986	PF00069	1
6cfm	C	Q99986	PF00069	1
6cfm	D	Q99986	PF00069	1
6cj5	A	Q9HBH9	PF00069	1
6cje	A	Q9HBH9	PF00069	1
6cjh	A	Q9HBH9	PF00069	1
6cjw	A	Q9HBH9	PF00069	1
6cjy	A	Q9HBH9	PF00069	1
6ck3	A	Q9HBH9	PF00069	1
6ck6	A	Q9HBH9	PF00069	1
6cki	A	Q9HBH9	PF00069	1
6ckx	A	Q9NYV4	PF00069	1
6ckx	C	Q9NYV4	PF00069	1
6cmj	A	Q96RR4	PF00069	0.947
6cmj	B	Q96RR4	PF00069	0.947
6cmm	A	Q99986	PF00069	1
6cmm	B	Q99986	PF00069	1
6cmm	C	Q99986	PF00069	1
6cmm	D	Q99986	PF00069	1
6cn9	A	Q9JIH7	PF00069	1
6cn9	B	Q9JIH7	PF00069	1
6cnh	A	Q13523	PF00069	1
6cnx	A	Q99986	PF00069	1
6cnx	B	Q99986	PF00069	1
6cnx	C	Q99986	PF00069	1
6cnx	D	Q99986	PF00069	1
6cpe	A	O14965	PF00069	1
6cpf	A	O14965	PF00069	1
6cpg	A	O14965	PF00069	1
6cpg	D	O14965	PF00069	1
6cpw	A	P63086	PF00069	1
6cpy	A	C0P4K9	PF07714	1
6cpy	B	C0P4K9	PF07714	1
6cq0	A	Q9UHD2	PF00069	1
6cq4	A	Q9UHD2	PF00069	1
6cq5	A	Q9UHD2	PF00069	1
6cqd	A	Q92918	PF00069	1
6cqd	B	Q92918	PF00069	1
6cqe	A	Q92918	PF00069	1
6cqe	B	Q92918	PF00069	1
6cqf	A	Q92918	PF00069	1
6cqh	A	Q99986	PF00069	1
6cqh	B	Q99986	PF00069	1
6cqh	C	Q99986	PF00069	1
6cqh	D	Q99986	PF00069	1
6csw	A	Q99986	PF00069	1
6csw	B	Q99986	PF00069	1
6csw	C	Q99986	PF00069	1
6csw	D	Q99986	PF00069	1
6cth	A	A0A061FLD4	PF00069	1
6cyt	A	P50750	PF00069	1
6cz2	A	Q13882	PF07714	1
6cz3	A	Q13882	PF07714	1
6cz4	A	Q13882	PF07714	1
6d1y	A	P04629	PF07714	1
6d1z	A	P04629	PF07714	1
6d20	A	P04629	PF07714	1
6d22	A	P04629	PF07714	1
6d2i	A	O60674	PF07714	1
6d2i	B	O60674	PF07714	1
6d3k	A	P19525	PF00069	1
6d3k	B	P19525	PF00069	1
6d3k	C	P19525	PF00069	1
6d3l	A	P19525	PF00069	1
6d5y	A	P28482	PF00069	1
6d8e	A	P00533	PF07714	1
6da4	A	P52333	PF07714	1
6db3	A	P52333	PF07714	1
6db4	A	P52333	PF07714	1
6dbk	A	P29597	PF07714	1
6dbm	A	P29597	PF07714	1
6dbn	A	P23458	PF07714	1
6dc0	A	Q96RU8	PF00069	1
6dc0	B	Q96RU8	PF00069	1
6dcg	A	P63086	PF00069	1
6dd4	A	Q99986	PF00069	1
6dd4	B	Q99986	PF00069	1
6dd4	C	Q99986	PF00069	1
6dd4	D	Q99986	PF00069	1
6di0	A	Q06187	PF07714	1
6di1	A	Q06187	PF07714	1
6di3	A	Q06187	PF07714	1
6di5	A	Q06187	PF07714	1
6di9	A	Q06187	PF07714	1
6dkb	A	P04629	PF07714	1
6dkg	A	P04629	PF07714	1
6dki	A	P04629	PF07714	1
6dkw	A	P04629	PF07714	1
6dkw	B	P04629	PF07714	1
6dmg	A	P28482	PF00069	1
6drw	A	O60674	PF07714	1
6dtl	A	Q39026	PF00069	1
6dtl	B	Q39026	PF00069	1
6dud	A	P52333	PF07714	1
6duk	A	P00533	PF07714	1
6duk	B	P00533	PF07714	1
6duk	C	P00533	PF07714	1
6duk	D	P00533	PF07714	1
6duk	E	P00533	PF07714	1
6duk	F	P00533	PF07714	1
6e0r	A	Q9UM73	PF07714	1
6e21	A	P05132	PF00069	1
6e2m	A	Q99683	PF00069	1
6e2m	B	Q99683	PF00069	1
6e2n	A	Q99683	PF00069	1
6e2n	B	Q99683	PF00069	1
6e2o	A	Q99683	PF00069	1
6e2o	B	Q99683	PF00069	1
6e4f	A	Q06187	PF07714	1
6e4t	A	P54645	PF00069	1
6e4u	A	P54645	PF00069	1
6e4w	A	P54645	PF00069	1
6e6e	A	P12931	PF07714	1
6e6e	B	P12931	PF07714	1
6e6e	C	P12931	PF07714	1
6e6e	D	P12931	PF07714	1
6e6e	E	P12931	PF07714	1
6e6e	F	P12931	PF07714	1
6e6e	G	P12931	PF07714	1
6e6e	H	P12931	PF07714	1
6e99	A	P00517	PF00069	1
6e9l	A	P00517	PF00069	1
6e9w	A	Q13464	PF00069	1
6e9w	B	Q13464	PF00069	1
6eas	A	C0P4K9	PF07714	1
6ebw	A	Q9UM73	PF07714	1
6ed6	A	O75116	PF00069	1
6ed6	B	O75116	PF00069	1
6edl	A	Q9UM73	PF07714	1
6eg9	A	Q9NWZ3	PF07714	1
6eg9	B	Q9NWZ3	PF07714	1
6ega	A	Q9NWZ3	PF07714	1
6ega	B	Q9NWZ3	PF07714	1
6egd	A	Q9NWZ3	PF07714	1
6egd	D	Q9NWZ3	PF07714	1
6ege	A	Q9NWZ3	PF07714	1
6ege	D	Q9NWZ3	PF07714	1
6egf	B	Q9NWZ3	PF07714	1
6ehk	A	P68400	PF00069	1
6ehu	A	P68400	PF00069	1
6ehu	B	P68400	PF00069	1
6eif	A	Q13627	PF00069	1
6eif	B	Q13627	PF00069	1
6eif	C	Q13627	PF00069	1
6eif	D	Q13627	PF00069	1
6eii	A	P68400	PF00069	1
6eii	B	P68400	PF00069	1
6eij	A	Q13627	PF00069	1
6eij	B	Q13627	PF00069	1
6eij	C	Q13627	PF00069	1
6eij	D	Q13627	PF00069	1
6eil	A	Q13627	PF00069	1
6eil	B	Q13627	PF00069	1
6eil	C	Q13627	PF00069	1
6eil	D	Q13627	PF00069	1
6eim	A	O94804	PF00069	1
6eim	B	O94804	PF00069	1
6eip	A	Q13627	PF00069	1
6eip	B	Q13627	PF00069	1
6eip	C	Q13627	PF00069	1
6eip	D	Q13627	PF00069	1
6eiq	A	Q13627	PF00069	1
6eiq	B	Q13627	PF00069	1
6eiq	C	Q13627	PF00069	1
6eiq	D	Q13627	PF00069	1
6eir	A	Q13627	PF00069	1
6eir	B	Q13627	PF00069	1
6eir	C	Q13627	PF00069	1
6eir	D	Q13627	PF00069	1
6eis	A	Q13627	PF00069	1
6eis	B	Q13627	PF00069	1
6eis	C	Q13627	PF00069	1
6eis	D	Q13627	PF00069	1
6eiv	A	Q13627	PF00069	1
6eiv	B	Q13627	PF00069	1
6eiv	C	Q13627	PF00069	1
6eiv	D	Q13627	PF00069	1
6eix	A	Q04771	PF07714	1
6ej4	A	Q13627	PF00069	1
6ej4	B	Q13627	PF00069	1
6ej4	C	Q13627	PF00069	1
6ej4	D	Q13627	PF00069	1
6ekd	A	P53779	PF00069	1
6elr	A	P23458	PF07714	1
6elr	B	P23458	PF07714	1
6emh	A	P53779	PF00069	1
6emh	B	P53779	PF00069	1
6emh	C	P53779	PF00069	1
6emh	D	P53779	PF00069	1
6ep9	A	Q06187	PF07714	1
6eq9	A	P53779	PF00069	1
6eq9	B	P53779	PF00069	1
6eqi	C	E0W1I1	PF00069	1
6es0	A	O43353	PF07714	1
6es0	B	O43353	PF07714	1
6ewx	A	D3ZMK9	PF00069	1
6ewx	B	D3ZMK9	PF00069	1
6f1w	A	P48730	PF00069	1
6f1w	B	P48730	PF00069	1
6f26	A	P48730	PF00069	1
6f26	B	P48730	PF00069	1
6f3d	A	Q9NWZ3	PF07714	1
6f3d	B	Q9NWZ3	PF07714	1
6f3e	A	Q9NWZ3	PF07714	1
6f3e	B	Q9NWZ3	PF07714	1
6f3f	A	P05480	PF07714	1
6f3g	A	Q9NWZ3	PF07714	1
6f3g	B	Q9NWZ3	PF07714	1
6f3i	A	Q9NWZ3	PF07714	1
6f3i	B	Q9NWZ3	PF07714	1
6f5e	B	P45983	PF00069	1
6f7b	A	O43683	PF00069	1
6fad	A	Q96SB4	PF00069	1
6fad	B	Q96SB4	PF00069	1
6fad	C	Q96SB4	PF00069	1
6fad	D	Q96SB4	PF00069	1
6fc8	A	O14757	PF00069	1
6fcf	A	O14757	PF00069	1
6fck	A	O14757	PF00069	1
6fd3	A	O75914	PF00069	1
6fdy	U	Q6PHR2	PF00069	1
6fdz	U	Q6PHR2	PF00069	1
6fek	A	P07949	PF07714	0.947
6fer	A	Q16832	PF07714	1
6fer	B	Q16832	PF07714	1
6fer	C	Q16832	PF07714	1
6fer	D	Q16832	PF07714	1
6fer	E	Q16832	PF07714	1
6fer	F	Q16832	PF07714	1
6fer	G	Q16832	PF07714	1
6fer	H	Q16832	PF07714	1
6fer	I	Q16832	PF07714	1
6fer	J	Q16832	PF07714	1
6fer	K	Q16832	PF07714	1
6fer	L	Q16832	PF07714	1
6few	A	Q08345	PF07714	0.98
6fex	A	Q08345	PF07714	0.98
6fha	A	P53355	PF00069	1
6fhb	A	P53355	PF00069	1
6fi3	A	P63086	PF00069	1
6fi6	A	P63086	PF00069	1
6fil	A	Q08345	PF07714	0.98
6fin	A	Q08345	PF07714	0.98
6fio	A	Q08345	PF07714	0.98
6fiq	A	Q08345	PF07714	0.98
6fj0	A	P63086	PF00069	1
6fjb	A	P63086	PF00069	1
6fjz	A	P63086	PF00069	1
6fle	A	P63086	PF00069	1
6flv	A	P63086	PF00069	1
6fma	A	P63086	PF00069	1
6fn5	A	P63086	PF00069	1
6fnf	A	P29317	PF07714	1
6fng	A	P29317	PF07714	1
6fnh	A	P29317	PF07714	1
6fnh	B	P29317	PF07714	1
6fnh	C	P29317	PF07714	1
6fni	A	P54760	PF07714	1
6fnj	A	P54760	PF07714	1
6fnj	B	P54760	PF07714	1
6fnk	A	P54760	PF07714	1
6fnl	A	P54760	PF07714	1
6fnm	A	P54760	PF07714	1
6fq7	A	P63086	PF00069	1
6fr1	A	P63086	PF00069	1
6frp	A	P63086	PF00069	1
6frx	A	P17612	PF00069	1
6ft7	A	P49761	PF00069	1
6ft7	B	P49761	PF00069	1
6ft8	A	P49759	PF00069	1
6ft9	A	P49759	PF00069	1
6ft9	B	P49759	PF00069	1
6ft9	C	P49759	PF00069	1
6fu5	A	O43353	PF07714	1
6fu5	B	O43353	PF07714	1
6fvf	A	P68400	PF00069	1
6fvg	A	P68400	PF00069	1
6fxv	A	P63086	PF00069	1
6fyi	A	P49760	PF00069	1
6fyk	A	P49760	PF00069	1
6fyk	B	P49760	PF00069	1
6fyk	C	P49760	PF00069	1
6fyl	A	P49760	PF00069	1
6fyo	A	P49759	PF00069	1
6fyp	A	P49761	PF00069	1
6fyr	A	P49761	PF00069	1
6fyv	A	Q9HAZ1	PF00069	1
6g33	A	P49759	PF00069	1
6g33	B	P49759	PF00069	1
6g33	C	P49759	PF00069	1
6g3c	A	O60674	PF07714	1
6g3c	B	O60674	PF07714	1
6g4j	A	P37562	PF00069	1
6g4y	A	Q9WUL6	PF00069	1
6g4y	B	Q9WUL6	PF00069	1
6g4z	A	Q9WUL6	PF00069	1
6g4z	B	Q9WUL6	PF00069	1
6g54	A	P28482	PF00069	1
6g76	A	Q9UK32	PF00069	1
6g76	B	Q9UK32	PF00069	1
6g77	A	Q9UK32	PF00069	1
6g77	B	Q9UK32	PF00069	1
6g78	A	Q9UK32	PF00069	1
6g78	B	Q9UK32	PF00069	1
6g8x	A	P28482	PF00069	1
6g91	A	P28482	PF00069	1
6g92	A	P28482	PF00069	1
6g93	A	P28482	PF00069	1
6g97	A	P28482	PF00069	1
6g9a	A	P28482	PF00069	1
6g9d	A	P28482	PF00069	1
6g9h	A	P28482	PF00069	1
6g9j	A	P28482	PF00069	1
6g9k	A	P28482	PF00069	1
6g9m	A	P28482	PF00069	1
6g9n	A	P28482	PF00069	1
6gcr	A	Q00944	PF07714	1
6gcw	A	Q00944	PF07714	1
6gcw	B	Q00944	PF07714	1
6gcx	A	Q00944	PF07714	1
6gdm	A	P28482	PF00069	1
6gdq	A	P28482	PF00069	1
6ge0	A	P28482	PF00069	1
6ges	A	P27361	PF00069	1
6ges	B	P27361	PF00069	1
6ggh	A	P23458	PF07714	1
6ggh	B	P23458	PF07714	1
6gi6	A	Q04771	PF07714	1
6gih	A	P68400	PF00069	1
6gin	A	Q04771	PF07714	1
6gin	B	Q04771	PF07714	1
6gip	A	Q04771	PF07714	1
6gjb	A	P28482	PF00069	1
6gjd	A	P28482	PF00069	1
6gjo	A	P49841	PF00069	1
6gjo	B	P49841	PF00069	1
6gl9	A	P52333	PF07714	1
6gl9	B	P52333	PF07714	1
6gla	A	P52333	PF07714	1
6gla	B	P52333	PF07714	1
6glb	A	P52333	PF07714	1
6glb	B	P52333	PF07714	1
6gmd	A	P68400	PF00069	1
6gmd	B	P68400	PF00069	1
6gn1	A	P49841	PF00069	1
6gn1	B	P49841	PF00069	1
6gqj	A	P10721	PF07714	0.818
6gqj	B	P10721	PF07714	0.818
6gqk	A	P10721	PF07714	0.753
6gqk	B	P10721	PF07714	0.753
6gql	A	P10721	PF07714	0.818
6gql	B	P10721	PF07714	0.818
6gqm	A	P10721	PF07714	0.818
6gqm	B	P10721	PF07714	0.818
6gqo	A	P35968	PF07714	0.844
6gqp	A	P35968	PF07714	0.847
6gqq	A	P35968	PF07714	0.844
6gr8	A	Q9UQB9	PF00069	1
6gr9	A	Q9UQB9	PF00069	1
6gra	A	O14965	PF00069	1
6gro	A	Q9Y6M4	PF00069	1
6gtt	A	O94804	PF00069	1
6gu2	A	P06493	PF00069	1
6gu3	A	P06493	PF00069	1
6gu4	A	P06493	PF00069	1
6gu6	A	P06493	PF00069	1
6gu7	A	P06493	PF00069	1
6gu7	C	P06493	PF00069	1
6gu7	E	P06493	PF00069	1
6gu7	G	P06493	PF00069	1
6gub	A	P24941	PF00069	1
6gub	C	P24941	PF00069	1
6guc	A	P24941	PF00069	1
6guc	C	P24941	PF00069	1
6gue	A	P24941	PF00069	1
6gue	C	P24941	PF00069	1
6guf	A	P24941	PF00069	1
6guf	C	P24941	PF00069	1
6guh	A	P24941	PF00069	1
6guk	A	P24941	PF00069	1
6gva	A	P24941	PF00069	1
6gvj	A	P33981	PF00069	1
6gvx	A	Q14680	PF00069	1
6gvx	B	Q14680	PF00069	1
6gwr	A	Q08345	PF07714	1
6gwr	B	Q08345	PF07714	1
6gzd	A	P48729	PF00069	1
6gzh	A	P50750	PF00069	1
6gzm	A	P48730	PF00069	1
6gzm	B	P48730	PF00069	1
6h0u	A	P49841	PF00069	1
6h0u	B	P49841	PF00069	1
6h3k	A	P33981	PF00069	1
6hbn	A	P68400	PF00069	1
6hbn	B	P68400	PF00069	1
6hd4	A	P00520	PF07714	1
6hd4	B	P00520	PF07714	1
6hd6	A	P00520	PF07714	1
6hd6	B	P00520	PF07714	1
6hdp	A	Q92630	PF00069	1
6hdr	A	Q92630	PF00069	1
6hes	A	P29317	PF07714	1
6het	A	P29317	PF07714	1
6heu	A	P29317	PF07714	1
6hev	A	P29317	PF07714	1
6hew	A	P29317	PF07714	1
6hex	A	P29317	PF07714	1
6hey	A	P29317	PF07714	1
6hh1	A	P10721	PF07714	0.705
6hhf	A	P31749	PF00069	1
6hhg	A	P31749	PF00069	1
6hhh	A	P31749	PF00069	1
6hhi	A	P31749	PF00069	1
6hhj	A	P31749	PF00069	1
6hho	A	Q13546	PF07714	1
6hho	B	Q13546	PF07714	1
6hjj	A	O14965	PF00069	1
6hjk	A	O14965	PF00069	1
6hk3	A	P49841	PF00069	1
6hk3	B	P49841	PF00069	1
6hk4	A	P49841	PF00069	1
6hk4	B	P49841	PF00069	1
6hk7	A	P49841	PF00069	1
6hkm	A	Q13164	PF00069	1
6hkn	A	Q13164	PF00069	1
6hm6	A	P43405	PF07714	1
6hm7	A	P43405	PF07714	1
6hmb	A	P19784	PF00069	1
6hmc	A	P19784	PF00069	1
6hmd	A	P19784	PF00069	1
6hme	A	P68400	PF00069	1
6hme	B	P68400	PF00069	1
6hmp	A	P48730	PF00069	1
6hmp	B	P48730	PF00069	1
6hmq	A	P19784	PF00069	1
6hmr	A	P48730	PF00069	1
6hmr	B	P48730	PF00069	1
6hmx	A	O43353	PF07714	1
6hmx	B	O43353	PF07714	1
6hnw	A	P68400	PF00069	1
6hny	A	P68400	PF00069	1
6hop	A	P68400	PF00069	1
6hoq	A	P68400	PF00069	1
6hor	A	P68400	PF00069	1
6hot	A	P68400	PF00069	1
6hou	A	P68400	PF00069	1
6hp9	A	Q08345	PF07714	1
6hp9	B	Q08345	PF07714	1
6hrp	A	Q06187	PF07714	1
6hrt	A	Q06187	PF07714	1
6hv0	A	O75460	PF00069	1
6hvd	A	Q9H2G2	PF00069	1
6hve	A	P00523	PF07714	1
6hve	B	P00523	PF07714	1
6hvf	A	P00523	PF07714	1
6hvf	B	P00523	PF07714	1
6hwt	A	Q16539	PF00069	1
6hwu	A	Q16539	PF00069	1
6hwv	A	Q16539	PF00069	1
6hx1	A	O75460	PF00069	1
6hxf	A	O94804	PF00069	1
6hxf	B	O94804	PF00069	1
6hxf	C	O94804	PF00069	1
6hxf	D	O94804	PF00069	1
6hzu	A	P23458	PF07714	1
6hzu	B	P23458	PF07714	1
6hzv	A	P52333	PF07714	1
6hzv	B	P52333	PF07714	1
6hzv	C	P52333	PF07714	1
6hzv	D	P52333	PF07714	1
6i1s	A	Q04771	PF07714	1
6i2p	A	P9WI81	PF00069	1
6i2p	B	P9WI81	PF00069	1
6i2u	A	O14965	PF00069	1
6i2y	A	O94804	PF00069	1
6i2y	B	O94804	PF00069	1
6i5h	A	P49759	PF00069	1
6i5i	A	P49759	PF00069	1
6i5k	A	P49759	PF00069	1
6i5k	B	P49759	PF00069	1
6i5k	C	P49759	PF00069	1
6i5l	A	P49759	PF00069	1
6i5l	B	P49759	PF00069	1
6i5l	C	P49759	PF00069	1
6i82	A	P07949	PF07714	1
6i82	B	P07949	PF07714	1
6i83	A	P07949	PF07714	1
6i8z	A	Q05397	PF07714	1
6i99	A	P51813	PF07714	1
6i99	B	P51813	PF07714	1
6ib0	A	O14733	PF00069	1
6ib2	A	O14733	PF00069	1
6ig8	A	P07333	PF07714	0.86
6il3	A	P36888	PF07714	0.847
6ilz	A	P41743	PF00069	1
6ilz	C	P41743	PF00069	1
6ilz	E	P41743	PF00069	1
6ilz	G	P41743	PF00069	1
6in0	A	P29320	PF07714	1
6in4	A	P53355	PF00069	1
6inl	A	P24941	PF00069	1
6iqn	A	P04629	PF07714	1
6iqn	B	P04629	PF07714	1
6ise	A	Q5KF69	PF00069	1
6ise	B	Q5KF69	PF00069	1
6itj	A	P11362	PF07714	1
6itj	B	P11362	PF07714	1
6itt	A	P10721	PF07714	0.821
6itt	B	P10721	PF07714	0.821
6itv	A	P10721	PF07714	0.821
6iuo	A	P22455	PF07714	1
6iup	A	P22455	PF07714	1
6j5l	A	P04629	PF07714	1
6j5t	A	O49839	PF07714	1
6j5t	B	Q9SVY5	PF00069	1
6j5t	D	O49839	PF07714	1
6j5t	E	Q9SVY5	PF00069	1
6j5t	H	Q9SVY5	PF00069	1
6j5t	I	O49839	PF07714	1
6j5t	J	O49839	PF07714	1
6j5t	K	Q9SVY5	PF00069	1
6j5t	M	O49839	PF07714	1
6j5t	N	Q9SVY5	PF00069	1
6j5u	B	Q9SVY5	PF00069	1
6j5u	C	O49839	PF07714	1
6j5v	B	Q9SVY5	PF00069	1
6j5v	C	O49839	PF07714	1
6j5w	B	Q9SVY5	PF00069	1
6j6i	A	O49839	PF07714	1
6j6i	B	Q9SVY5	PF00069	1
6j6m	A	Q06187	PF07714	1
6jgm	A	P24941	PF00069	1
6jk8	A	P08069	PF07714	1
6jk8	B	P08069	PF07714	1
6jkk	A	A1Z6I7	PF00069	1
6jkm	A	A1Z6I7	PF00069	1
6jlr	A	Q9HBH9	PF00069	1
6jmf	A	P07332	PF07714	1
6joi	A	P16234	PF07714	0.799
6joj	A	P16234	PF07714	0.799
6jok	A	P16234	PF07714	0.799
6jol	A	P16234	PF07714	0.799
6jpe	A	P22455	PF07714	1
6jpj	A	P22455	PF07714	1
6jqr	A	P36888	PF07714	0.847
6jrj	A	P00533	PF07714	1
6jrk	A	P00533	PF07714	1
6jrx	A	P00533	PF07714	1
6jut	A	Q9NYL2	PF07714	1
6juu	A	Q9NYL2	PF07714	1
6jux	A	Q04771	PF07714	1
6jwa	A	P68400	PF00069	1
6jwl	A	P00533	PF07714	1
6jx0	A	P00533	PF07714	1
6jx4	A	P00533	PF07714	1
6jxt	A	P00533	PF07714	1
6jz0	A	P00533	PF07714	1
6k0j	A	Q92630	PF00069	1
6khd	A	P49759	PF00069	1
6khd	B	P49759	PF00069	1
6khd	C	P49759	PF00069	1
6khe	A	P49760	PF00069	1
6khf	A	P49761	PF00069	1
6kla	A	P10721	PF07714	0.821
6kmh	A	O14936	PF00069	1
6kmh	B	O14936	PF00069	1
6kyq	A	O15075	PF00069	1
6kyq	B	O15075	PF00069	1
6kyr	A	O15075	PF00069	1
6kyr	B	O15075	PF00069	1
6kzc	A	Q16288	PF07714	1
6kzd	A	Q16288	PF07714	1
6kzi	A	P11309	PF00069	1
6l11	A	P11309	PF00069	1
6l12	A	P11309	PF00069	1
6l13	A	P11309	PF00069	1
6l14	A	P11309	PF00069	1
6l15	A	P11309	PF00069	1
6l16	A	P11309	PF00069	1
6l17	A	P11309	PF00069	1
6l1z	A	P68400	PF00069	1
6l20	A	P19784	PF00069	1
6l20	D	P19784	PF00069	1
6l20	G	P19784	PF00069	1
6l20	J	P19784	PF00069	1
6l21	A	P68400	PF00069	1
6l22	A	P68400	PF00069	1
6l23	A	P68400	PF00069	1
6l24	A	P68400	PF00069	1
6l8l	A	P00523	PF07714	1
6l8l	B	P00523	PF07714	1
6l8l	C	P00523	PF07714	1
6l8l	D	P00523	PF07714	1
6lba	A	Q9FGG5	PF07714	1
6lba	B	Q9FGG5	PF07714	1
6lba	C	Q9FGG5	PF07714	1
6lba	D	Q9FGG5	PF07714	1
6lk5	A	Q8NB16	PF07714	1
6lk6	A	Q8NB16	PF07714	1
6ln1	A	Q13627	PF00069	1
6ln1	B	Q13627	PF00069	1
6lnm	A	Q62915	PF00069	1
6lnm	C	Q62915	PF00069	1
6lnm	E	Q62915	PF00069	1
6lub	A	P00533	PF07714	1
6lud	A	P00533	PF07714	1
6lvk	A	P21802	PF07714	1
6lvk	B	P21802	PF07714	1
6lvl	A	P21802	PF07714	1
6lvl	B	P21802	PF07714	1
6lvm	A	P22607	PF07714	1
6lxy	A	Q9NWZ3	PF07714	1
6lxy	B	Q9NWZ3	PF07714	1
6lxy	D	Q9NWZ3	PF07714	1
6lxy	E	Q9NWZ3	PF07714	1
6m95	A	Q16539	PF00069	1
6m9h	A	O60674	PF07714	1
6m9l	A	Q16539	PF00069	1
6mep	A	Q12866	PF07714	1
6mep	B	Q12866	PF07714	1
6mib	A	Q13418	PF07714	1
6mm5	E	P05132	PF00069	1
6mm6	C	P05132	PF00069	1
6mm6	E	P05132	PF00069	1
6mm7	A	P05132	PF00069	1
6mm7	D	P05132	PF00069	1
6mm8	C	P05132	PF00069	1
6mnh	A	O75385	PF00069	1
6mny	A	P35991	PF07714	1
6mny	B	P35991	PF07714	1
6mob	A	P10721	PF07714	0.821
6mom	A	Q9NWZ3	PF07714	1
6mom	B	Q9NWZ3	PF07714	1
6mom	C	Q9NWZ3	PF07714	1
6mom	D	Q9NWZ3	PF07714	1
6mt0	A	P11309	PF00069	1
6mwe	A	Q02763	PF07714	1
6mwe	B	Q02763	PF07714	1
6mx8	A	Q9UM73	PF07714	1
6myn	A	Q9WUL6	PF00069	1
6myn	B	Q9WUL6	PF00069	1
6mzq	A	P11362	PF07714	1
6mzq	B	P11362	PF07714	1
6mzw	A	P11362	PF07714	1
6mzw	B	P11362	PF07714	1
6n0p	A	P15056	PF07714	1
6n0p	B	P15056	PF07714	1
6n0q	A	P15056	PF07714	1
6n0q	B	P15056	PF07714	1
6n33	A	P07333	PF07714	0.86
6n3l	A	Q9P2K8	PF00069	0.944
6n3l	A	Q9P2K8	PF00069	1
6n3l	B	Q9P2K8	PF00069	0.944
6n3l	B	Q9P2K8	PF00069	1
6n3n	A	Q9P2K8	PF00069	1
6n3n	A	Q9P2K8	PF00069	0.944
6n3o	A	Q9P2K8	PF00069	0.944
6n3o	A	Q9P2K8	PF00069	1
6n6o	A	P33981	PF00069	1
6n77	A	P23458	PF07714	1
6n77	B	P23458	PF07714	1
6n78	A	P23458	PF07714	1
6n79	A	P23458	PF07714	1
6n7a	A	P23458	PF07714	1
6n7a	B	P23458	PF07714	1
6n7b	A	P23458	PF07714	1
6n7c	A	P23458	PF07714	1
6n7c	B	P23458	PF07714	1
6n7d	A	P23458	PF07714	1
6n8g	A	Q9NWZ3	PF07714	1
6n8g	B	Q9NWZ3	PF07714	1
6n8g	C	Q9NWZ3	PF07714	1
6n8g	D	Q9NWZ3	PF07714	1
6n9p	A	Q06187	PF07714	1
6nbs	A	P28482	PF00069	1
6ncg	A	Q86Y07	PF00069	1
6ncg	B	Q86Y07	PF00069	1
6ne7	A	P07949	PF07714	1
6nec	A	P07949	PF07714	1
6nec	C	P07949	PF07714	1
6nfh	A	Q06187	PF07714	1
6nfi	A	Q06187	PF07714	1
6nfy	A	Q92918	PF00069	1
6nfy	B	Q92918	PF00069	1
6nfz	A	Q92918	PF00069	1
6nfz	B	Q92918	PF00069	1
6ng0	A	Q92918	PF00069	1
6ng0	B	Q92918	PF00069	1
6nja	A	P07949	PF07714	1
6no7	A	P17612	PF00069	1
6no7	C	P17612	PF00069	1
6no7	E	P17612	PF00069	1
6no7	G	P17612	PF00069	1
6no8	A	P11309	PF00069	1
6no9	A	P11309	PF00069	1
6npe	A	P00519	PF07714	1
6npe	B	P00519	PF07714	1
6npn	A	Q99986	PF00069	1
6npn	B	Q99986	PF00069	1
6npn	C	Q99986	PF00069	1
6npn	D	Q99986	PF00069	1
6npt	A	P04629	PF07714	1
6npu	A	P00519	PF07714	1
6npu	B	P00519	PF07714	1
6npv	A	P00519	PF07714	1
6npv	B	P00519	PF07714	1
6npy	B	Q8TDX7	PF00069	1
6npz	A	P31749	PF00069	1
6npz	B	P31749	PF00069	1
6nsl	A	P29597	PF07714	1
6nsl	B	P29597	PF07714	1
6nsp	A	P04629	PF07714	1
6nsq	A	P15056	PF07714	1
6nsq	B	P15056	PF07714	1
6nss	A	P04629	PF07714	1
6nt9	A	Q9UHD2	PF00069	1
6nt9	B	Q9UHD2	PF00069	1
6nvg	A	P22455	PF07714	0.968
6nvh	A	P22455	PF07714	0.968
6nvi	A	P22455	PF07714	0.968
6nvj	A	P22455	PF07714	0.968
6nvk	A	P22455	PF07714	0.968
6nvl	A	P11362	PF07714	1
6nvl	B	P11362	PF07714	1
6nvl	C	P11362	PF07714	1
6nvl	D	P11362	PF07714	1
6nw2	A	Q13546	PF07714	1
6nw2	B	Q13546	PF07714	1
6ny4	A	P52333	PF07714	1
6nyb	A	P15056	PF07714	1
6nyb	B	Q02750	PF00069	1
6nyh	A	Q13546	PF07714	1
6nyh	B	Q13546	PF07714	1
6nze	A	P29597	PF07714	1
6nze	B	P29597	PF07714	1
6nzf	A	P29597	PF07714	1
6nzf	B	P29597	PF07714	1
6nzh	A	P29597	PF07714	1
6nzh	B	P29597	PF07714	1
6nzm	A	Q06187	PF07714	1
6nzm	D	Q06187	PF07714	1
6nzp	A	P29597	PF07714	1
6nzp	B	P29597	PF07714	1
6nzq	A	P29597	PF07714	1
6nzq	B	P29597	PF07714	1
6nzr	A	P29597	PF07714	1
6nzr	B	P29597	PF07714	1
6o5z	A	Q8NB16	PF07714	1
6o5z	B	Q8NB16	PF07714	1
6o6q	A	A0A1D8PUA2	PF00069	1
6o6q	B	A0A1D8PUA2	PF00069	1
6o8b	A	Q9UHD2	PF00069	1
6o8b	B	Q9UHD2	PF00069	1
6o8c	A	Q9WUN2	PF00069	1
6o8c	B	Q9WUN2	PF00069	1
6o8i	A	Q06187	PF07714	1
6o8u	A	Q9NWZ3	PF07714	1
6o8u	B	Q9NWZ3	PF07714	1
6o8u	C	Q9NWZ3	PF07714	1
6o8u	D	Q9NWZ3	PF07714	1
6o94	A	Q9NWZ3	PF07714	1
6o94	B	Q9NWZ3	PF07714	1
6o94	C	Q9NWZ3	PF07714	1
6o94	D	Q9NWZ3	PF07714	1
6o95	A	Q9NWZ3	PF07714	1
6o95	B	Q9NWZ3	PF07714	1
6o95	C	Q9NWZ3	PF07714	1
6o95	D	Q9NWZ3	PF07714	1
6o9d	A	Q9NWZ3	PF07714	1
6o9d	B	Q9NWZ3	PF07714	1
6o9d	C	Q9NWZ3	PF07714	1
6o9d	D	Q9NWZ3	PF07714	1
6o9l	8	P50613	PF00069	1
6oav	A	O60674	PF07714	1
6obb	A	O60674	PF07714	1
6obf	A	O60674	PF07714	1
6obl	A	O60674	PF07714	1
6occ	A	O60674	PF07714	1
6ocq	A	Q13546	PF07714	1
6ocq	B	Q13546	PF07714	1
6ohd	A	Q16539	PF00069	1
6oko	A	Q9QZL0	PF00069	1
6oko	B	Q9QZL0	PF00069	1
6ol2	A	Q9JIH7	PF00069	1
6omu	A	Q06187	PF07714	1
6op9	A	P21860	PF07714	1
6opg	A	P28482	PF00069	1
6oph	A	P28482	PF00069	1
6opi	A	P28482	PF00069	1
6opk	A	P63086	PF00069	1
6oqi	A	P24941	PF00069	1
6oql	A	Q00534	PF00069	1
6oqo	A	Q00534	PF00069	1
6ot6	A	P63086	PF00069	1
6ots	A	P63086	PF00069	1
6ova	A	P29597	PF07714	1
6oyt	A	Q99683	PF00069	1
6oyt	B	Q99683	PF00069	1
6oyt	C	Q99683	PF00069	1
6oyt	D	Q99683	PF00069	1
6oyw	A	Q99683	PF00069	1
6oyw	B	Q99683	PF00069	1
6oyw	C	Q99683	PF00069	1
6oyw	D	Q99683	PF00069	1
6p1d	A	P00533	PF07714	1
6p1d	B	P00533	PF07714	1
6p1d	C	P00533	PF07714	1
6p1d	D	P00533	PF07714	1
6p1l	A	P00533	PF07714	1
6p1l	B	P00533	PF07714	1
6p1l	C	P00533	PF07714	1
6p1l	D	P00533	PF07714	1
6p3d	A	P15056	PF07714	1
6p3w	A	P24941	PF00069	1
6p3w	C	P24941	PF00069	1
6p5m	A	O75116	PF00069	1
6p5m	B	O75116	PF00069	1
6p5m	C	O75116	PF00069	1
6p5m	D	O75116	PF00069	1
6p5p	A	O75116	PF00069	1
6p5p	B	O75116	PF00069	1
6p5p	C	O75116	PF00069	1
6p5p	D	O75116	PF00069	1
6p5s	A	Q9H2X6	PF00069	1
6p68	A	P11362	PF07714	1
6p68	B	P11362	PF07714	1
6p68	C	P11362	PF07714	1
6p69	A	P11362	PF07714	1
6p69	B	P11362	PF07714	1
6p7g	A	P15056	PF07714	1
6p7g	B	P15056	PF07714	1
6p7g	C	P15056	PF07714	1
6p7g	D	P15056	PF07714	1
6p8e	B	P11802	PF00069	0.99
6p8f	B	P11802	PF00069	0.99
6p8g	B	P11802	PF00069	0.99
6p8h	B	P11802	PF00069	0.99
6p8q	A	P00533	PF07714	1
6p8q	B	P00533	PF07714	1
6p8q	C	P00533	PF07714	1
6p8q	D	P00533	PF07714	1
6paw	A	Q9UIK4	PF00069	1
6paw	B	Q9UIK4	PF00069	1
6paw	E	Q9UIK4	PF00069	1
6paw	F	Q9UIK4	PF00069	1
6pcw	A	P11309	PF00069	1
6pdi	A	P11309	PF00069	1
6pdj	A	P06239	PF07714	1
6pdn	A	P11309	PF00069	1
6pdo	A	P11309	PF00069	1
6pdp	A	P11309	PF00069	1
6pjj	A	Q13523	PF00069	1
6pjj	B	Q13523	PF00069	1
6pjj	C	Q13523	PF00069	1
6pjj	D	Q13523	PF00069	1
6pjx	A	P34947	PF00069	1
6pk6	A	Q13523	PF00069	1
6pl1	A	P04629	PF07714	1
6pl2	A	P04629	PF07714	1
6pl3	A	P04629	PF07714	1
6pl4	A	P04629	PF07714	1
6pma	A	P04629	PF07714	1
6pmb	A	P04629	PF07714	1
6pmc	A	P04629	PF07714	1
6pme	A	P04629	PF07714	1
6pme	B	P04629	PF07714	1
6pme	C	P04629	PF07714	1
6pnx	A	P22607	PF07714	1
6pnx	B	P22607	PF07714	1
6pp9	A	P15056	PF07714	1
6pp9	B	Q02750	PF00069	1
6pxn	A	P48730	PF00069	1
6pxn	B	P48730	PF00069	1
6pxo	A	P48730	PF00069	1
6pxo	B	P48730	PF00069	1
6pxp	A	P48730	PF00069	1
6pxp	B	P48730	PF00069	1
6pxv	A	P06213	PF07714	1
6pxv	C	P06213	PF07714	1
6pxw	A	P06213	PF07714	1
6pxw	B	P06213	PF07714	1
6pyh	A	Q60751	PF07714	1
6pyh	D	Q60751	PF07714	1
6q0j	A	P15056	PF07714	1
6q0j	B	P15056	PF07714	1
6q0j	C	Q02750	PF00069	1
6q0j	D	Q02750	PF00069	1
6q0k	A	P15056	PF07714	1
6q0k	B	P15056	PF07714	1
6q0t	A	P15056	PF07714	1
6q0t	B	P15056	PF07714	1
6q0t	C	Q02750	PF00069	1
6q2a	A	Q382U0	PF00069	1
6q2a	B	Q382U0	PF00069	1
6q2a	C	Q382U0	PF00069	1
6q2a	D	Q382U0	PF00069	1
6q2a	E	Q382U0	PF00069	1
6q2a	F	Q382U0	PF00069	1
6q2a	G	Q382U0	PF00069	1
6q2a	H	Q382U0	PF00069	1
6q2a	I	Q382U0	PF00069	1
6q2a	J	Q382U0	PF00069	1
6q2a	K	Q382U0	PF00069	1
6q2a	L	Q382U0	PF00069	1
6q2a	M	Q382U0	PF00069	1
6q2a	N	Q382U0	PF00069	1
6q2a	O	Q382U0	PF00069	1
6q2a	P	Q382U0	PF00069	1
6q38	A	P68400	PF00069	1
6q3b	A	P24941	PF00069	1
6q3c	A	P24941	PF00069	1
6q3f	A	P24941	PF00069	1
6q48	A	P24941	PF00069	1
6q49	A	P24941	PF00069	1
6q4a	A	P24941	PF00069	1
6q4b	A	P24941	PF00069	1
6q4c	A	P24941	PF00069	1
6q4d	A	P24941	PF00069	1
6q4e	A	P24941	PF00069	1
6q4f	A	P24941	PF00069	1
6q4g	A	P24941	PF00069	1
6q4h	A	P24941	PF00069	1
6q4i	A	P24941	PF00069	1
6q4j	A	P24941	PF00069	1
6q4k	A	P24941	PF00069	1
6q4q	A	P68400	PF00069	1
6q4q	B	P68400	PF00069	1
6q7b	A	P29317	PF07714	1
6q7c	A	P29317	PF07714	1
6q7d	A	P29317	PF07714	1
6q7e	A	P29317	PF07714	1
6q7f	A	P29317	PF07714	1
6q7g	A	P29317	PF07714	1
6q7k	A	P28482	PF00069	1
6q7s	A	P28482	PF00069	1
6q7t	A	P28482	PF00069	1
6q8k	A	P49759	PF00069	1
6q8p	A	P49759	PF00069	1
6q8p	B	P49759	PF00069	1
6q8p	C	P49759	PF00069	1
6qa1	A	P28482	PF00069	1
6qa3	A	P28482	PF00069	1
6qa4	A	P28482	PF00069	1
6qag	A	P28482	PF00069	1
6qah	A	P28482	PF00069	1
6qal	A	P28482	PF00069	1
6qaq	A	P28482	PF00069	1
6qas	A	O75385	PF00069	1
6qas	B	O75385	PF00069	1
6qat	A	Q8IYT8	PF00069	1
6qat	B	Q8IYT8	PF00069	1
6qat	C	Q8IYT8	PF00069	1
6qat	D	Q8IYT8	PF00069	1
6qau	A	Q8IYT8	PF00069	1
6qau	B	Q8IYT8	PF00069	1
6qau	C	Q8IYT8	PF00069	1
6qav	A	Q8IYT8	PF00069	1
6qav	B	Q8IYT8	PF00069	1
6qav	C	Q8IYT8	PF00069	1
6qav	D	Q8IYT8	PF00069	1
6qaw	A	P28482	PF00069	1
6qdz	A	Q16539	PF00069	1
6qe1	A	Q16539	PF00069	1
6qf4	A	O94768	PF00069	1
6qfl	A	O14733	PF00069	1
6qfr	A	O14733	PF00069	1
6qft	A	O14733	PF00069	1
6qg4	A	O14733	PF00069	1
6qg7	A	O14733	PF00069	1
6qho	A	O14733	PF00069	1
6qhr	A	O14733	PF00069	1
6qj7	A	P17612	PF00069	1
6qmo	A	P53355	PF00069	1
6qn4	A	P53355	PF00069	1
6qp5	A	Q8IU85	PF00069	1
6qs5	A	P28523	PF00069	1
6qtg	A	P49336	PF00069	1
6qtj	A	P49336	PF00069	1
6qty	A	P49759	PF00069	1
6qu2	A	Q13627	PF00069	1
6qu2	B	Q13627	PF00069	1
6qu2	C	Q13627	PF00069	1
6qu2	D	Q13627	PF00069	1
6qx9	K	Q13523	PF00069	1
6qxk	B	P11309	PF00069	1
6qy7	A	P68400	PF00069	1
6qy7	B	P68400	PF00069	1
6qy8	A	P19784	PF00069	1
6qy8	B	P19784	PF00069	1
6qy8	C	P19784	PF00069	1
6qy8	D	P19784	PF00069	1
6qy9	A	P19784	PF00069	1
6qyx	A	Q16539	PF00069	0.895
6r3d	A	P49759	PF00069	1
6r3s	A	P49336	PF00069	1
6r49	A	O14965	PF00069	1
6r4a	A	O14965	PF00069	1
6r4b	A	O14965	PF00069	1
6r4c	A	O14965	PF00069	1
6r4d	A	O14965	PF00069	1
6r5f	A	Q13546	PF07714	1
6r5f	B	Q13546	PF07714	1
6r5f	C	Q13546	PF07714	1
6r5f	D	Q13546	PF07714	1
6r6e	A	P49759	PF00069	1
6r6x	A	P49759	PF00069	1
6r8j	A	P49759	PF00069	1
6ra5	A	Q9UKE5	PF00069	1
6ra5	B	Q9UKE5	PF00069	1
6ra7	A	Q9UKE5	PF00069	1
6raa	A	P49759	PF00069	1
6rb1	A	P68400	PF00069	1
6rcb	A	P68400	PF00069	1
6rcg	A	P48730	PF00069	1
6rch	A	P48730	PF00069	1
6rch	B	P48730	PF00069	1
6rcm	A	P68400	PF00069	1
6rct	A	P49761	PF00069	1
6rct	B	P49761	PF00069	1
6rfe	A	P68400	PF00069	1
6rff	A	P68400	PF00069	1
6rfi	A	Q9NWZ3	PF07714	1
6rfi	B	Q9NWZ3	PF07714	1
6rfj	A	Q9NWZ3	PF07714	1
6rfj	B	Q9NWZ3	PF07714	1
6rfo	A	P63086	PF00069	0.875
6rfo	A	Q16539	PF00069	0.875
6rfp	A	P63086	PF00069	1
6rij	A	P24941	PF00069	1
6rij	C	P24941	PF00069	1
6rln	A	Q13546	PF07714	1
6rln	B	Q13546	PF07714	1
6rn8	A	O43353	PF07714	1
6rn8	B	O43353	PF07714	1
6rna	A	O43353	PF07714	1
6rna	B	O43353	PF07714	1
6rq4	A	P28482	PF00069	1
6rsb	A	P23458	PF07714	1
6rsb	B	P23458	PF07714	1
6rsc	A	P23458	PF07714	1
6rsc	B	P23458	PF07714	1
6rsd	A	P23458	PF07714	1
6rsd	B	P23458	PF07714	1
6rse	A	P23458	PF07714	1
6rse	B	P23458	PF07714	1
6rsh	A	P23458	PF07714	1
6rsh	B	P23458	PF07714	1
6rsr	A	Q9UHD2	PF00069	1
6rst	A	Q9UHD2	PF00069	1
6rsu	A	Q9UHD2	PF00069	1
6ru6	A	P48730	PF00069	1
6ru6	B	P48730	PF00069	1
6ru7	A	P48730	PF00069	1
6ru7	B	P48730	PF00069	1
6ru8	A	P48730	PF00069	1
6ru8	B	P48730	PF00069	1
6ru8	C	P48730	PF00069	1
6ru8	D	P48730	PF00069	1
6ruu	A	Q9Y616	PF00069	1
6ruu	B	Q9Y616	PF00069	1
6ruu	C	Q9Y616	PF00069	1
6s11	A	Q13627	PF00069	1
6s11	B	Q13627	PF00069	1
6s14	A	Q13627	PF00069	1
6s17	A	Q13627	PF00069	1
6s1b	A	Q13627	PF00069	1
6s1f	A	O43353	PF07714	1
6s1f	B	O43353	PF07714	1
6s1f	C	O43353	PF07714	1
6s1f	D	O43353	PF07714	1
6s1h	A	Q13627	PF00069	1
6s1i	A	Q13627	PF00069	1
6s1i	B	Q13627	PF00069	1
6s1i	C	Q13627	PF00069	1
6s1i	D	Q13627	PF00069	1
6s1j	A	Q13627	PF00069	1
6s73	A	Q8TDX7	PF00069	1
6s73	B	Q8TDX7	PF00069	1
6s73	C	Q8TDX7	PF00069	1
6s73	D	Q8TDX7	PF00069	1
6s75	A	Q8TDX7	PF00069	1
6s75	B	Q8TDX7	PF00069	1
6s75	C	Q8TDX7	PF00069	1
6s75	D	Q8TDX7	PF00069	1
6s76	A	Q8TDX7	PF00069	1
6s76	B	Q8TDX7	PF00069	1
6s76	C	Q8TDX7	PF00069	1
6s76	D	Q8TDX7	PF00069	1
6s89	A	P00533	PF07714	1
6s8a	A	P00533	PF07714	1
6s90	A	Q06187	PF07714	1
6s90	B	Q06187	PF07714	1
6s9b	A	P00533	PF07714	1
6s9c	A	P00533	PF07714	1
6s9d	A	P00533	PF07714	1
6s9w	A	P31749	PF00069	1
6s9x	A	P31749	PF00069	1
6sd9	A	P08581	PF07714	1
6sdc	A	P08581	PF07714	1
6sdd	A	P08581	PF07714	1
6sde	A	P08581	PF07714	1
6seq	A	Q96Q04	PF07714	1
6sfi	A	Q16539	PF00069	1
6sfj	A	Q16539	PF00069	1
6sfk	A	Q16539	PF00069	1
6sfo	A	Q16539	PF00069	1
6sg4	A	P24941	PF00069	1
6sg4	C	P24941	PF00069	1
6sgd	A	P51955	PF00069	1
6sgh	A	P51955	PF00069	1
6sgi	A	P51955	PF00069	1
6sgk	A	P51955	PF00069	1
6sk9	A	P51955	PF00069	1
6slg	A	P28482	PF00069	1
6sm8	A	P23458	PF07714	1
6sm8	B	P23458	PF07714	1
6smb	A	P23458	PF07714	1
6smb	B	P23458	PF07714	1
6so1	A	P47811	PF00069	1
6so2	A	P47811	PF00069	1
6so4	A	P47811	PF00069	1
6sod	A	P47811	PF00069	1
6soi	A	P47811	PF00069	1
6sot	A	P47811	PF00069	1
6sou	A	P47811	PF00069	1
6sov	A	P47811	PF00069	1
6sp9	A	P47811	PF00069	1
6spl	A	P47811	PF00069	1
6spw	A	P68400	PF00069	1
6spx	A	P68400	PF00069	1
6srh	A	Q04771	PF07714	1
6srh	B	Q04771	PF07714	1
6ssb	A	P43405	PF07714	1
6sze	A	O43353	PF07714	1
6sze	B	O43353	PF07714	1
6szj	A	O43353	PF07714	1
6szj	B	O43353	PF07714	1
6szm	A	Q04771	PF07714	1
6szm	B	Q04771	PF07714	1
6t28	AAA	Q8IU85	PF00069	1
6t29	AAA	Q8IU85	PF00069	1
6t2w	A	P07333	PF07714	0.86
6t41	A	P49336	PF00069	1
6t6a	A	Q13627	PF00069	1
6t6a	B	Q13627	PF00069	1
6t6a	C	Q13627	PF00069	1
6t6a	D	Q13627	PF00069	1
6t6d	A	Q04771	PF07714	1
6t6d	B	Q04771	PF07714	1
6t6d	C	Q04771	PF07714	1
6t6d	D	Q04771	PF07714	1
6t6f	A	Q8IU85	PF00069	1
6t6f	B	Q8IU85	PF00069	1
6t8n	A	Q04771	PF07714	1
6t8n	B	Q04771	PF07714	1
6t8x	A	P49137	PF00069	1
6t8x	B	P49137	PF00069	1
6t8x	C	P49137	PF00069	1
6t8x	D	P49137	PF00069	1
6t8x	E	P49137	PF00069	1
6t8x	F	P49137	PF00069	1
6tca	A	P49137	PF00069	1
6tca	B	Q16539	PF00069	1
6tca	C	P49137	PF00069	1
6tca	D	Q16539	PF00069	1
6tca	E	P49137	PF00069	1
6tca	F	Q16539	PF00069	1
6tca	G	P49137	PF00069	1
6tca	H	Q16539	PF00069	1
6tcu	A	P49841	PF00069	1
6td3	B	Q9NYV4	PF00069	1
6td3	E	Q9NYV4	PF00069	1
6td3	H	Q9NYV4	PF00069	1
6te2	A	P19784	PF00069	1
6tei	A	P68400	PF00069	1
6tei	B	P68400	PF00069	1
6tew	A	P19784	PF00069	1
6tfp	A	Q06187	PF07714	1
6tfp	B	Q06187	PF07714	1
6tfp	C	Q06187	PF07714	1
6tfp	D	Q06187	PF07714	1
6tfp	E	Q06187	PF07714	1
6tfu	A	P00533	PF07714	1
6tfu	B	P00533	PF07714	1
6tfv	A	P00533	PF07714	1
6tfv	B	P00533	PF07714	1
6tfw	A	P00533	PF07714	1
6tfw	B	P00533	PF07714	1
6tfy	A	P00533	PF07714	1
6tfy	B	P00533	PF07714	1
6tfz	A	P00533	PF07714	1
6tfz	B	P00533	PF07714	1
6tg0	A	P00533	PF07714	1
6tg0	B	P00533	PF07714	1
6tg1	A	P00533	PF07714	1
6tg1	B	P00533	PF07714	1
6tgu	A	P19784	PF00069	1
6thw	A	Q9NWZ3	PF07714	1
6thw	B	Q9NWZ3	PF07714	1
6thx	A	Q9NWZ3	PF07714	1
6thx	B	Q9NWZ3	PF07714	1
6thz	A	Q9NWZ3	PF07714	1
6thz	B	Q9NWZ3	PF07714	1
6ti8	A	Q9NWZ3	PF07714	1
6ti8	B	Q9NWZ3	PF07714	1
6ti8	C	Q9NWZ3	PF07714	1
6ti8	D	Q9NWZ3	PF07714	1
6tia	A	Q9NWZ3	PF07714	1
6tia	B	Q9NWZ3	PF07714	1
6tll	A	P68400	PF00069	1
6tlo	A	P68400	PF00069	1
6tlp	A	P68400	PF00069	1
6tlr	A	P68400	PF00069	1
6tls	A	P68400	PF00069	1
6tlu	AAA	P68400	PF00069	1
6tlv	A	P68400	PF00069	1
6tlw	A	P68400	PF00069	1
6tm5	Q	P51955	PF00069	1
6tm5	S	P51955	PF00069	1
6tn8	A	Q04771	PF07714	1
6tn9	A	P33981	PF00069	1
6tnb	A	P33981	PF00069	1
6tnc	A	P33981	PF00069	1
6tnd	A	P33981	PF00069	1
6tpa	A	P49336	PF00069	1
6tpd	A	O60674	PF07714	1
6tpe	A	P23458	PF07714	1
6tpe	B	P23458	PF07714	1
6tpf	A	P23458	PF07714	1
6tpf	B	P23458	PF07714	1
6tsz	U	Q96C45	PF00069	1
6tu9	A	Q01973	PF07714	1
6tu9	B	Q01973	PF07714	1
6tua	A	P34925	PF07714	1
6tw2	E	P49759	PF00069	1
6ty3	A	Q00944	PF07714	1
6ty3	B	Q00944	PF07714	1
6ty4	A	Q00944	PF07714	1
6ty4	B	Q00944	PF07714	1
6u0k	A	Q6IQ55	PF00069	1
6u0k	B	Q6IQ55	PF00069	1
6u2g	A	Q02750	PF00069	1
6u2g	B	P15056	PF07714	1
6u2h	C	P15056	PF07714	1
6u2h	D	P15056	PF07714	1
6u5l	A	Q96C45	PF00069	1
6u69	A	A0A1D8PKB4	PF00069	1
6u6a	A	A0A1D8PKB4	PF00069	1
6u7c	A	P25098	PF00069	1
6uan	B	P15056	PF07714	1
6uan	C	P15056	PF07714	1
6ubw	A	P08581	PF07714	1
6uip	A	Q13627	PF00069	1
6uip	B	Q13627	PF00069	1
6uip	C	Q13627	PF00069	1
6ul8	A	O43353	PF07714	1
6ul8	B	O43353	PF07714	1
6umw	A	P54762	PF07714	1
6una	A	P53778	PF00069	1
6una	B	P53778	PF00069	1
6unp	A	Q13873	PF00069	1
6unp	B	Q13873	PF00069	1
6unq	A	Q04771	PF07714	1
6unr	A	Q04771	PF07714	1
6uns	A	Q04771	PF07714	1
6uns	B	Q04771	PF07714	1
6urc	A	O75460	PF00069	1
6urc	B	O75460	PF00069	1
6uuo	A	P15056	PF07714	1
6uuo	B	P15056	PF07714	1
6uwy	A	Q13627	PF00069	1
6uwy	B	Q13627	PF00069	1
6uwy	C	Q13627	PF00069	1
6uwy	D	Q13627	PF00069	1
6uya	A	Q9NWZ3	PF07714	1
6uya	B	Q9NWZ3	PF07714	1
6uya	C	Q9NWZ3	PF07714	1
6uya	D	Q9NWZ3	PF07714	1
6v2u	A	P15056	PF07714	1
6v2u	B	P15056	PF07714	1
6v2w	A	P15056	PF07714	1
6v2w	B	Q02750	PF00069	1
6v34	A	P15056	PF07714	1
6v34	B	P15056	PF07714	1
6v5n	A	P00533	PF07714	1
6v5n	B	P00533	PF07714	1
6v5n	C	P00533	PF07714	1
6v5n	D	P00533	PF07714	1
6v5p	A	P00533	PF07714	1
6v5p	B	P00533	PF07714	1
6v5p	C	P00533	PF07714	1
6v5p	D	P00533	PF07714	1
6v66	A	P00533	PF07714	1
6v66	B	P00533	PF07714	1
6v66	C	P00533	PF07714	1
6v66	D	P00533	PF07714	1
6v6k	A	P00533	PF07714	1
6v6k	B	P00533	PF07714	1
6v6k	C	P00533	PF07714	1
6v6k	D	P00533	PF07714	1
6v6k	E	P00533	PF07714	1
6v6k	F	P00533	PF07714	1
6v6k	G	P00533	PF07714	1
6v6k	H	P00533	PF07714	1
6v6l	A	P49841	PF00069	1
6v6o	A	P00533	PF07714	1
6v6o	B	P00533	PF07714	1
6v6o	C	P00533	PF07714	1
6v6o	D	P00533	PF07714	1
6v6o	E	P00533	PF07714	1
6v6o	F	P00533	PF07714	1
6v6o	G	P00533	PF07714	1
6v6o	H	P00533	PF07714	1
6v6q	A	P21802	PF07714	1
6v6q	B	P21802	PF07714	1
6v6q	C	P21802	PF07714	1
6v6q	D	P21802	PF07714	1
6v9c	A	P22455	PF07714	0.968
6vbz	A	D3ZKP6	PF07714	1
6vbz	B	D3ZKP6	PF07714	1
6vc0	A	F6S337	PF07714	1
6vc0	B	F6S337	PF07714	1
6vc0	C	F6S337	PF07714	1
6vg3	A	Q13308	PF07714	1
6vg3	B	Q13308	PF07714	1
6vg3	C	Q13308	PF07714	1
6vgl	A	O60674	PF07714	1
6vgl	B	O60674	PF07714	1
6vgl	C	O60674	PF07714	1
6vgl	D	O60674	PF07714	1
6vh4	A	P00533	PF07714	1
6vhg	A	P07949	PF07714	1
6vhn	A	P00533	PF07714	1
6vhp	A	P00533	PF07714	1
6vn8	A	O60674	PF07714	1
6vn8	B	O60674	PF07714	1
6vnb	A	O60674	PF07714	1
6vnb	B	O60674	PF07714	1
6vnc	A	O60674	PF07714	1
6vnc	B	O60674	PF07714	1
6vne	A	O60674	PF07714	1
6vne	B	O60674	PF07714	1
6vnf	A	O60674	PF07714	1
6vnf	B	O60674	PF07714	1
6vng	A	O60674	PF07714	1
6vng	B	O60674	PF07714	1
6vnh	A	O60674	PF07714	1
6vnh	B	O60674	PF07714	1
6vni	A	O60674	PF07714	1
6vni	B	O60674	PF07714	1
6vnj	A	O60674	PF07714	1
6vnj	B	O60674	PF07714	1
6vnk	A	O60674	PF07714	1
6vnk	B	O60674	PF07714	1
6vnk	C	O60674	PF07714	1
6vnk	D	O60674	PF07714	1
6vnl	A	O60674	PF07714	1
6vnl	B	O60674	PF07714	1
6vnl	C	O60674	PF07714	1
6vnl	D	O60674	PF07714	1
6vnm	A	O60674	PF07714	1
6vnm	B	O60674	PF07714	1
6vno	A	Q5S007	PF00069	1
6vns	A	P29597	PF07714	1
6vnv	A	P29597	PF07714	1
6vnx	A	P29597	PF07714	1
6vny	A	P29597	PF07714	1
6vov	A	P43405	PF07714	1
6vov	B	P43405	PF07714	1
6vp6	A	Q5S007	PF00069	1
6vp6	B	Q5S007	PF00069	1
6vp6	C	Q5S007	PF00069	1
6vp7	A	Q5S007	PF00069	1
6vp8	A	Q5S007	PF00069	1
6vpg	A	O14965	PF00069	1
6vph	A	O14965	PF00069	1
6vpi	A	O14965	PF00069	1
6vpj	A	O14965	PF00069	1
6vpl	A	O14965	PF00069	1
6vpl	B	O14965	PF00069	1
6vpm	A	O14965	PF00069	1
6vpm	B	O14965	PF00069	1
6vql	A	Q9NWZ3	PF07714	1
6vql	B	Q9NWZ3	PF07714	1
6vql	C	Q9NWZ3	PF07714	1
6vql	D	Q9NWZ3	PF07714	1
6vqm	A	Q07912	PF07714	1
6vqm	B	Q07912	PF07714	1
6vre	A	Q99683	PF00069	1
6vre	B	Q99683	PF00069	1
6vrf	A	Q6IQ55	PF00069	1
6vrf	B	Q6IQ55	PF00069	1
6vru	A	P11309	PF00069	1
6vrv	A	P11309	PF00069	1
6vs3	A	O60674	PF07714	1
6vs3	B	O60674	PF07714	1
6vsn	A	O60674	PF07714	1
6vsn	B	O60674	PF07714	1
6vsn	C	O60674	PF07714	1
6vsn	D	O60674	PF07714	1
6vxq	A	Q06187	PF07714	1
6vxr	A	Q14680	PF00069	1
6vxu	A	Q99986	PF00069	1
6vxu	B	Q99986	PF00069	1
6vxu	C	Q99986	PF00069	1
6vxu	D	Q99986	PF00069	1
6vzh	A	Q99986	PF00069	1
6vzh	B	Q99986	PF00069	1
6vzh	C	Q99986	PF00069	1
6vzh	D	Q99986	PF00069	1
6vzk	A	Q9UQM7	PF00069	1
6w06	A	Q06187	PF07714	1
6w07	A	Q06187	PF07714	1
6w39	A	O75460	PF00069	1
6w39	B	O75460	PF00069	1
6w3a	A	O75460	PF00069	1
6w3a	B	O75460	PF00069	1
6w3b	A	O75460	PF00069	1
6w3c	A	O75460	PF00069	1
6w3c	B	O75460	PF00069	1
6w3c	C	O75460	PF00069	1
6w3c	D	O75460	PF00069	1
6w3e	A	O75460	PF00069	1
6w3e	B	O75460	PF00069	1
6w3k	A	O75460	PF00069	1
6w4o	A	Q9UQM7	PF00069	1
6w4o	B	Q9UQM7	PF00069	1
6w4o	C	Q9UQM7	PF00069	1
6w4o	D	Q9UQM7	PF00069	1
6w4o	E	Q9UQM7	PF00069	1
6w4o	F	Q9UQM7	PF00069	1
6w4o	G	Q9UQM7	PF00069	1
6w4o	I	Q9UQM7	PF00069	1
6w4o	J	Q9UQM7	PF00069	1
6w4o	K	Q9UQM7	PF00069	1
6w4o	L	Q9UQM7	PF00069	1
6w4o	M	Q9UQM7	PF00069	1
6w4o	O	Q9UQM7	PF00069	1
6w4p	A	Q9UQM7	PF00069	1
6w4p	B	Q9UQM7	PF00069	1
6w4p	C	Q9UQM7	PF00069	1
6w4p	D	Q9UQM7	PF00069	1
6w4p	E	Q9UQM7	PF00069	1
6w4p	F	Q9UQM7	PF00069	1
6w4p	G	Q9UQM7	PF00069	1
6w4p	H	Q9UQM7	PF00069	1
6w4p	I	Q9UQM7	PF00069	1
6w4p	J	Q9UQM7	PF00069	1
6w4p	K	Q9UQM7	PF00069	1
6w4p	L	Q9UQM7	PF00069	1
6w4p	M	Q9UQM7	PF00069	1
6w7o	A	Q06187	PF07714	1
6w7o	B	Q06187	PF07714	1
6w8i	A	Q06187	PF07714	1
6w8i	B	Q06187	PF07714	1
6w8i	C	Q06187	PF07714	1
6w8l	A	P23458	PF07714	1
6w9e	A	P50750	PF00069	1
6wa2	A	P00533	PF07714	1
6wa2	B	P00533	PF07714	1
6wa2	C	P00533	PF07714	1
6wa2	D	P00533	PF07714	1
6wak	A	P00533	PF07714	1
6wak	B	P00533	PF07714	1
6wak	C	P00533	PF07714	1
6wak	D	P00533	PF07714	1
6wiw	A	P00523	PF07714	1
6wiw	B	P00523	PF07714	1
6wjf	A	P17612	PF00069	1
6wjf	B	P17612	PF00069	1
6wjg	A	P17612	PF00069	1
6wjg	B	P17612	PF00069	1
6wlx	A	O96013	PF00069	1
6wly	A	O96013	PF00069	1
6wpp	A	Q99558	PF00069	1
6wpp	B	Q99558	PF00069	1
6wtn	A	O60674	PF07714	1
6wto	A	O60674	PF07714	1
6wtp	A	O60674	PF07714	1
6wtq	A	O60674	PF07714	1
6wxj	A	P07333	PF07714	0.775
6wxn	A	P00533	PF07714	1
6wxn	B	P00533	PF07714	1
6wxn	C	P00533	PF07714	1
6wxn	D	P00533	PF07714	1
6x3n	A	Q06187	PF07714	1
6x3o	A	Q06187	PF07714	1
6x3o	B	Q06187	PF07714	1
6x3p	A	Q06187	PF07714	1
6x5g	A	Q9UQM7	PF00069	1
6x5q	A	Q9UQM7	PF00069	1
6x8e	A	O60674	PF07714	1
6x8e	B	O60674	PF07714	1
6x8f	A	P29597	PF07714	1
6x8f	C	P29597	PF07714	1
6x8g	A	P29597	PF07714	1
6xag	C	P15056	PF07714	1
6xag	D	P15056	PF07714	1
6xbz	J	P50613	PF00069	1
6xd3	J	P50613	PF00069	1
6xdb	A	O75460	PF00069	1
6xdd	A	O75460	PF00069	1
6xdd	B	O75460	PF00069	1
6xdf	A	O75460	PF00069	1
6xdf	B	O75460	PF00069	1
6xe4	A	Q06187	PF07714	1
6xfp	A	P15056	PF07714	1
6xi8	A	P06242	PF00069	1
6xih	A	Q99683	PF00069	1
6xih	B	Q99683	PF00069	1
6xjk	A	O60674	PF07714	1
6xka	A	O14965	PF00069	1
6xl4	A	P00533	PF07714	1
6xl4	B	P00533	PF07714	1
6xl4	C	P00533	PF07714	1
6xl4	D	P00533	PF07714	1
6xlo	A	P15056	PF07714	1
6xlo	B	P15056	PF07714	1
6xr4	A	Q5S007	PF00069	1
6xr4	B	Q5S007	PF00069	1
6xr6	A	P00519	PF07714	1
6xr7	A	P00519	PF07714	1
6xrg	A	P00519	PF07714	1
6xv9	A	P10721	PF07714	0.768
6xv9	B	P10721	PF07714	0.768
6xva	A	P10721	PF07714	0.768
6xva	B	P10721	PF07714	0.768
6xvb	A	P10721	PF07714	0.768
6xvb	B	P10721	PF07714	0.768
6xvj	A	P35968	PF07714	0.847
6xvk	A	P35968	PF07714	0.847
6xx6	A	Q08467	PF00069	1
6xx7	A	Q08467	PF00069	1
6xx8	A	Q08467	PF00069	1
6xx8	B	Q08467	PF00069	1
6xx9	A	Q08467	PF00069	1
6y0a	A	P49336	PF00069	1
6y23	A	Q08345	PF07714	1
6y23	B	Q08345	PF07714	1
6y23	C	Q08345	PF07714	1
6y4t	A	P47811	PF00069	1
6y4u	A	P47811	PF00069	1
6y4v	A	P47811	PF00069	1
6y4w	A	P47811	PF00069	1
6y4x	A	P47811	PF00069	1
6y6f	A	O94768	PF00069	1
6y6h	A	O94768	PF00069	1
6y6v	A	P47811	PF00069	1
6y7w	A	P47811	PF00069	1
6y7x	A	P47811	PF00069	1
6y7y	A	P47811	PF00069	1
6y7z	A	P47811	PF00069	1
6y80	A	P47811	PF00069	1
6y81	A	P47811	PF00069	1
6y82	A	P47811	PF00069	1
6y85	A	P47811	PF00069	1
6y8h	A	P47811	PF00069	1
6y9r	A	P49841	PF00069	1
6y9s	A	P49841	PF00069	1
6y9s	B	P49841	PF00069	1
6ya6	A	O00311	PF00069	0.916
6ya6	A	O00311	PF00069	1
6ya7	A	O00311	PF00069	0.908
6ya7	A	O00311	PF00069	1
6ya8	A	O00311	PF00069	0.916
6ya8	A	O00311	PF00069	1
6yat	A	Q13043	PF00069	1
6yat	B	Q13043	PF00069	1
6ycu	A	P47811	PF00069	1
6ycw	A	P47811	PF00069	1
6yf8	A	Q13627	PF00069	1
6yf8	B	Q13627	PF00069	1
6yf8	C	Q13627	PF00069	1
6yf8	D	Q13627	PF00069	1
6yfz	A	O14733	PF00069	1
6yg0	A	O14733	PF00069	1
6yg1	A	O14733	PF00069	1
6yg1	B	O14733	PF00069	1
6yg1	C	O14733	PF00069	1
6yg2	A	O14733	PF00069	1
6yg3	A	O14733	PF00069	1
6yg4	A	O14733	PF00069	1
6yg5	A	O14733	PF00069	1
6yg6	A	O14733	PF00069	1
6yg6	B	O14733	PF00069	1
6yg7	A	O14733	PF00069	1
6yg7	B	O14733	PF00069	1
6ygn	A	Q8WZ42	PF00069	1
6ygn	B	Q8WZ42	PF00069	1
6yi8	A	P22455	PF07714	1
6yi8	B	P22455	PF07714	1
6yid	A	Q8IYT8	PF00069	1
6yid	B	Q8IYT8	PF00069	1
6yid	C	Q8IYT8	PF00069	1
6yid	D	Q8IYT8	PF00069	1
6yjc	A	P47811	PF00069	1
6yk7	A	P47811	PF00069	1
6ykd	A	P11309	PF00069	1
6yky	A	Q16659	PF00069	1
6yky	B	Q16659	PF00069	1
6yky	C	Q16659	PF00069	1
6yky	D	Q16659	PF00069	1
6yl1	A	P24941	PF00069	1
6yl6	A	P24941	PF00069	1
6ylc	A	Q16659	PF00069	1
6ylc	B	Q16659	PF00069	1
6ylc	C	Q16659	PF00069	1
6ylc	D	Q16659	PF00069	1
6ylk	A	P24941	PF00069	1
6yll	A	Q16659	PF00069	1
6yll	B	Q16659	PF00069	1
6yoj	A	Q05397	PF07714	1
6ypg	A	P68400	PF00069	1
6yph	A	P68400	PF00069	1
6yph	B	P68400	PF00069	1
6ypj	A	P68400	PF00069	1
6ypk	A	P68400	PF00069	1
6ypn	B	P68400	PF00069	1
6yq1	A	Q05397	PF07714	1
6yq1	B	Q05397	PF07714	1
6yq1	C	Q05397	PF07714	1
6yq1	D	Q05397	PF07714	1
6yr9	A	Q05397	PF07714	1
6yr9	B	Q05397	PF07714	1
6yr9	C	Q05397	PF07714	1
6yr9	D	Q05397	PF07714	1
6yt6	A	Q05397	PF07714	1
6yt6	B	Q05397	PF07714	1
6yta	A	P49759	PF00069	1
6ytd	A	P49759	PF00069	1
6yte	C	P49759	PF00069	1
6ytg	A	P49759	PF00069	1
6yti	A	P49759	PF00069	1
6ytw	A	P49761	PF00069	1
6ytw	B	P49761	PF00069	1
6yty	A	P49761	PF00069	1
6yu1	a	P49761	PF00069	1
6yu1	c	P49761	PF00069	1
6yul	AAA	P68400	PF00069	1
6yul	GGG	P68400	PF00069	1
6yum	AAA	P68400	PF00069	1
6yum	GGG	P68400	PF00069	1
6yvs	A	Q05397	PF07714	1
6yvs	B	Q05397	PF07714	1
6yvs	C	Q05397	PF07714	1
6yvs	D	Q05397	PF07714	1
6yvy	A	Q05397	PF07714	1
6yvy	B	Q05397	PF07714	1
6yvy	C	Q05397	PF07714	1
6yvy	D	Q05397	PF07714	1
6yxv	A	Q05397	PF07714	1
6yxv	B	Q05397	PF07714	1
6yxv	C	Q05397	PF07714	1
6yxv	D	Q05397	PF07714	1
6yz4	A	O14733	PF00069	1
6yzh	A	P68400	PF00069	1
6z19	B	P68400	PF00069	1
6z1c	A	Q08467	PF00069	1
6z1q	AAA	Q99558	PF00069	1
6z1q	BBB	Q99558	PF00069	1
6z1t	AAA	Q99558	PF00069	1
6z1t	BBB	Q99558	PF00069	1
6z2v	A	P49761	PF00069	1
6z36	A	Q04771	PF07714	1
6z36	B	Q04771	PF07714	1
6z3u	B	G0SFC6	PF00069	1
6z3u	E	G0SFC6	PF00069	1
6z45	A	P50750	PF00069	1
6z4b	A	P00533	PF07714	1
6z4b	B	P00533	PF07714	1
6z4d	A	P00533	PF07714	1
6z4d	B	P00533	PF07714	1
6z4x	B	G0SFC6	PF00069	1
6z4x	E	G0SFC6	PF00069	1
6z4y	A	O14965	PF00069	1
6z4z	A	P49759	PF00069	1
6z4z	B	P49759	PF00069	1
6z4z	C	P49759	PF00069	1
6z50	A	P49759	PF00069	1
6z51	A	P49761	PF00069	1
6z52	A	P49761	PF00069	1
6z52	B	P49761	PF00069	1
6z53	A	P49761	PF00069	1
6z54	A	P49761	PF00069	1
6z55	A	P49761	PF00069	1
6z55	B	P49761	PF00069	1
6z83	AAA	P68400	PF00069	1
6z83	BBB	P68400	PF00069	1
6z84	AAA	P68400	PF00069	1
6z84	BBB	P68400	PF00069	1
6zc0	A	P43405	PF07714	1
6zcp	A	P43405	PF07714	1
6zcq	A	P43405	PF07714	1
6zcr	A	P43405	PF07714	1
6zcs	A	P43405	PF07714	1
6zcu	A	P43405	PF07714	1
6zcx	A	P43405	PF07714	1
6zcy	A	P43405	PF07714	1
6zgc	A	Q04771	PF07714	1
6zgc	B	Q04771	PF07714	1
6zgc	C	Q04771	PF07714	1
6zgc	D	Q04771	PF07714	1
6ziw	I	Q9Y616	PF00069	1
6zjf	A	O94768	PF00069	1
6zln	A	P49759	PF00069	1
6zqs	A	Q16539	PF00069	1
6zr5	A	P45983	PF00069	1
6zr5	B	P45983	PF00069	1
6zwp	A	Q16539	PF00069	1
6zwr	A	P47811	PF00069	1
7a1b	A	P19784	PF00069	1
7a1z	A	P19784	PF00069	1
7a21	A	Q04771	PF07714	1
7a21	B	Q04771	PF07714	1
7a22	A	P19784	PF00069	1
7a2a	A	P00533	PF07714	1
7a2a	B	P00533	PF07714	1
7a2h	A	P19784	PF00069	1
7a49	A	P68400	PF00069	1
7a49	B	P68400	PF00069	1
7a4b	A	P68400	PF00069	1
7a4b	B	P68400	PF00069	1
7a4c	A	P68400	PF00069	1
7a4c	B	P68400	PF00069	1
7a4o	A	Q13627	PF00069	1
7a4o	B	Q13627	PF00069	1
7a4q	A	P68400	PF00069	1
7a4r	A	Q13627	PF00069	1
7a4r	B	Q13627	PF00069	1
7a4s	A	Q13627	PF00069	1
7a4w	A	Q13627	PF00069	1
7a4w	B	Q13627	PF00069	1
7a4z	A	Q13627	PF00069	1
7a51	A	Q13627	PF00069	1
7a52	A	Q13627	PF00069	1
7a52	B	Q13627	PF00069	1
7a53	A	Q13627	PF00069	1
7a53	B	Q13627	PF00069	1
7a55	A	Q13627	PF00069	1
7a55	B	Q13627	PF00069	1
7a5b	A	Q13627	PF00069	1
7a5b	B	Q13627	PF00069	1
7a5d	A	Q13627	PF00069	1
7a5l	A	Q13627	PF00069	1
7a5n	A	Q13627	PF00069	1
7a5n	B	Q13627	PF00069	1
7a6i	A	P00533	PF07714	1
7a6j	A	P00533	PF07714	1
7a6j	B	P00533	PF07714	1
7a6k	A	P00533	PF07714	1
7a6k	B	P00533	PF07714	1
7a6k	C	P00533	PF07714	1
7a6k	D	P00533	PF07714	1
7aax	A	Q12866	PF07714	1
7aay	A	Q12866	PF07714	0.985
7aaz	A	Q12866	PF07714	1
7ab0	A	Q12866	PF07714	1
7ab1	A	Q12866	PF07714	1
7ab2	A	Q12866	PF07714	1
7ack	A	P24941	PF00069	1
7ack	C	P24941	PF00069	1
7aei	A	P00533	PF07714	1
7aem	A	P00533	PF07714	1
7ah3	A	P00523	PF07714	1
7ah3	B	P00523	PF07714	1
7aj2	A	Q13627	PF00069	1
7aj4	A	Q13627	PF00069	1
7aj5	A	Q13627	PF00069	1
7aj7	A	Q13627	PF00069	1
7aj8	A	Q13627	PF00069	1
7aja	A	Q13627	PF00069	1
7ajm	A	Q13627	PF00069	1
7ajm	B	Q13627	PF00069	1
7ajs	A	Q13627	PF00069	1
7ajs	B	Q13627	PF00069	1
7ajv	A	Q13627	PF00069	1
7ajv	B	Q13627	PF00069	1
7ajw	A	Q13627	PF00069	1
7ajy	A	Q13627	PF00069	1
7ajy	B	Q13627	PF00069	1
7ak2	A	Q13627	PF00069	1
7ak2	B	Q13627	PF00069	1
7ak3	A	P49759	PF00069	1
7aka	A	Q13627	PF00069	1
7aka	B	Q13627	PF00069	1
7akb	A	Q13627	PF00069	1
7akb	B	Q13627	PF00069	1
7ake	A	Q13627	PF00069	1
7ake	B	Q13627	PF00069	1
7akf	A	Q92630	PF00069	1
7akg	A	O94768	PF00069	1
7akh	A	Q92630	PF00069	1
7akl	A	Q13627	PF00069	1
7akm	A	O14757	PF00069	1
7akm	B	O14757	PF00069	1
7ako	A	O14757	PF00069	1
7ako	B	O14757	PF00069	1
7apf	A	P52333	PF07714	1
7apf	B	P52333	PF07714	1
7apg	A	P52333	PF07714	1
7apg	B	P52333	PF07714	1
7apg	C	P52333	PF07714	1
7apg	D	P52333	PF07714	1
7apj	A	M4MD44	PF00069	1
7apj	A	P31749	PF00069	1
7aqb	A	Q16659	PF00069	1
7aqb	B	Q16659	PF00069	1
7at5	A	P68400	PF00069	1
7at5	B	P68400	PF00069	1
7at9	A	P19784	PF00069	1
7ats	A	P53667	PF07714	1
7atu	A	P53667	PF07714	1
7atu	B	P53667	PF07714	1
7atu	C	P53667	PF07714	1
7atu	D	P53667	PF07714	1
7atv	A	P19784	PF00069	1
7auv	A	P28482	PF00069	1
7avx	A	Q12866	PF07714	1
7avx	B	Q12866	PF07714	1
7avy	A	Q12866	PF07714	1
7avz	A	Q12866	PF07714	1
7aw0	A	Q12866	PF07714	1
7aw1	A	Q12866	PF07714	1
7aw2	A	Q12866	PF07714	1
7aw3	A	Q12866	PF07714	1
7aw4	A	Q12866	PF07714	1
7aw4	B	Q12866	PF07714	1
7ax4	A	P29597	PF07714	1
7ax4	B	P29597	PF07714	1
7ay9	A	P68400	PF00069	1
7ay9	B	P68400	PF00069	1
7aya	A	P68400	PF00069	1
7aya	B	P68400	PF00069	1
7ayh	A	O14965	PF00069	1
7ayi	A	O14965	PF00069	1
7aym	A	Q16832	PF07714	1
7b30	A	Q9Y6E0	PF00069	1
7b31	A	Q9Y6E0	PF00069	1
7b32	A	Q9Y6E0	PF00069	1
7b33	A	Q9Y6E0	PF00069	1
7b34	A	Q9Y6E0	PF00069	1
7b35	A	Q9Y6E0	PF00069	1
7b35	B	Q9Y6E0	PF00069	1
7b36	A	Q9P289	PF00069	1
7b36	C	Q9P289	PF00069	1
7b3m	A	Q02750	PF00069	0.85
7b3m	B	Q02750	PF00069	0.85
7b3q	A	P08581	PF07714	1
7b3t	A	P08581	PF07714	1
7b3v	A	P08581	PF07714	1
7b3w	A	P08581	PF07714	1
7b3z	A	P08581	PF07714	1
7b40	A	P08581	PF07714	1
7b41	A	P08581	PF07714	1
7b42	A	P08581	PF07714	1
7b43	A	P08581	PF07714	1
7b43	B	P08581	PF07714	1
7b44	A	P08581	PF07714	1
7b55	B	P11798	PF00069	1
7b56	B	P11798	PF00069	1
7b57	B	P11798	PF00069	1
7b5l	L	P24941	PF00069	1
7b5o	J	P50613	PF00069	1
7b5q	J	P50613	PF00069	1
7b5r	L	P24941	PF00069	1
7b6f	A	P49841	PF00069	1
7b7r	A	Q02750	PF00069	0.85
7b7r	B	Q02750	PF00069	0.85
7b7s	A	P24941	PF00069	1
7b7s	C	P24941	PF00069	1
7b85	A	P00533	PF07714	1
7b8h	A	P68400	PF00069	1
7b8i	A	P68400	PF00069	1
7b8i	B	P68400	PF00069	1
7b8w	A	P53667	PF07714	1
7b8w	B	P53667	PF07714	1
7b8w	C	P53667	PF07714	1
7b8w	D	P53667	PF07714	1
7b94	A	Q02750	PF00069	0.85
7b94	B	Q02750	PF00069	0.85
7b9l	A	Q02750	PF00069	0.85
7b9l	B	Q02750	PF00069	0.85
7bcm	A	Q08345	PF07714	1
7bcm	B	Q08345	PF07714	1
7bdo	A	P47811	PF00069	1
7bdq	A	P47811	PF00069	1
7be4	A	P47811	PF00069	1
7be5	A	P47811	PF00069	1
7be6	A	Q08345	PF07714	1
7bjd	A	O14757	PF00069	1
7bje	A	O14757	PF00069	1
7bjh	A	O14757	PF00069	1
7bjj	A	O14757	PF00069	1
7bjm	A	O14757	PF00069	1
7bjo	A	O14757	PF00069	1
7bjr	A	O14757	PF00069	1
7bjx	A	O14757	PF00069	1
7bjx	B	O14757	PF00069	1
7bk1	A	O14757	PF00069	1
7bk2	A	O14757	PF00069	1
7bk3	A	O14757	PF00069	1
7bkn	A	O14757	PF00069	1
7bko	A	O14757	PF00069	1
7bl1	CCC	Q99570	PF00069	1
7bmk	A	O75460	PF00069	1
7bmk	B	O75460	PF00069	1
7btt	A	Q9UM73	PF07714	1
7bu4	A	P68400	PF00069	1
7bw7	A	P06213	PF07714	1
7bw7	C	P06213	PF07714	1
7bw8	A	P06213	PF07714	1
7bw8	C	P06213	PF07714	1
7bwa	A	P06213	PF07714	1
7bwa	C	P06213	PF07714	1
7c2v	A	Q9NWZ3	PF07714	1
7c2v	B	Q9NWZ3	PF07714	1
7c2v	C	Q9NWZ3	PF07714	1
7c2v	D	Q9NWZ3	PF07714	1
7c2w	A	Q9NWZ3	PF07714	1
7c2w	B	Q9NWZ3	PF07714	1
7c2w	C	Q9NWZ3	PF07714	1
7c2w	D	Q9NWZ3	PF07714	1
7c3g	A	Q04771	PF07714	1
7c3g	B	Q04771	PF07714	1
7c3n	A	P52333	PF07714	1
7cbx	A	O14733	PF00069	1
7cc2	A	P00519	PF07714	1
7cc2	B	P00519	PF07714	1
7ccu	A	P53355	PF00069	1
7ccv	A	P53355	PF00069	1
7ccw	A	P53355	PF00069	1
7cga	A	P53778	PF00069	1
7cga	B	P53778	PF00069	1
7cga	C	P53778	PF00069	1
7cga	D	P53778	PF00069	1
7chm	A	P33981	PF00069	1
7chn	A	P33981	PF00069	1
7cht	A	P33981	PF00069	1
7cil	A	P33981	PF00069	1
7cja	A	P33981	PF00069	1
7clh	A	P33981	PF00069	1
7cmb	A	O96013	PF00069	1
7cml	A	P45984	PF00069	1
7cml	B	P45984	PF00069	1
7cp3	A	O96013	PF00069	1
7cp4	A	O96013	PF00069	1
7cqe	A	Q12866	PF07714	1
7cqe	C	Q12866	PF07714	1
7ctv	A	Q9SKB2	PF00069	1
7ctv	B	Q9SKB2	PF00069	1
7ctx	A	Q9SKB2	PF00069	0.955
7ctx	B	Q9SKB2	PF00069	0.955
7d57	A	P00523	PF07714	1
7d57	B	P00523	PF07714	1
7d5o	A	P00523	PF07714	1
7d5o	B	P00523	PF07714	1
7dd1	A	Q96SB4	PF00069	1
7dg4	A	Q92630	PF00069	1
7dh3	A	Q92630	PF00069	1
7dh9	A	Q92630	PF00069	1
7dhc	A	Q92630	PF00069	1
7dhh	A	Q92630	PF00069	1
7dhk	A	Q92630	PF00069	1
7dhl	A	P22607	PF07714	1
7dhn	A	Q92630	PF00069	1
7dho	A	Q92630	PF00069	1
7dhv	A	Q92630	PF00069	1
7djo	A	Q92630	PF00069	1
7dl6	A	Q92630	PF00069	1
7dt2	A	P00519	PF07714	1
7dt2	B	P00519	PF07714	1
7dtz	A	P22455	PF07714	1
7du8	A	P07949	PF07714	1
7du8	B	P07949	PF07714	1
7du9	A	P07949	PF07714	1
7du9	B	P07949	PF07714	1
7dua	A	P07949	PF07714	1
7dua	B	P07949	PF07714	1
7dv6	A	P37173	PF07714	1
7dxl	A	Q12866	PF07714	1
7dxl	B	Q12866	PF07714	1
7e0z	A	P05132	PF00069	1
7e11	A	P05132	PF00069	1
7e12	A	P05132	PF00069	1
7e34	A	P24941	PF00069	1
7e73	A	P28482	PF00069	1
7e75	A	P28482	PF00069	1
7eec	A	Q15375	PF07714	1
7eed	A	Q15375	PF07714	1
7eef	A	Q15375	PF07714	1
7egb	8	P50613	PF00069	1
7egc	8	P50613	PF00069	1
7ejv	A	Q92630	PF00069	1
7ejv	B	Q92630	PF00069	1
7ena	8	P50613	PF00069	1
7enc	8	P50613	PF00069	1
7er2	A	P00533	PF07714	1
7f2x	A	Q02750	PF00069	0.871
7f3g	A	O15075	PF00069	1
7f3g	B	O15075	PF00069	1
7f3m	A	P22455	PF07714	1
7f7w	A	O60674	PF07714	1
7f7w	B	O60674	PF07714	1
7fcz	A	Q13546	PF07714	1
7fcz	B	Q13546	PF07714	1
7fd0	A	Q13546	PF07714	1
7fd0	B	Q13546	PF07714	1
7feh	A	Q08345	PF07714	0.98
7fhs	A	Q13627	PF00069	1
7fhs	B	Q13627	PF00069	1
7fhs	C	Q13627	PF00069	1
7fhs	D	Q13627	PF00069	1
7fht	A	Q13627	PF00069	1
7fht	B	Q13627	PF00069	1
7fht	C	Q13627	PF00069	1
7fht	D	Q13627	PF00069	1
7fic	A	O14965	PF00069	1
7i7y	A	P68400	PF00069	1
7i7z	A	P68400	PF00069	1
7i80	A	P68400	PF00069	1
7i81	A	P68400	PF00069	1
7i82	A	P68400	PF00069	1
7i83	A	P68400	PF00069	1
7i84	A	P68400	PF00069	1
7i85	A	P68400	PF00069	1
7i86	A	P68400	PF00069	1
7i87	A	P68400	PF00069	1
7i88	A	P68400	PF00069	1
7i89	A	P68400	PF00069	1
7i8a	A	P68400	PF00069	1
7i8b	A	P68400	PF00069	1
7i8c	A	P68400	PF00069	1
7i8d	A	P68400	PF00069	1
7i8e	A	P68400	PF00069	1
7i8f	A	P68400	PF00069	1
7i8g	A	P68400	PF00069	1
7i8h	A	P68400	PF00069	1
7i8i	A	P68400	PF00069	1
7i8j	A	P68400	PF00069	1
7i8k	A	P68400	PF00069	1
7i8l	A	P68400	PF00069	1
7i8m	A	P68400	PF00069	1
7i8n	A	P68400	PF00069	1
7i8o	A	P68400	PF00069	1
7i8p	A	P68400	PF00069	1
7i8q	A	P68400	PF00069	1
7i8r	A	P68400	PF00069	1
7jhg	A	Q13131	PF00069	1
7jhh	A	Q13131	PF00069	1
7jij	A	Q13131	PF00069	1
7jnt	A	O75116	PF00069	1
7jnt	B	O75116	PF00069	1
7jnt	C	O75116	PF00069	1
7jnt	D	O75116	PF00069	1
7jnt	E	O75116	PF00069	1
7jnt	F	O75116	PF00069	1
7jnt	G	O75116	PF00069	1
7jnt	H	O75116	PF00069	1
7jou	A	Q13464	PF00069	1
7jov	A	O75116	PF00069	1
7jov	B	O75116	PF00069	1
7jov	C	O75116	PF00069	1
7jov	D	O75116	PF00069	1
7jov	E	O75116	PF00069	1
7jov	F	O75116	PF00069	1
7jov	G	O75116	PF00069	1
7jov	H	O75116	PF00069	1
7ju5	A	P07949	PF07714	1
7ju5	B	P07949	PF07714	1
7ju6	A	P07949	PF07714	1
7ju6	B	P07949	PF07714	1
7juq	B	Q6VAB6	PF07714	1
7juq	C	P29678	PF00069	1
7jur	B	Q6VAB6	PF07714	1
7jur	C	P29678	PF00069	1
7jus	B	Q6VAB6	PF07714	1
7jus	C	P29678	PF00069	1
7jut	B	Q6VAB6	PF07714	1
7jut	C	P29678	PF00069	1
7juu	B	Q6VAB6	PF07714	1
7juu	C	P29678	PF00069	1
7juv	B	Q6VAB6	PF07714	1
7juv	C	P29678	PF00069	1
7juw	B	Q8IVT5	PF07714	1
7juw	C	P29678	PF00069	1
7jux	A	Q8IVT5	PF07714	1
7jux	C	P29678	PF00069	1
7juy	B	Q8IVT5	PF07714	1
7juy	C	P29678	PF00069	1
7juz	A	Q8IVT5	PF07714	1
7juz	C	P29678	PF00069	1
7jv0	A	Q8IVT5	PF07714	1
7jv0	C	P29678	PF00069	1
7jv1	C	P29678	PF00069	1
7jv1	D	Q8IVT5	PF07714	1
7jv7	A	Q03957	PF00069	1
7jw7	A	Q8NB16	PF07714	1
7jxh	A	P04626	PF07714	1
7jxh	B	P04626	PF07714	1
7jxh	C	P04626	PF07714	1
7jxh	D	P04626	PF07714	1
7jxh	E	P04626	PF07714	1
7jxh	F	P04626	PF07714	1
7jxh	G	P04626	PF07714	1
7jxh	H	P04626	PF07714	1
7jxi	A	P00533	PF07714	1
7jxi	B	P00533	PF07714	1
7jxi	C	P00533	PF07714	1
7jxi	D	P00533	PF07714	1
7jxk	A	P00533	PF07714	1
7jxk	B	P00533	PF07714	1
7jxk	C	P00533	PF07714	1
7jxk	D	P00533	PF07714	1
7jxk	E	P00533	PF07714	1
7jxk	F	P00533	PF07714	1
7jxl	A	P00533	PF07714	1
7jxl	B	P00533	PF07714	1
7jxl	C	P00533	PF07714	1
7jxl	D	P00533	PF07714	1
7jxm	A	P00533	PF07714	1
7jxm	B	P00533	PF07714	1
7jxm	C	P00533	PF07714	1
7jxm	D	P00533	PF07714	1
7jxp	A	P00533	PF07714	1
7jxp	B	P00533	PF07714	1
7jxp	C	P00533	PF07714	1
7jxp	D	P00533	PF07714	1
7jxp	E	P00533	PF07714	1
7jxp	F	P00533	PF07714	1
7jxq	A	P00533	PF07714	1
7jxq	B	P00533	PF07714	1
7jxq	C	P00533	PF07714	1
7jxq	D	P00533	PF07714	1
7jxu	A	Q8NB16	PF07714	1
7jxu	B	Q8NB16	PF07714	1
7jxw	A	P00533	PF07714	1
7jxw	B	P00533	PF07714	1
7jxw	C	P00533	PF07714	1
7jxw	D	P00533	PF07714	1
7jxx	A	Q5TCY1	PF00069	1
7jxy	A	Q5TCY1	PF00069	1
7jxy	B	Q5TCY1	PF00069	1
7jy4	A	Q9UM73	PF07714	1
7jyo	A	O60674	PF07714	1
7jyq	A	O60674	PF07714	1
7jyr	A	Q9UM73	PF07714	1
7jys	A	Q9UM73	PF07714	1
7jyt	A	Q9UM73	PF07714	1
7k0v	A	P15056	PF07714	1
7k0v	B	P15056	PF07714	1
7k0v	C	P15056	PF07714	1
7k0v	D	P15056	PF07714	1
7k1h	A	P00533	PF07714	1
7k1h	B	P00533	PF07714	1
7k1h	C	P00533	PF07714	1
7k1h	D	P00533	PF07714	1
7k1h	E	P00533	PF07714	1
7k1h	F	P00533	PF07714	1
7k1i	A	P00533	PF07714	1
7k7l	A	P25098	PF00069	1
7k7o	A	P29597	PF07714	1
7k7o	B	P29597	PF07714	1
7k7q	A	P29597	PF07714	1
7k7q	B	P29597	PF07714	1
7k7z	A	P25098	PF00069	1
7kac	A	Q92918	PF00069	1
7kac	B	Q92918	PF00069	1
7khg	A	P10721	PF07714	0.827
7khj	A	P10721	PF07714	0.827
7khj	B	P10721	PF07714	0.827
7khk	A	P10721	PF07714	0.827
7khk	B	P10721	PF07714	0.827
7kia	A	P21802	PF07714	1
7kia	B	P21802	PF07714	1
7kie	A	P21802	PF07714	1
7kie	B	P21802	PF07714	1
7kja	A	P29317	PF07714	1
7kja	B	P29317	PF07714	1
7kjb	A	P29317	PF07714	1
7kjc	A	P29317	PF07714	1
7kjc	B	P29317	PF07714	1
7kjs	A	P24941	PF00069	1
7kl0	A	Q9UQM7	PF00069	1
7kl0	B	Q9UQM7	PF00069	1
7kl1	A	Q9UQM7	PF00069	1
7kl1	B	Q9UQM7	PF00069	1
7kl2	A	Q9UQM7	PF00069	1
7kp6	A	Q07912	PF07714	1
7kp6	B	Q07912	PF07714	1
7kpl	A	P54762	PF07714	1
7kpm	A	P54762	PF07714	1
7kpv	A	P39073	PF00069	1
7kpx	A	P39073	PF00069	1
7ksi	A	P53779	PF00069	1
7ksj	A	P53779	PF00069	1
7ksk	A	P53779	PF00069	1
7kue	A	P06242	PF00069	1
7kx6	A	O15075	PF00069	1
7kx6	B	O15075	PF00069	1
7kx8	A	O15075	PF00069	1
7kx8	B	O15075	PF00069	1
7kxl	A	Q06187	PF07714	1
7kxm	A	Q06187	PF07714	1
7kxn	A	Q06187	PF07714	1
7kxo	A	Q06187	PF07714	1
7kxp	A	Q06187	PF07714	1
7kxq	A	Q06187	PF07714	1
7kxw	A	O15075	PF00069	1
7kxw	B	O15075	PF00069	1
7kxz	A	P00533	PF07714	1
7ky0	A	P00533	PF07714	1
7ky0	B	P00533	PF07714	1
7ky0	C	P00533	PF07714	1
7ky0	D	P00533	PF07714	1
7l1x	A	P68400	PF00069	1
7l24	A	Q92918	PF00069	1
7l24	B	Q92918	PF00069	1
7l24	C	Q92918	PF00069	1
7l24	D	Q92918	PF00069	1
7l25	A	Q92918	PF00069	1
7l25	B	Q92918	PF00069	1
7l26	A	Q92918	PF00069	1
7l26	B	Q92918	PF00069	1
7l26	C	Q92918	PF00069	1
7l26	D	Q92918	PF00069	1
7l5o	A	Q06187	PF07714	1
7l5p	A	Q06187	PF07714	1
7l5p	B	Q06187	PF07714	1
7lbm	e	P50613	PF00069	1
7lg8	A	P00533	PF07714	1
7lg8	B	P00533	PF07714	1
7lg8	C	P00533	PF07714	1
7lg8	D	P00533	PF07714	1
7lgs	A	P00533	PF07714	1
7lgs	B	P00533	PF07714	1
7lgs	C	P00533	PF07714	1
7lgs	D	P00533	PF07714	1
7lht	A	Q5S007	PF00069	1
7lht	B	Q5S007	PF00069	1
7lhw	A	Q5S007	PF00069	1
7li3	A	Q5S007	PF00069	1
7li4	A	Q5S007	PF00069	1
7ll4	A	O60674	PF07714	1
7ll5	A	O60674	PF07714	1
7lqd	A	P33981	PF00069	1
7ltx	A	P00533	PF07714	1
7ltx	B	P00533	PF07714	1
7ltx	C	P00533	PF07714	1
7ltx	D	P00533	PF07714	1
7lty	A	Q06187	PF07714	1
7ltz	A	Q06187	PF07714	1
7lv3	A	Q13976	PF00069	1
7lv3	B	Q13976	PF00069	1
7lvh	A	Q3UHJ0	PF00069	1
7lvh	B	Q3UHJ0	PF00069	1
7lvi	A	Q3UHJ0	PF00069	1
7lvi	B	Q3UHJ0	PF00069	1
7m0k	A	Q92918	PF00069	1
7m0k	B	Q92918	PF00069	1
7m0k	C	Q92918	PF00069	1
7m0k	D	Q92918	PF00069	1
7m0l	A	Q92918	PF00069	1
7m0l	B	Q92918	PF00069	1
7m0l	C	Q92918	PF00069	1
7m0l	D	Q92918	PF00069	1
7m0m	A	Q92918	PF00069	1
7m0m	B	Q92918	PF00069	1
7m0t	A	P15056	PF07714	1
7m0t	B	Q02750	PF00069	1
7m0u	A	P15056	PF07714	1
7m0u	B	Q02750	PF00069	1
7m0v	A	P15056	PF07714	1
7m0v	B	Q02750	PF00069	1
7m0w	A	P15056	PF07714	1
7m0w	B	Q02750	PF00069	1
7m0x	A	P15056	PF07714	1
7m0x	B	Q02750	PF00069	1
7m0y	A	P15056	PF07714	1
7m0y	B	Q02750	PF00069	1
7m0z	A	P15056	PF07714	1
7m0z	B	Q02750	PF00069	1
7m2f	A	P24941	PF00069	1
7m5z	A	Q12866	PF07714	1
7m5z	B	Q12866	PF07714	1
7m74	A	Q13131	PF00069	1
7mck	A	O14757	PF00069	1
7mf0	AAA	Q9NZJ5	PF00069	0.917
7mf0	AAA	Q9NZJ5	PF00069	0.949
7mfc	A	P07333	PF07714	0.86
7mfd	A	P15056	PF07714	1
7mfd	B	Q02750	PF00069	1
7mfe	A	P15056	PF07714	1
7mff	A	P15056	PF07714	1
7mff	B	P15056	PF07714	1
7mgj	A	Q59H18	PF07714	1
7mgj	B	Q59H18	PF07714	1
7mgj	C	Q59H18	PF07714	1
7mgj	D	Q59H18	PF07714	1
7mgk	A	Q59H18	PF07714	1
7mgk	B	Q59H18	PF07714	1
7mgk	C	Q59H18	PF07714	1
7mgk	D	Q59H18	PF07714	1
7mkx	A	P24941	PF00069	1
7mkx	C	P24941	PF00069	1
7mn5	A	P21860	PF07714	1
7mn5	B	P04626	PF07714	1
7mn6	A	P21860	PF07714	1
7mn6	B	P04626	PF07714	1
7mn8	A	P21860	PF07714	1
7mn8	B	P04626	PF07714	1
7mo7	B	P08581	PF07714	1
7mo7	E	P08581	PF07714	1
7mo8	B	P08581	PF07714	1
7mo9	E	P08581	PF07714	1
7moa	E	P08581	PF07714	1
7mob	C	P08581	PF07714	1
7mob	D	P08581	PF07714	1
7mon	A	Q8NB16	PF07714	1
7mon	B	Q9Y572	PF00069	1
7mp8	A	D6WMX4	PF00069	1
7mp9	A	D6WMX4	PF00069	1
7mt8	G	P28327	PF00069	1
7mt9	G	P28327	PF00069	1
7mta	G	P28327	PF00069	1
7mtb	G	P28327	PF00069	1
7mu6	A	Q99683	PF00069	1
7mu6	B	Q99683	PF00069	1
7mu7	A	Q99683	PF00069	1
7mu7	B	Q99683	PF00069	1
7mx3	A	Q9Y572	PF00069	1
7mx3	B	Q9Y572	PF00069	1
7mx3	C	Q9Y572	PF00069	1
7mx3	D	Q9Y572	PF00069	1
7mxb	A	Q8NM29	PF00069	1
7mxb	B	Q8NM29	PF00069	1
7mxj	A	Q8NM29	PF00069	1
7mxk	A	Q8NM29	PF00069	1
7myj	A	P54646	PF00069	1
7myj	C	P54646	PF00069	1
7n3u	A	P30291	PF00069	1
7n4q	A	Q06187	PF07714	1
7n4r	A	Q06187	PF07714	1
7n4s	A	Q06187	PF07714	1
7n5o	A	Q06187	PF07714	1
7n5r	A	Q06187	PF07714	1
7n5x	A	Q06187	PF07714	1
7n5y	A	Q06187	PF07714	1
7n8t	A	P45984	PF00069	1
7n91	A	P23443	PF00069	1
7n91	B	P23443	PF00069	1
7n93	A	P23443	PF00069	1
7n93	B	P23443	PF00069	1
7n9g	A	P00519	PF07714	1
7n9g	B	P00519	PF07714	1
7n9g	C	P00519	PF07714	1
7naa	A	P9WI75	PF00069	1
7naa	B	P9WI75	PF00069	1
7naa	C	P9WI75	PF00069	1
7naa	D	P9WI75	PF00069	1
7ncf	A	Q9H2X6	PF00069	1
7ng7	A	P12931	PF07714	1
7nh4	A	P31749	PF00069	1
7nh5	A	P31749	PF00069	1
7nj0	B	P06493	PF00069	1
7nns	B	Q04771	PF07714	1
7nqq	A	P28482	PF00069	1
7nqw	A	P28482	PF00069	1
7nr3	A	P28482	PF00069	1
7nr5	A	P28482	PF00069	1
7nr8	A	P28482	PF00069	1
7nr9	A	P28482	PF00069	1
7nrb	A	Q16644	PF00069	1
7nry	X	P49137	PF00069	1
7nth	A	O43318	PF07714	1
7nti	A	O43318	PF07714	1
7nvq	A	P24941	PF00069	1
7nvr	8	P50613	PF00069	1
7nwk	A	P50750	PF00069	1
7nxj	A	Q14004	PF00069	1
7nxj	C	Q14004	PF00069	1
7nxk	A	Q9NYV4	PF00069	1
7nxk	C	Q9NYV4	PF00069	1
7nzn	A	P07949	PF07714	1
7nzy	A	P48730	PF00069	1
7nzy	B	P48730	PF00069	1
7nzy	C	P48730	PF00069	1
7nzy	D	P48730	PF00069	1
7o2v	A	O14965	PF00069	1
7o7i	A	Q9H422	PF00069	1
7o7j	A	Q9H422	PF00069	1
7o7k	A	Q13627	PF00069	1
7o7k	B	Q13627	PF00069	1
7o9y	A	P49759	PF00069	1
7oa0	AAA	P49759	PF00069	1
7oai	A	O14936	PF00069	1
7oai	B	O14936	PF00069	1
7oai	C	O14936	PF00069	1
7oai	D	O14936	PF00069	1
7oaj	A	O14936	PF00069	1
7oaj	B	O14936	PF00069	1
7oaj	C	O14936	PF00069	1
7oaj	D	O14936	PF00069	1
7oak	A	O14936	PF00069	1
7oak	B	O14936	PF00069	1
7oak	C	O14936	PF00069	1
7oak	D	O14936	PF00069	1
7oal	A	O14936	PF00069	1
7oal	B	O14936	PF00069	1
7oal	C	O14936	PF00069	1
7oal	D	O14936	PF00069	1
7oam	A	Q12866	PF07714	1
7oam	B	Q12866	PF07714	1
7ols	A	Q12866	PF07714	1
7olv	A	Q12866	PF07714	1
7olx	A	Q12866	PF07714	1
7oov	A	P11309	PF00069	1
7oow	A	P11309	PF00069	1
7oox	A	P11309	PF00069	1
7opg	A	P49759	PF00069	1
7opg	B	P49759	PF00069	1
7opg	C	P49759	PF00069	1
7opm	A	P28482	PF00069	1
7opo	A	P51812	PF00069	1
7opo	C	P51812	PF00069	1
7opo	E	P51812	PF00069	1
7opo	G	P51812	PF00069	1
7opo	I	P51812	PF00069	1
7opo	K	P51812	PF00069	1
7ore	A	P53779	PF00069	1
7orf	A	P53779	PF00069	1
7ote	A	P12931	PF07714	1
7ote	B	P12931	PF07714	1
7ovi	A	O14733	PF00069	1
7ovj	A	O14733	PF00069	1
7ovk	A	O14733	PF00069	1
7ovl	A	O14733	PF00069	1
7ovm	A	O14733	PF00069	1
7ovn	A	O14733	PF00069	1
7oxb	A	P00533	PF07714	1
7oy5	A	P49841	PF00069	1
7oy5	B	P49841	PF00069	1
7oy6	C	Q13627	PF00069	1
7ozb	AAA	P11362	PF07714	1
7ozb	BBB	P11362	PF07714	1
7ozd	AAA	P11362	PF07714	1
7ozd	BBB	P11362	PF07714	1
7ozf	AAA	P11362	PF07714	1
7ozf	BBB	P11362	PF07714	1
7ozy	AAA	P21802	PF07714	1
7ozy	BBB	P21802	PF07714	1
7p1l	A	P27448	PF00069	1
7p1l	B	P27448	PF00069	1
7p3v	A	P15056	PF07714	1
7p3v	B	P15056	PF07714	1
7p5z	1	P06243	PF00069	1
7p6n	A	O75116	PF00069	1
7p6n	B	O75116	PF00069	1
7p6n	C	O75116	PF00069	1
7p6n	D	O75116	PF00069	1
7p6n	E	O75116	PF00069	1
7p6n	F	O75116	PF00069	1
7p6n	G	O75116	PF00069	1
7p6n	H	O75116	PF00069	1
7p6o	A	O75116	PF00069	1
7p6o	B	O75116	PF00069	1
7p6o	C	O75116	PF00069	1
7p6o	D	O75116	PF00069	1
7p6o	E	O75116	PF00069	1
7p6o	F	O75116	PF00069	1
7p6o	G	O75116	PF00069	1
7p6o	H	O75116	PF00069	1
7p6p	A	O75116	PF00069	1
7p6p	B	O75116	PF00069	1
7p6p	C	O75116	PF00069	1
7p6p	D	O75116	PF00069	1
7p6q	A	O75116	PF00069	1
7p6q	B	O75116	PF00069	1
7p6q	C	O75116	PF00069	1
7p6q	D	O75116	PF00069	1
7p7f	A	P48730	PF00069	1
7p7f	B	P48730	PF00069	1
7p7f	C	P48730	PF00069	1
7p7f	D	P48730	PF00069	1
7p7g	A	P48730	PF00069	1
7p7g	B	P48730	PF00069	1
7p7h	A	P48730	PF00069	1
7p7h	B	P48730	PF00069	1
7pcd	A	P04626	PF07714	1
7pg0	A	P06213	PF07714	1
7pg0	B	P06213	PF07714	1
7pg2	A	P06213	PF07714	1
7pg2	B	P06213	PF07714	1
7pg3	A	P06213	PF07714	1
7pg3	B	P06213	PF07714	1
7pg4	A	P06213	PF07714	1
7pg4	B	P06213	PF07714	1
7pi4	DDD	Q05397	PF07714	1
7pqs	A	Q96SB4	PF00069	1
7pqs	B	Q96SB4	PF00069	1
7pqv	A	Q02750	PF00069	1
7psu	A	P68400	PF00069	1
7psu	B	P68400	PF00069	1
7pt6	8	P06243	PF00069	1
7pt6	H	P06243	PF00069	1
7pt7	8	P06243	PF00069	1
7pue	A	O00141	PF00069	1
7pus	AAA	Q13164	PF00069	1
7pvu	A	P47811	PF00069	1
7pvu	B	P47811	PF00069	1
7pwd	A	P25098	PF00069	1
7q52	AAA	P9WI73	PF00069	1
7q6h	AAA	P52333	PF07714	1
7q7c	A	O94768	PF00069	1
7q7d	A	O94768	PF00069	1
7q7e	A	O94768	PF00069	1
7q7i	A	O60674	PF07714	1
7q7k	A	O60674	PF07714	1
7q7l	A	O60674	PF07714	1
7q7w	A	O60674	PF07714	1
7q8v	A	Q5TCY1	PF00069	1
7q8w	A	Q5TCY1	PF00069	1
7q8y	A	Q6IQ55	PF00069	1
7q8y	B	Q6IQ55	PF00069	1
7q8z	A	Q6IQ55	PF00069	1
7q8z	B	Q6IQ55	PF00069	1
7q90	A	Q6IQ55	PF00069	1
7q90	B	Q6IQ55	PF00069	1
7qb2	A	P11309	PF00069	1
7qfm	A	P11309	PF00069	1
7qg1	A	Q9NWZ3	PF07714	1
7qg1	B	Q9NWZ3	PF07714	1
7qg2	A	Q9NWZ3	PF07714	1
7qg2	B	Q9NWZ3	PF07714	1
7qg2	C	Q9NWZ3	PF07714	1
7qg2	D	Q9NWZ3	PF07714	1
7qg3	A	Q9NWZ3	PF07714	1
7qg3	B	Q9NWZ3	PF07714	1
7qg5	A	Q9NWZ3	PF07714	1
7qg5	B	Q9NWZ3	PF07714	1
7qgb	A	P68400	PF00069	1
7qgc	A	P68400	PF00069	1
7qgd	A	P68400	PF00069	1
7qge	A	P68400	PF00069	1
7qgp	A	O94804	PF00069	1
7qhg	A	P53671	PF07714	1
7qhg	B	P53671	PF07714	1
7qhl	A	P24941	PF00069	1
7qhl	C	P24941	PF00069	1
7qhw	AAA	Q5TCY1	PF00069	1
7qhw	CCC	Q5TCY1	PF00069	1
7qq6	A	Q9P2K8	PF00069	1
7qq6	B	Q9P2K8	PF00069	1
7qq6	C	Q9P2K8	PF00069	1
7qq6	D	Q9P2K8	PF00069	1
7qr9	A	P48730	PF00069	1
7qr9	B	P48730	PF00069	1
7qr9	C	P48730	PF00069	1
7qr9	D	P48730	PF00069	1
7qra	A	P48730	PF00069	1
7qra	B	P48730	PF00069	1
7qra	C	P48730	PF00069	1
7qra	D	P48730	PF00069	1
7qrb	A	P48730	PF00069	1
7qrb	B	P48730	PF00069	1
7qrb	C	P48730	PF00069	1
7qrb	D	P48730	PF00069	1
7que	A	Q9UEE5	PF00069	1
7que	B	Q9UEE5	PF00069	1
7quf	A	Q9UEE5	PF00069	1
7quf	B	Q9UEE5	PF00069	1
7qux	A	P68400	PF00069	1
7qwk	A	Q9P2K8	PF00069	1
7qwk	B	Q9P2K8	PF00069	1
7qwk	C	Q9P2K8	PF00069	1
7qwk	D	Q9P2K8	PF00069	1
7qwk	E	Q9P2K8	PF00069	1
7qwk	F	Q9P2K8	PF00069	1
7qwk	G	Q9P2K8	PF00069	1
7qwk	H	Q9P2K8	PF00069	1
7r60	A	Q06187	PF07714	1
7r61	A	Q06187	PF07714	1
7r7k	A	Q9UM73	PF07714	1
7r7r	A	Q9UM73	PF07714	1
7r9l	A	Q92918	PF00069	1
7r9n	A	Q92918	PF00069	1
7r9n	B	Q92918	PF00069	1
7r9p	A	Q92918	PF00069	1
7r9p	B	Q92918	PF00069	1
7r9t	A	Q92918	PF00069	1
7r9t	B	Q92918	PF00069	1
7ra5	A	P24941	PF00069	1
7ree	A	O60674	PF07714	1
7rj6	A	Q3UHJ0	PF00069	1
7rj6	B	Q3UHJ0	PF00069	1
7rj7	A	Q3UHJ0	PF00069	1
7rj7	B	Q3UHJ0	PF00069	1
7rj8	A	Q3UHJ0	PF00069	1
7rj8	B	Q3UHJ0	PF00069	1
7rn6	A	O60674	PF07714	1
7run	A	P07949	PF07714	1
7run	B	P07949	PF07714	1
7rwe	A	P24941	PF00069	1
7rwf	A	P24941	PF00069	1
7rxo	A	P24941	PF00069	1
7s1n	A	P53779	PF00069	1
7s25	A	Q13464	PF00069	1
7s25	B	Q13464	PF00069	1
7s25	C	Q13464	PF00069	1
7s25	D	Q13464	PF00069	1
7s26	A	Q13464	PF00069	1
7s26	B	Q13464	PF00069	1
7s26	C	Q13464	PF00069	1
7s26	D	Q13464	PF00069	1
7s46	A	O96013	PF00069	1
7s47	A	O96013	PF00069	1
7s48	A	O96013	PF00069	1
7s4t	A	P24941	PF00069	1
7s6u	A	A4HXQ3	PF00069	1
7s6v	A	A4HXQ3	PF00069	1
7s7a	A	P24941	PF00069	1
7s84	A	P24941	PF00069	1
7s85	A	P24941	PF00069	1
7s9x	A	P24941	PF00069	1
7sa0	A	P24941	PF00069	1
7shv	A	P15056	PF07714	1
7shv	B	P15056	PF07714	1
7si1	A	P00533	PF07714	1
7siu	A	Q92918	PF00069	1
7siu	B	Q92918	PF00069	1
7sj3	A	P11802	PF00069	1
7sl1	A	P15208	PF07714	1
7sl1	B	P15208	PF07714	1
7sl2	A	P15208	PF07714	1
7sl2	B	P15208	PF07714	1
7sl3	A	P15208	PF07714	1
7sl3	B	P15208	PF07714	1
7sl4	A	P15208	PF07714	1
7sl4	B	P15208	PF07714	1
7sl6	A	P15208	PF07714	1
7sl6	B	P15208	PF07714	1
7sl7	A	P15208	PF07714	1
7sl7	B	P15208	PF07714	1
7sth	A	P15208	PF07714	1
7sth	B	P15208	PF07714	1
7sti	A	P15208	PF07714	1
7sti	B	P15208	PF07714	1
7stj	A	P15208	PF07714	1
7stj	B	P15208	PF07714	1
7stk	A	P15208	PF07714	1
7stk	B	P15208	PF07714	1
7suf	A	O14757	PF00069	1
7sug	A	O14757	PF00069	1
7suh	A	O14757	PF00069	1
7sui	A	O14757	PF00069	1
7suj	A	O14757	PF00069	1
7suj	B	O14757	PF00069	1
7sxf	A	P49840	PF00069	1
7sxg	A	P49840	PF00069	1
7sxh	A	P49841	PF00069	1
7sxj	A	P49841	PF00069	1
7syd	A	P00533	PF07714	1
7syd	B	P00533	PF07714	1
7sye	A	P00533	PF07714	1
7sye	B	P00533	PF07714	1
7sz0	A	P00533	PF07714	1
7sz0	B	P00533	PF07714	1
7sz1	A	P00533	PF07714	1
7sz1	B	P00533	PF07714	1
7sz5	A	P00533	PF07714	1
7sz5	B	P00533	PF07714	1
7sz7	A	P00533	PF07714	1
7sz7	B	P00533	PF07714	1
7szr	A	Q9WUL6	PF00069	1
7szr	B	Q9WUL6	PF00069	1
7szw	A	O60674	PF07714	1
7t0p	A	O60674	PF07714	1
7t0p	B	O60674	PF07714	1
7t1t	A	O60674	PF07714	1
7t3x	A	E0W1I1	PF00069	1
7t4i	A	P00533	PF07714	1
7t4j	A	P00533	PF07714	1
7t4j	B	P00533	PF07714	1
7t4k	A	E0W1I1	PF00069	1
7t4k	B	E0W1I1	PF00069	1
7t4l	A	E0W1I1	PF00069	1
7t4l	B	E0W1I1	PF00069	1
7t4m	A	E0W1I1	PF00069	1
7t4m	B	E0W1I1	PF00069	1
7t4m	C	E0W1I1	PF00069	1
7t4m	D	E0W1I1	PF00069	1
7t4m	E	E0W1I1	PF00069	1
7t4m	F	E0W1I1	PF00069	1
7t4m	G	E0W1I1	PF00069	1
7t4m	H	E0W1I1	PF00069	1
7t4m	I	E0W1I1	PF00069	1
7t4m	J	E0W1I1	PF00069	1
7t4m	K	E0W1I1	PF00069	1
7t4m	L	E0W1I1	PF00069	1
7t4n	A	E0W1I1	PF00069	1
7t4n	B	E0W1I1	PF00069	1
7t4t	A	Q13976	PF00069	1
7t4t	B	Q13976	PF00069	1
7t4u	A	Q13976	PF00069	1
7t4u	B	Q13976	PF00069	1
7t4v	A	Q13976	PF00069	1
7t4v	B	Q13976	PF00069	1
7t4w	A	Q13976	PF00069	1
7t4w	B	Q13976	PF00069	1
7t6f	A	P52332	PF07714	1
7t6f	B	P52332	PF07714	1
7tan	K	Q99986	PF00069	1
7tan	L	Q99986	PF00069	1
7teu	A	O60674	PF07714	1
7tnh	A	P07333	PF07714	0.778
7tnh	A	P11362	PF07714	0.778
7tvd	A	P00533	PF07714	0.988
7tyj	A	P14616	PF07714	1
7tyj	B	P14616	PF07714	1
7tyk	A	P14616	PF07714	1
7tyk	B	P14616	PF07714	1
7tym	A	P14616	PF07714	1
7tym	B	P14616	PF07714	1
7u2z	A	P49841	PF00069	1
7u2z	B	P49841	PF00069	1
7u31	A	P49841	PF00069	1
7u31	B	P49841	PF00069	1
7u33	A	P49841	PF00069	1
7u33	B	P49841	PF00069	1
7u36	A	P49841	PF00069	1
7u36	B	P49841	PF00069	1
7u98	A	P00533	PF07714	1
7u98	B	P00533	PF07714	1
7u98	C	P00533	PF07714	1
7u98	D	P00533	PF07714	1
7u99	A	P00533	PF07714	1
7u9a	A	P00533	PF07714	1
7ug1	A	P24941	PF00069	1
7ugb	A	P63086	PF00069	1
7uiq	A	Q9UQM7	PF00069	1
7uiq	B	Q9UQM7	PF00069	1
7uir	A	Q9UQM7	PF00069	1
7uir	B	Q9UQM7	PF00069	1
7uis	A	Q9UQM7	PF00069	1
7ujp	A	Q9UQM7	PF00069	1
7ujp	B	Q9UQM7	PF00069	1
7ujq	A	Q9UQM7	PF00069	1
7ujq	B	Q9UQM7	PF00069	1
7ujr	A	Q9UQM7	PF00069	1
7ujs	A	Q9UQM7	PF00069	1
7ujt	A	Q9UQM7	PF00069	1
7ujx	E	P05132	PF00069	1
7ukv	A	P00533	PF07714	1
7ukw	A	P00533	PF07714	1
7ukw	B	P00533	PF07714	1
7ukw	C	P00533	PF07714	1
7ukw	D	P00533	PF07714	1
7ukz	A	P21127	PF00069	1
7ukz	B	P21127	PF00069	1
7ukz	C	P21127	PF00069	1
7ukz	D	P21127	PF00069	1
7ukz	E	P21127	PF00069	1
7ukz	F	P21127	PF00069	1
7umb	B	Q6VAB6	PF07714	1
7umb	C	Q02750	PF00069	1
7uos	A	Q9JIH7	PF00069	1
7up4	A	O75582	PF00069	0.923
7up4	B	O75582	PF00069	0.923
7up5	A	O75582	PF00069	0.923
7up5	B	O75582	PF00069	0.923
7up6	A	O75582	PF00069	0.912
7up7	A	O75582	PF00069	0.912
7up7	B	O75582	PF00069	0.912
7up8	A	O75582	PF00069	0.923
7up8	B	O75582	PF00069	0.923
7upm	A	Q92519	PF00069	1
7uxi	A	P24941	PF00069	1
7uxk	A	P24941	PF00069	1
7uy0	A	P09769	PF07714	1
7uy0	B	P09769	PF07714	1
7uy3	A	P09769	PF07714	1
7uyr	A	P29597	PF07714	1
7uys	A	P29597	PF07714	1
7uyt	A	P29597	PF07714	1
7uyu	A	P29597	PF07714	1
7uyv	A	P52333	PF07714	1
7uyv	B	P52333	PF07714	1
7uyv	C	P52333	PF07714	1
7uyv	D	P52333	PF07714	1
7uyw	A	O60674	PF07714	1
7v0g	E	P05132	PF00069	1
7v29	A	P22455	PF07714	1
7v29	B	P22455	PF07714	1
7v3r	A	P08581	PF07714	1
7v3s	A	P08581	PF07714	1
7v3v	H	P06243	PF00069	1
7vdp	A	Q00535	PF00069	1
7vdp	B	Q00535	PF00069	1
7vdq	A	Q00535	PF00069	1
7vdq	B	Q00535	PF00069	1
7vdr	A	Q00535	PF00069	1
7vdr	B	Q00535	PF00069	1
7vds	A	Q00535	PF00069	1
7vds	B	Q00535	PF00069	1
7vdu	A	P24941	PF00069	1
7vjl	A	P22455	PF07714	1
7vjl	B	P22455	PF07714	1
7vkm	A	P04629	PF07714	1
7vkn	A	P04629	PF07714	1
7vko	A	P04629	PF07714	1
7vra	A	P00533	PF07714	1
7vre	A	P00533	PF07714	1
7vsy	A	P11309	PF00069	1
7vto	A	Q13153	PF00069	1
7vto	B	Q13153	PF00069	1
7w5c	A	Q39024	PF00069	1
7w5o	A	P28482	PF00069	1
7w5o	B	P28482	PF00069	1
7w7x	A	P00519	PF07714	1
7w7x	B	P00519	PF07714	1
7w7y	A	P00519	PF07714	1
7w7y	B	P00519	PF07714	1
7wcl	A	P11362	PF07714	1
7wcl	B	P11362	PF07714	1
7wct	A	P22455	PF07714	1
7wcw	A	P22455	PF07714	1
7wcx	A	P22455	PF07714	1
7wf5	A	P00523	PF07714	1
7wf5	B	P00523	PF07714	1
7wj6	A	D1ABX1	PF00069	1
7wj6	B	D1ABX1	PF00069	1
7wj7	A	D1ABX1	PF00069	1
7wj7	B	D1ABX1	PF00069	1
7wtt	a	P48729	PF00069	1
7x4h	A	P68400	PF00069	1
7x4u	A	P28482	PF00069	1
7xaf	A	P04629	PF07714	1
7xbi	A	P04629	PF07714	1
7xbr	A	Q8RXG3	PF00069	1
7xbr	B	Q8RXG3	PF00069	1
7xbr	C	Q8RXG3	PF00069	1
7xbr	D	Q8RXG3	PF00069	1
7xbr	E	Q8RXG3	PF00069	1
7xbr	F	Q8RXG3	PF00069	1
7xbr	G	Q8RXG3	PF00069	1
7xbr	H	Q8RXG3	PF00069	1
7xc1	A	P28482	PF00069	1
7xc1	B	P28482	PF00069	1
7xdv	A	Q9SCZ4	PF07714	1
7xdv	B	Q9SCZ4	PF07714	1
7xdw	A	Q9SCZ4	PF07714	1
7xdw	B	Q9SCZ4	PF07714	1
7xdx	A	Q9SCZ4	PF07714	1
7xdx	B	Q9SCZ4	PF07714	1
7xdy	A	Q9SCZ4	PF07714	1
7xdy	B	Q9SCZ4	PF07714	1
7xhy	A	Q12866	PF07714	1
7xlp	A	Q02750	PF00069	1
7xmk	A	Q13546	PF07714	1
7xmk	B	Q13546	PF07714	1
7xnc	A	Q02750	PF00069	1
7xqk	A	Q00526	PF00069	1
7xsv	A	P11309	PF00069	1
7xyh	A	P19784	PF00069	1
7xyh	B	P19784	PF00069	1
7xzq	A	Q9UKE5	PF00069	1
7xzr	A	Q9UKE5	PF00069	1
7xzr	B	Q9UKE5	PF00069	1
7y1g	A	P17612	PF00069	1
7y1g	B	P17612	PF00069	1
7y4t	A	P08581	PF07714	1
7y4u	A	P08581	PF07714	1
7yaw	A	Q9NYL2	PF07714	1
7yaw	B	Q9NYL2	PF07714	1
7yaw	C	Q9NYL2	PF07714	1
7yaw	D	Q9NYL2	PF07714	1
7yaz	A	Q9NYL2	PF07714	1
7ybo	A	P22455	PF07714	1
7ybp	A	P22455	PF07714	1
7ybx	A	P22455	PF07714	1
7yc1	A	P22455	PF07714	1
7yc3	A	P22455	PF07714	1
7yc9	A	Q06187	PF07714	1
7ydx	A	Q13546	PF07714	1
7ydx	B	Q13546	PF07714	1
7yl1	A	P53779	PF00069	1
7z1f	A	P49841	PF00069	1
7z1f	B	P49841	PF00069	1
7z1g	A	P49841	PF00069	1
7z37	CP1	P04049	PF07714	1
7z38	C	P04049	PF07714	1
7z39	A	P68400	PF00069	1
7z4v	A	O00506	PF00069	1
7z5n	A	Q13627	PF00069	1
7z5n	B	Q13627	PF00069	1
7z5n	C	Q13627	PF00069	1
7z5n	D	Q13627	PF00069	1
7z5n	E	Q13627	PF00069	1
7z5n	F	Q13627	PF00069	1
7z5n	G	Q13627	PF00069	1
7z5n	H	Q13627	PF00069	1
7z5w	A	P08922	PF07714	1
7z5w	B	P08922	PF07714	1
7z5x	A	P08922	PF07714	1
7z5x	B	P08922	PF07714	1
7z6i	AAA	P47811	PF00069	1
7z6u	A	P11309	PF00069	1
7z9t	AAA	P47811	PF00069	1
7z9t	BBB	P47811	PF00069	1
7zh8	A	Q13627	PF00069	1
7zh8	B	Q13627	PF00069	1
7zh8	C	Q13627	PF00069	1
7zh8	D	Q13627	PF00069	1
7zhn	A	Q5TCY1	PF00069	1
7zho	A	Q5TCY1	PF00069	1
7zhp	A	Q5TCY1	PF00069	1
7zhq	A	Q5TCY1	PF00069	1
7zks	A	Q96SB4	PF00069	1
7zkx	A	P78362	PF00069	1
7zpc	A	P24941	PF00069	1
7zr0	K	P15056	PF07714	1
7zr5	K	P15056	PF07714	1
7zr6	K	P15056	PF07714	1
7ztl	A	O14965	PF00069	1
7zun	A	P11309	PF00069	1
7zvs	A	A0A3Q0KQ92	PF07714	1
7zvs	B	A0A3Q0KQ92	PF07714	1
7zvs	C	A0A3Q0KQ92	PF07714	1
7zw8	A	P10721	PF07714	0.827
7zwe	A	P68400	PF00069	1
7zwg	A	P68400	PF00069	1
7zy0	A	P68400	PF00069	1
7zy2	A	P68400	PF00069	1
7zy5	A	P68400	PF00069	1
7zy5	B	P68400	PF00069	1
7zy6	A	P10721	PF07714	0.827
7zy8	A	P68400	PF00069	1
7zy8	B	P68400	PF00069	1
7zyd	A	P68400	PF00069	1
7zyk	A	P68400	PF00069	1
7zym	A	P00533	PF07714	1
7zyn	A	P00533	PF07714	1
7zyo	A	P68400	PF00069	1
7zyp	A	P00533	PF07714	1
7zyq	A	P00533	PF07714	1
7zyq	B	P00533	PF07714	1
7zyr	A	P68400	PF00069	1
8a27	A	P00533	PF07714	1
8a2a	A	P00533	PF07714	1
8a2b	A	P00533	PF07714	1
8a2d	A	P00533	PF07714	1
8a3t	S	P34244	PF00069	1
8a5j	A	Q13043	PF00069	1
8a5j	B	Q13043	PF00069	1
8a66	A	Q13188	PF00069	1
8a66	B	Q13188	PF00069	1
8a8m	A	Q16539	PF00069	1
8a8m	B	P52564	PF00069	1
8aau	L	P53667	PF07714	1
8acm	AAA	P47811	PF00069	1
8aco	AAA	P47811	PF00069	1
8ae7	A	P68400	PF00069	1
8aec	A	P68400	PF00069	1
8aek	A	P68400	PF00069	1
8aem	A	P68400	PF00069	1
8afr	A	P11309	PF00069	0.992
8ahg	A	O96013	PF00069	1
8ahh	A	O96013	PF00069	1
8ahi	A	O96013	PF00069	1
8ak2	A	A8DYP0	PF00069	1
8ak3	A	A8DYP0	PF00069	1
8an8	A	P08581	PF07714	1
8an8	B	P08581	PF07714	1
8ans	A	P08581	PF07714	1
8ao2	A	P28482	PF00069	1
8ao3	A	P28482	PF00069	1
8ao4	A	P28482	PF00069	1
8ao5	A	P28482	PF00069	1
8ao6	A	P28482	PF00069	1
8ao7	A	P28482	PF00069	1
8ao8	A	P28482	PF00069	1
8ao9	A	P28482	PF00069	1
8aoa	A	P28482	PF00069	1
8aob	A	P28482	PF00069	1
8aoc	A	P28482	PF00069	1
8aod	A	P28482	PF00069	1
8aoe	A	P28482	PF00069	1
8aof	A	P28482	PF00069	1
8aog	A	P28482	PF00069	1
8aoh	A	P28482	PF00069	1
8aoi	A	P28482	PF00069	1
8aoj	A	P28482	PF00069	1
8arj	A	Q9UM73	PF07714	1
8atb	AAA	Q9NWZ3	PF07714	1
8atb	BBB	Q9NWZ3	PF07714	1
8atl	AAA	Q9NWZ3	PF07714	1
8atl	BBB	Q9NWZ3	PF07714	1
8atn	AAA	Q9NWZ3	PF07714	1
8atn	BBB	Q9NWZ3	PF07714	1
8au3	A	P08581	PF07714	1
8au3	B	P08581	PF07714	1
8au5	A	P08581	PF07714	1
8auz	A	P49841	PF00069	1
8auz	B	P49841	PF00069	1
8av1	A	P49841	PF00069	1
8av1	B	P49841	PF00069	1
8aw1	A	P08581	PF07714	1
8aw1	B	P08581	PF07714	1
8aza	A	O43353	PF07714	1
8aza	B	O43353	PF07714	1
8b54	A	P24941	PF00069	1
8b54	C	P24941	PF00069	1
8b8n	A	O60674	PF07714	1
8b8u	A	O60674	PF07714	1
8b8u	B	O60674	PF07714	1
8b99	A	O60674	PF07714	1
8b9e	A	O60674	PF07714	1
8b9h	A	O60674	PF07714	1
8ba2	A	O60674	PF07714	1
8ba3	A	O60674	PF07714	1
8ba4	A	O60674	PF07714	1
8ba4	B	O60674	PF07714	1
8bab	A	O60674	PF07714	1
8bak	A	O60674	PF07714	1
8bem	A	Q9H2G2	PF00069	1
8bem	B	Q9H2G2	PF00069	1
8bem	D	Q9H2G2	PF00069	1
8bem	G	Q9H2G2	PF00069	1
8bfm	A	Q8IU85	PF00069	1
8bfs	A	Q8IU85	PF00069	1
8bgc	A	P68400	PF00069	1
8bgc	B	P68400	PF00069	1
8bi2	A	P43405	PF07714	1
8bik	A	P54646	PF00069	1
8bik	D	P54646	PF00069	1
8bin	A	P29317	PF07714	1
8bio	A	P29317	PF07714	1
8bjt	A	P53350	PF00069	1
8bju	A	P30291	PF00069	1
8bk0	A	P29317	PF07714	1
8bm2	A	O60674	PF07714	1
8bm2	B	O60674	PF07714	1
8bm8	A	P29317	PF07714	1
8boc	A	P29317	PF07714	1
8bod	A	P29317	PF07714	1
8bof	A	P29317	PF07714	1
8bog	A	P29317	PF07714	1
8boh	A	P29317	PF07714	1
8boi	A	P29317	PF07714	1
8bok	A	P29317	PF07714	1
8bom	A	P29317	PF07714	1
8bpv	A	O60674	PF07714	1
8bpw	A	O60674	PF07714	1
8bpw	B	O60674	PF07714	1
8br5	AAA	Q9NWZ3	PF07714	1
8br5	BBB	Q9NWZ3	PF07714	1
8br5	CCC	Q9NWZ3	PF07714	1
8br5	DDD	Q9NWZ3	PF07714	1
8br6	AAA	Q9NWZ3	PF07714	1
8br6	BBB	Q9NWZ3	PF07714	1
8br7	AAA	Q9NWZ3	PF07714	1
8br7	BBB	Q9NWZ3	PF07714	1
8bu1	B	Q9NYV4	PF00069	1
8bu1	E	Q9NYV4	PF00069	1
8bu1	H	Q9NYV4	PF00069	1
8bu2	B	Q9NYV4	PF00069	1
8bu2	E	Q9NYV4	PF00069	1
8bu2	H	Q9NYV4	PF00069	1
8bu3	B	Q9NYV4	PF00069	1
8bu3	E	Q9NYV4	PF00069	1
8bu3	H	Q9NYV4	PF00069	1
8bu4	B	Q9NYV4	PF00069	1
8bu4	E	Q9NYV4	PF00069	1
8bu4	H	Q9NYV4	PF00069	1
8bu5	B	Q9NYV4	PF00069	1
8bu5	E	Q9NYV4	PF00069	1
8bu5	H	Q9NYV4	PF00069	1
8bu6	B	Q9NYV4	PF00069	1
8bu6	E	Q9NYV4	PF00069	1
8bu6	H	Q9NYV4	PF00069	1
8bu7	B	Q9NYV4	PF00069	1
8bu7	E	Q9NYV4	PF00069	1
8bu7	H	Q9NYV4	PF00069	1
8bu9	B	Q9NYV4	PF00069	1
8bu9	E	Q9NYV4	PF00069	1
8bu9	H	Q9NYV4	PF00069	1
8bua	B	Q9NYV4	PF00069	1
8bua	E	Q9NYV4	PF00069	1
8bua	H	Q9NYV4	PF00069	1
8bub	B	Q9NYV4	PF00069	1
8bub	E	Q9NYV4	PF00069	1
8bub	H	Q9NYV4	PF00069	1
8buc	B	Q9NYV4	PF00069	1
8buc	E	Q9NYV4	PF00069	1
8buc	H	Q9NYV4	PF00069	1
8bud	B	Q9NYV4	PF00069	1
8bud	E	Q9NYV4	PF00069	1
8bud	H	Q9NYV4	PF00069	1
8bue	B	Q9NYV4	PF00069	1
8bue	E	Q9NYV4	PF00069	1
8bue	H	Q9NYV4	PF00069	1
8buf	B	Q9NYV4	PF00069	1
8buf	E	Q9NYV4	PF00069	1
8buf	H	Q9NYV4	PF00069	1
8bug	B	Q9NYV4	PF00069	1
8bug	E	Q9NYV4	PF00069	1
8bug	H	Q9NYV4	PF00069	1
8buh	B	Q9NYV4	PF00069	1
8buh	E	Q9NYV4	PF00069	1
8buh	H	Q9NYV4	PF00069	1
8bui	B	Q9NYV4	PF00069	1
8bui	E	Q9NYV4	PF00069	1
8bui	H	Q9NYV4	PF00069	1
8buj	B	Q9NYV4	PF00069	1
8buj	E	Q9NYV4	PF00069	1
8buj	H	Q9NYV4	PF00069	1
8buk	B	Q9NYV4	PF00069	1
8buk	E	Q9NYV4	PF00069	1
8buk	H	Q9NYV4	PF00069	1
8bul	B	Q9NYV4	PF00069	1
8bul	E	Q9NYV4	PF00069	1
8bul	H	Q9NYV4	PF00069	1
8bum	B	Q9NYV4	PF00069	1
8bum	E	Q9NYV4	PF00069	1
8bum	H	Q9NYV4	PF00069	1
8bun	B	Q9NYV4	PF00069	1
8bun	E	Q9NYV4	PF00069	1
8bun	H	Q9NYV4	PF00069	1
8buo	B	Q9NYV4	PF00069	1
8buo	E	Q9NYV4	PF00069	1
8buo	H	Q9NYV4	PF00069	1
8bup	B	Q9NYV4	PF00069	1
8bup	E	Q9NYV4	PF00069	1
8bup	H	Q9NYV4	PF00069	1
8buq	B	Q9NYV4	PF00069	1
8buq	E	Q9NYV4	PF00069	1
8buq	H	Q9NYV4	PF00069	1
8bur	B	Q9NYV4	PF00069	1
8bur	E	Q9NYV4	PF00069	1
8bur	H	Q9NYV4	PF00069	1
8bus	B	Q9NYV4	PF00069	1
8bus	E	Q9NYV4	PF00069	1
8bus	H	Q9NYV4	PF00069	1
8but	B	Q9NYV4	PF00069	1
8but	E	Q9NYV4	PF00069	1
8but	H	Q9NYV4	PF00069	1
8bvw	8	P50613	PF00069	1
8bw9	C	Q24324	PF00069	1
8bw9	D	Q24171	PF07714	1
8bx6	A	O60674	PF07714	1
8bx9	A	O60674	PF07714	1
8bx9	B	O60674	PF07714	1
8bxc	A	O60674	PF07714	1
8bxc	B	O60674	PF07714	1
8bxh	A	O60674	PF07714	1
8bya	A	P24941	PF00069	1
8byq	8	P50613	PF00069	1
8bzi	A	Q9Y6E0	PF00069	1
8bzj	A	Q9Y6E0	PF00069	1
8bzj	B	Q9Y6E0	PF00069	1
8bzo	A	P24941	PF00069	1
8bzp	A	P53779	PF00069	1
8bzp	B	P53779	PF00069	1
8c08	A	O60674	PF07714	1
8c08	B	O60674	PF07714	1
8c09	A	O60674	PF07714	1
8c0a	A	O60674	PF07714	1
8c0a	B	O60674	PF07714	1
8c12	AAA	Q9P286	PF00069	1
8c14	A	O14965	PF00069	1
8c15	A	O14965	PF00069	1
8c1d	A	O14965	PF00069	1
8c1e	A	O14965	PF00069	1
8c1f	A	O14965	PF00069	1
8c1g	A	O14965	PF00069	1
8c1h	A	O14965	PF00069	1
8c1i	A	O14965	PF00069	1
8c1k	A	O14965	PF00069	1
8c1m	A	O14965	PF00069	1
8c2z	A	Q9Y463	PF00069	1
8c3g	A	Q13627	PF00069	1
8c3g	B	Q13627	PF00069	1
8c3g	C	Q13627	PF00069	1
8c3g	D	Q13627	PF00069	1
8c3q	A	Q13627	PF00069	1
8c3q	B	Q13627	PF00069	1
8c3r	A	Q13627	PF00069	1
8c3r	B	Q13627	PF00069	1
8c5q	A	P68400	PF00069	1
8c5q	B	P68400	PF00069	1
8c6l	A	P68400	PF00069	1
8c6m	A	P68400	PF00069	1
8c6n	A	P68400	PF00069	1
8c7w	A	Q04771	PF07714	1
8c7x	A	P15056	PF07714	1
8c7x	B	P15056	PF07714	1
8c7y	A	P15056	PF07714	1
8c7y	B	P15056	PF07714	1
8c7z	A	Q04771	PF07714	1
8car	A	D1A2F7	PF00069	1
8cav	A	D1A2F7	PF00069	1
8cav	B	D1A2F7	PF00069	1
8cdw	A	Q92918	PF00069	1
8cdw	B	Q92918	PF00069	1
8cgc	A	P07333	PF07714	0.86
8chf	A	P04049	PF07714	1
8chf	B	P04049	PF07714	1
8chf	E	Q02750	PF00069	1
8chf	F	Q02750	PF00069	1
8cie	A	O76039	PF00069	1
8cij	A	Q92918	PF00069	1
8cpd	A	P04049	PF07714	1
8cpd	B	P04049	PF07714	1
8cur	A	P24941	PF00069	1
8d6c	A	Q99640	PF00069	1
8d6c	B	Q99640	PF00069	1
8d6d	A	Q99640	PF00069	1
8d6d	B	Q99640	PF00069	1
8d6e	A	Q99640	PF00069	1
8d6e	B	Q99640	PF00069	1
8d6f	A	Q99640	PF00069	1
8d6f	B	Q99640	PF00069	1
8d73	A	P00533	PF07714	1
8d73	B	P00533	PF07714	1
8d76	A	P00533	PF07714	1
8d76	B	P00533	PF07714	1
8d7m	A	P48730	PF00069	1
8d7m	B	P48730	PF00069	1
8d7n	A	P48730	PF00069	1
8d7n	B	P48730	PF00069	1
8d7o	A	P48730	PF00069	1
8d7o	B	P48730	PF00069	1
8d7p	A	P48730	PF00069	1
8d7p	B	P48730	PF00069	1
8deg	A	Q12852	PF07714	1
8dfm	A	P10721	PF07714	1
8dfm	B	P10721	PF07714	1
8dfp	A	P10721	PF07714	1
8dfp	B	P10721	PF07714	1
8dfq	A	P10721	PF07714	1
8dfq	B	P10721	PF07714	1
8dgs	A	P15056	PF07714	1
8dgs	B	Q02750	PF00069	1
8dgt	A	P15056	PF07714	1
8dgt	B	Q02750	PF00069	1
8djc	A	P49841	PF00069	1
8djc	B	P49841	PF00069	1
8djd	A	P49841	PF00069	1
8djd	B	P49841	PF00069	1
8dje	A	P49841	PF00069	1
8dje	B	P49841	PF00069	1
8dks	A	Q9NWZ3	PF07714	1
8dks	B	Q9NWZ3	PF07714	1
8dqt	A	O15530	PF00069	1
8dso	B	Q06187	PF07714	1
8dsw	A	P00533	PF07714	1
8dtl	A	P15208	PF07714	1
8dtl	B	P15208	PF07714	1
8dtm	A	P15208	PF07714	1
8dtm	B	P15208	PF07714	1
8dwn	A	P06213	PF07714	1
8e04	A	Q38SD2	PF00069	1
8e05	A	Q38SD2	PF00069	1
8e05	B	Q38SD2	PF00069	1
8e06	A	Q38SD2	PF00069	1
8e1x	A	P21802	PF07714	1
8e1x	B	P21802	PF07714	1
8e2m	A	Q06187	PF07714	1
8e4t	A	A9VBW0	PF07714	1
8e80	A	O14757	PF00069	1
8e81	A	O14757	PF00069	1
8edh	A	Q9BYP7	PF00069	1
8edh	C	Q9BYP7	PF00069	1
8efj	A	P47811	PF00069	1
8ej4	K	Q8TDX7	PF00069	1
8ej4	L	Q8TDX7	PF00069	1
8ej4	M	Q8TDX7	PF00069	1
8ej4	N	Q8TDX7	PF00069	1
8ej4	O	Q8TDX7	PF00069	1
8ej4	P	Q8TDX7	PF00069	1
8ej4	Q	Q8TDX7	PF00069	1
8ej4	R	Q8TDX7	PF00069	1
8ej4	S	Q8TDX7	PF00069	1
8ej4	T	Q8TDX7	PF00069	1
8ejb	A	Q06187	PF07714	1
8elc	A	P45984	PF00069	1
8em8	A	Q8I719	PF00069	1
8eme	A	P00533	PF07714	1
8eme	B	P00533	PF07714	1
8enj	A	P53779	PF00069	1
8eq5	A	P51812	PF00069	1
8eq9	AAA	Q9NZJ5	PF00069	0.949
8eq9	AAA	Q9NZJ5	PF00069	0.917
8eqd	AAA	Q9NZJ5	PF00069	0.949
8eqd	AAA	Q9NZJ5	PF00069	0.917
8eqe	AAA	Q9NZJ5	PF00069	0.949
8eqe	AAA	Q9NZJ5	PF00069	0.917
8erd	A	P24941	PF00069	1
8ern	A	P24941	PF00069	1
8ewy	A	P52332	PF07714	1
8ewy	B	P52332	PF07714	1
8ex0	A	O60674	PF07714	1
8ex1	A	O60674	PF07714	1
8ex2	A	O60674	PF07714	1
8eyr	A	Q60751	PF07714	1
8eyr	B	Q60751	PF07714	1
8eyx	A	P15208	PF07714	1
8eyx	B	P15208	PF07714	1
8eyy	A	P15208	PF07714	1
8eyy	B	P15208	PF07714	1
8ez0	A	P15208	PF07714	1
8ez0	B	P15208	PF07714	1
8f1h	A	P00533	PF07714	1
8f1w	A	P00533	PF07714	1
8f1w	B	P00533	PF07714	1
8f1w	C	P00533	PF07714	1
8f1w	D	P00533	PF07714	1
8f1x	A	P00533	PF07714	1
8f1y	A	P00533	PF07714	1
8f1z	A	P00533	PF07714	1
8f7o	A	P15056	PF07714	1
8f7o	B	P15056	PF07714	1
8f7p	A	P15056	PF07714	1
8f7p	B	P15056	PF07714	1
8fac	A	Q38SD2	PF00069	1
8fd9	A	P35991	PF07714	1
8fe2	A	P17612	PF00069	1
8fe2	B	P17612	PF00069	1
8fe5	A	P17612	PF00069	1
8fe5	B	P17612	PF00069	1
8fe9	A	Q07912	PF07714	1
8fec	A	P17612	PF00069	1
8fec	B	P17612	PF00069	1
8ff0	A	P35991	PF07714	1
8ff8	A	P49841	PF00069	1
8ff8	B	P49841	PF00069	1
8fh4	A	Q92918	PF00069	1
8fh4	B	Q92918	PF00069	1
8fh4	C	Q92918	PF00069	1
8fh4	D	Q92918	PF00069	1
8fjz	A	Q92918	PF00069	1
8fjz	B	Q92918	PF00069	1
8fjz	C	Q92918	PF00069	1
8fjz	D	Q92918	PF00069	1
8fjz	E	Q92918	PF00069	1
8fjz	F	Q92918	PF00069	1
8fko	A	Q92918	PF00069	1
8fko	B	Q92918	PF00069	1
8fko	C	Q92918	PF00069	1
8fko	D	Q92918	PF00069	1
8fko	E	Q92918	PF00069	1
8fko	F	Q92918	PF00069	1
8flg	A	Q06187	PF07714	1
8flh	A	Q06187	PF07714	1
8fll	A	Q06187	PF07714	1
8fln	A	Q06187	PF07714	1
8flv	A	Q06187	PF07714	1
8fo2	E	Q5S007	PF00069	1
8fo7	C	Q5S007	PF00069	1
8fo8	C	Q5S007	PF00069	1
8fo8	E	Q5S007	PF00069	1
8fo9	A	Q5S007	PF00069	1
8fo9	C	Q5S007	PF00069	1
8fo9	E	Q5S007	PF00069	1
8fo9	F	Q5S007	PF00069	1
8fow	A	P24941	PF00069	1
8fp0	A	P24941	PF00069	1
8fp1	A	P24723	PF00069	1
8fp3	A	P24723	PF00069	1
8fp5	A	P24941	PF00069	1
8fv3	A	P00533	PF07714	1
8fv3	B	P00533	PF07714	1
8fv3	C	P00533	PF07714	1
8fv3	D	P00533	PF07714	1
8fv4	A	P00533	PF07714	1
8fv4	B	P00533	PF07714	1
8fv4	C	P00533	PF07714	1
8fv4	D	P00533	PF07714	1
8fx4	D	P25092	PF07714	1
8g63	A	P00533	PF07714	1
8g66	C	P48729	PF00069	1
8g66	F	P48729	PF00069	1
8g6z	A	O60674	PF07714	1
8g6z	B	O60674	PF07714	1
8g8o	A	O60674	PF07714	1
8g8o	B	O60674	PF07714	1
8g8x	A	O60674	PF07714	1
8g8x	B	O60674	PF07714	1
8gae	D	P04049	PF07714	0.787
8gb4	A	P00533	PF07714	1
8gb4	B	P00533	PF07714	1
8gb4	C	P00533	PF07714	1
8gb4	D	P00533	PF07714	1
8gc7	A	Q06187	PF07714	1
8gc8	A	Q06187	PF07714	1
8gds	A	O75116	PF00069	1
8gds	B	O75116	PF00069	1
8gds	C	O75116	PF00069	1
8gds	D	O75116	PF00069	1
8gft	D	P04049	PF07714	1
8gk5	A	P00533	PF07714	1
8gk5	B	P00533	PF07714	1
8gk5	C	P00533	PF07714	1
8gk5	D	P00533	PF07714	1
8gmb	A	P35991	PF07714	1
8gmc	A	Q2M2I8	PF00069	1
8gmc	B	Q2M2I8	PF00069	1
8gmd	A	Q2M2I8	PF00069	1
8gmd	B	Q2M2I8	PF00069	1
8guw	A	O14965	PF00069	1
8guw	B	O14965	PF00069	1
8guw	C	O14965	PF00069	1
8gvj	A	P08581	PF07714	1
8gw3	A	O43318	PF07714	1
8gw3	B	O43318	PF07714	1
8gw3	C	O43318	PF07714	1
8gw3	D	O43318	PF07714	1
8gxq	HI	P50613	PF00069	1
8gxs	HI	P50613	PF00069	1
8h4r	A	Q00526	PF00069	1
8h59	A	G4N374	PF00069	1
8h6e	4Y	Q13523	PF00069	1
8h6j	4Y	Q13523	PF00069	1
8h6p	A	P24941	PF00069	1
8h6t	A	P24941	PF00069	1
8h75	A	P21802	PF07714	1
8h75	B	P21802	PF07714	1
8h75	C	P21802	PF07714	1
8h75	D	P21802	PF07714	1
8h7f	A	P00519	PF07714	1
8h7f	B	P00519	PF07714	1
8h7h	A	P00519	PF07714	1
8h7h	B	P00519	PF07714	1
8h7x	A	P00533	PF07714	1
8h7x	B	P00533	PF07714	1
8haq	A	P12931	PF07714	1
8haq	B	P12931	PF07714	1
8hlt	A	Q92630	PF00069	1
8hlt	B	Q92630	PF00069	1
8hmt	A	Q07912	PF07714	1
8hmt	B	Q07912	PF07714	1
8hmt	C	Q07912	PF07714	1
8hmt	D	Q07912	PF07714	1
8hoa	A	A0A811MC32	PF07714	1
8hod	A	A0A811MS43	PF07714	1
8hv1	A	P00533	PF07714	1
8hv2	A	P00533	PF07714	1
8hv3	A	P00533	PF07714	1
8hv4	A	P00533	PF07714	1
8hv5	A	P00533	PF07714	1
8hv6	A	P00533	PF07714	1
8hv7	A	P00533	PF07714	1
8hv8	A	P00533	PF07714	1
8hv9	A	P00533	PF07714	1
8hva	A	P00533	PF07714	1
8hy7	A	P00533	PF07714	1
8i0l	A	P50750	PF00069	1
8i0m	A	Q00534	PF00069	1
8i2n	A	Q13546	PF07714	1
8i2n	B	Q13546	PF07714	1
8i7s	A	P00519	PF07714	1
8i7s	B	P00519	PF07714	1
8i7t	A	P00519	PF07714	1
8i7t	B	P00519	PF07714	1
8i7z	A	P00519	PF07714	1
8i7z	B	P00519	PF07714	1
8ie5	A	P53355	PF00069	1
8ie6	A	P53355	PF00069	1
8ie7	A	P53355	PF00069	1
8ie8	A	P53355	PF00069	1
8iyj	X6	Q925K9	PF00069	1
8iyj	X7	Q925K9	PF00069	1
8iyj	X8	Q925K9	PF00069	1
8izc	A	P48730	PF00069	1
8izc	B	P48730	PF00069	1
8j5w	A	P04629	PF07714	1
8j5x	A	P04629	PF07714	1
8j61	A	P04629	PF07714	1
8j63	A	P04629	PF07714	1
8jf3	A	P12931	PF07714	1
8jf3	B	P12931	PF07714	1
8jf4	A	O14965	PF00069	1
8jfk	C	Q16816	PF00069	1
8jfk	G	Q16816	PF00069	1
8jfk	K	Q16816	PF00069	1
8jfk	O	Q16816	PF00069	1
8jfl	C	Q16816	PF00069	1
8jfl	G	Q16816	PF00069	1
8jfl	K	Q16816	PF00069	1
8jfl	O	Q16816	PF00069	1
8jg8	A	O14965	PF00069	1
8jmx	A	O14965	PF00069	1
8jmz	A	P11362	PF07714	1
8jmz	B	P11362	PF07714	1
8jn8	A	P12931	PF07714	1
8jn9	A	P12931	PF07714	1
8jot	A	P07333	PF07714	0.894
8jpb	G	P21146	PF00069	1
8jpc	G	P21146	PF00069	1
8jpd	G	P21146	PF00069	1
8jqi	B	P11362	PF07714	1
8jup	A	Q0JA29	PF00069	1
8juv	A	Q0JA29	PF00069	1
8k20	B	Q94K14	PF00069	1
8k5r	A	P50750	PF00069	1
8k78	A	P08581	PF07714	1
8k79	A	P00523	PF07714	1
8k79	B	P00523	PF07714	1
8kfq	A	P00533	PF07714	1
8kh6	A	P22455	PF07714	1
8kh7	A	P22455	PF07714	1
8kh8	A	P22455	PF07714	1
8kh9	A	P22455	PF07714	1
8of5	A	O14965	PF00069	1
8oku	A	Q9Y2K2	PF00069	1
8oku	B	Q9Y2K2	PF00069	1
8omv	A	O14920	PF00069	1
8omv	B	O14920	PF00069	1
8omv	C	O14920	PF00069	1
8omv	D	O14920	PF00069	1
8omv	E	O14920	PF00069	1
8or0	H	P24941	PF00069	1
8or4	H	P24941	PF00069	1
8orm	J	P50613	PF00069	1
8otz	1	F1N2S7	PF00069	1
8otz	2	F1N2S7	PF00069	1
8otz	x	F1N2S7	PF00069	1
8our	A	Q12852	PF07714	1
8ous	A	Q12852	PF07714	1
8out	A	Q12852	PF07714	1
8ouu	A	P08581	PF07714	1
8ouu	B	P08581	PF07714	1
8ouv	A	P08581	PF07714	1
8ouv	B	P08581	PF07714	1
8ov7	A	P08581	PF07714	1
8ovz	A	P08581	PF07714	1
8ovz	B	P08581	PF07714	1
8ow3	A	P08581	PF07714	1
8owg	A	P08581	PF07714	1
8owg	B	P08581	PF07714	1
8owg	C	P08581	PF07714	1
8oy2	A	P24941	PF00069	1
8p04	A	P49759	PF00069	1
8p05	A	P68400	PF00069	1
8p05	B	P68400	PF00069	1
8p06	A	P68400	PF00069	1
8p06	B	P68400	PF00069	1
8p07	A	P68400	PF00069	1
8p07	B	P68400	PF00069	1
8p08	A	P49759	PF00069	1
8p4z	A	P50613	PF00069	1
8p4z	B	P50613	PF00069	1
8p5g	A	O75385	PF00069	1
8p5g	B	O75385	PF00069	1
8p5h	A	O75385	PF00069	1
8p5h	B	O75385	PF00069	1
8p5i	A	O75385	PF00069	1
8p5i	B	O75385	PF00069	1
8p5i	C	O75385	PF00069	1
8p5i	D	O75385	PF00069	1
8p5j	A	O75385	PF00069	1
8p5j	B	O75385	PF00069	1
8p5k	A	O75385	PF00069	1
8p5k	B	O75385	PF00069	1
8p5k	C	O75385	PF00069	1
8p5k	D	O75385	PF00069	1
8p5l	A	O75385	PF00069	1
8p5l	B	O75385	PF00069	1
8p6v	J	P50613	PF00069	1
8p6w	J	P50613	PF00069	1
8p6x	J	P50613	PF00069	1
8p6y	J	P50613	PF00069	1
8p6z	J	P50613	PF00069	1
8p70	J	P50613	PF00069	1
8p71	J	P50613	PF00069	1
8p72	J	P50613	PF00069	1
8p73	J	P50613	PF00069	1
8p74	J	P50613	PF00069	1
8p75	J	P50613	PF00069	1
8p76	J	P50613	PF00069	1
8p77	J	P50613	PF00069	1
8p78	J	P50613	PF00069	1
8p79	J	P50613	PF00069	1
8p7j	A	P52564	PF00069	1
8p7j	B	P52564	PF00069	1
8p7l	J	P50613	PF00069	1
8p81	A	Q9NYV4	PF00069	1
8p9b	A	Q9HBH9	PF00069	1
8par	A	Q92918	PF00069	1
8pas	A	Q92918	PF00069	1
8pas	B	Q92918	PF00069	1
8pau	A	Q92918	PF00069	1
8pau	B	Q92918	PF00069	1
8pav	A	Q13043	PF00069	1
8pav	B	Q13043	PF00069	1
8paw	A	Q13043	PF00069	1
8paw	B	Q13043	PF00069	1
8plz	J	P50613	PF00069	1
8pm3	A	P52564	PF00069	1
8pm3	B	P52564	PF00069	1
8pm3	C	P52564	PF00069	1
8pm3	D	P52564	PF00069	1
8pnz	A	P00533	PF07714	1
8po0	A	P00533	PF07714	1
8po1	A	P00533	PF07714	1
8po2	A	P00533	PF07714	1
8po2	B	P00533	PF07714	1
8po2	D	P00533	PF07714	1
8po3	A	P00533	PF07714	1
8po4	A	P00533	PF07714	1
8po4	B	P00533	PF07714	1
8pod	A	Q04771	PF07714	1
8pq9	A	P10721	PF07714	0.768
8pq9	C	P10721	PF07714	0.768
8pqa	A	P10721	PF07714	0.768
8pqa	C	P10721	PF07714	0.768
8pqb	A	P10721	PF07714	0.768
8pqc	A	P10721	PF07714	0.768
8pqc	B	P10721	PF07714	0.768
8pqd	A	P10721	PF07714	0.768
8pqd	B	P10721	PF07714	0.768
8pqe	A	P10721	PF07714	0.768
8pqe	B	P10721	PF07714	0.768
8pqf	A	P10721	PF07714	0.768
8pqf	C	P10721	PF07714	0.768
8pqg	A	P10721	PF07714	0.768
8pqg	C	P10721	PF07714	0.768
8pqh	A	P16234	PF07714	0.799
8pqi	A	P16234	PF07714	0.799
8pqj	A	P16234	PF07714	0.799
8pqk	A	P16234	PF07714	0.799
8pr7	A	O14965	PF00069	1
8pr7	D	O14965	PF00069	1
8ps7	A	G7K7K0	PF00069	1
8ps7	B	G7K7K0	PF00069	1
8psr	A	P28482	PF00069	1
8pst	A	P28482	PF00069	1
8psw	A	P28482	PF00069	1
8psy	A	P28482	PF00069	1
8pt0	A	P28482	PF00069	1
8pt1	A	P28482	PF00069	1
8pt3	A	P28482	PF00069	1
8pt5	A	P28482	PF00069	1
8pt8	A	P45983	PF00069	1
8pt8	B	P45983	PF00069	1
8pt8	C	P45983	PF00069	1
8pt9	A	P45983	PF00069	1
8pt9	B	P45983	PF00069	1
8pt9	C	P45983	PF00069	1
8pta	A	P45983	PF00069	1
8pta	B	P45983	PF00069	1
8pta	C	P45983	PF00069	1
8pvo	A	P68400	PF00069	1
8pvo	B	P68400	PF00069	1
8pvp	A	P68400	PF00069	1
8pvp	B	P68400	PF00069	1
8pvu	E	P28482	PF00069	1
8pyi	AAA	P08069	PF07714	1
8pyi	BBB	P08069	PF07714	1
8pyi	CCC	P08069	PF07714	1
8pyi	DDD	P08069	PF07714	1
8pyi	EEE	P08069	PF07714	1
8pyi	FFF	P08069	PF07714	1
8pyi	GGG	P08069	PF07714	1
8pyi	HHH	P08069	PF07714	1
8pyj	AAA	P08069	PF07714	1
8pyk	AAA	P08069	PF07714	1
8pyl	AAA	P08069	PF07714	1
8pym	AAA	P08069	PF07714	1
8pyn	AAA	P08069	PF07714	1
8pyr	A	P50613	PF00069	1
8pyr	E	P50613	PF00069	1
8q1z	A	Q86Y07	PF00069	1
8q61	A	P31751	PF00069	1
8q77	A	P19784	PF00069	1
8q9s	A	P19784	PF00069	1
8qbu	A	P19784	PF00069	1
8qcd	A	P19784	PF00069	1
8qcg	A	P19784	PF00069	1
8qcg	B	P19784	PF00069	1
8qel	B	P19525	PF00069	0.93
8qf1	A	P19784	PF00069	1
8qf1	B	P19784	PF00069	1
8qgy	A	Q99683	PF00069	1
8qgy	B	Q99683	PF00069	1
8qji	A	P49841	PF00069	1
8qlq	A	Q9Y6E0	PF00069	1
8qlr	A	Q9Y6E0	PF00069	1
8qlr	B	Q9Y6E0	PF00069	1
8qls	A	Q9Y6E0	PF00069	1
8qlt	A	Q9Y6E0	PF00069	1
8qqb	A	P68400	PF00069	1
8qqb	B	P68400	PF00069	1
8qqg	A	P15056	PF07714	1
8qqg	B	P15056	PF07714	1
8qqg	C	P15056	PF07714	1
8qqy	A	P29317	PF07714	1
8qr2	A	P63086	PF00069	1
8qr3	A	P63086	PF00069	1
8qr4	A	P63086	PF00069	1
8qr5	A	P63086	PF00069	1
8qr6	A	P63086	PF00069	1
8qr7	A	P63086	PF00069	1
8qr8	A	P63086	PF00069	1
8qr9	A	P63086	PF00069	1
8qra	A	P63086	PF00069	1
8qrb	A	P63086	PF00069	1
8qrc	A	P63086	PF00069	1
8qwy	A	P68400	PF00069	1
8qwy	B	P68400	PF00069	1
8qwz	A	P68400	PF00069	1
8qwz	B	P68400	PF00069	1
8qxd	K	Q13523	PF00069	1
8r08	K	Q13523	PF00069	1
8r0a	K	Q13523	PF00069	1
8r0h	A	P11309	PF00069	1
8r0q	A	P11309	PF00069	1
8r0w	A	P11309	PF00069	1
8r0y	A	P11309	PF00069	1
8r10	A	P11309	PF00069	1
8r18	A	P11309	PF00069	1
8r1k	A	P11309	PF00069	1
8r1n	A	P11309	PF00069	1
8r1p	A	P11309	PF00069	1
8r1t	A	P11309	PF00069	1
8r1w	A	P11309	PF00069	1
8r25	A	P11309	PF00069	1
8r27	A	P11309	PF00069	1
8r3x	A	P41743	PF00069	1
8r3x	B	P41743	PF00069	1
8r3y	I	P41743	PF00069	1
8r4o	A	Q9Y2K2	PF00069	1
8r4o	C	Q9Y2K2	PF00069	1
8r4o	E	Q9Y2K2	PF00069	1
8r4o	G	Q9Y2K2	PF00069	1
8r4o	I	Q9Y2K2	PF00069	1
8r4o	K	Q9Y2K2	PF00069	1
8r4q	A	Q9Y2K2	PF00069	1
8r4q	C	Q9Y2K2	PF00069	1
8r4q	E	Q9Y2K2	PF00069	1
8r4q	G	Q9Y2K2	PF00069	1
8r4q	I	Q9Y2K2	PF00069	1
8r4q	K	Q9Y2K2	PF00069	1
8r4u	A	Q9Y2K2	PF00069	1
8r4u	C	Q9Y2K2	PF00069	1
8r4u	E	Q9Y2K2	PF00069	1
8r4u	G	Q9Y2K2	PF00069	1
8r4v	A	Q9Y2K2	PF00069	1
8r4v	B	Q9Y2K2	PF00069	1
8r4v	C	Q9Y2K2	PF00069	1
8r58	A	P51812	PF00069	1
8r5e	A	P45983	PF00069	1
8r5f	A	P28482	PF00069	1
8r7g	A	Q04771	PF07714	1
8r7g	B	Q04771	PF07714	1
8r7g	C	Q04771	PF07714	1
8r7g	D	Q04771	PF07714	1
8r8e	A	Q13627	PF00069	1
8r8e	B	Q13627	PF00069	1
8r8e	C	Q13627	PF00069	1
8r8e	D	Q13627	PF00069	1
8r99	A	P50613	PF00069	1
8r9a	A	P50613	PF00069	1
8r9b	A	P50613	PF00069	1
8r9b	B	P50613	PF00069	1
8r9b	C	P50613	PF00069	1
8r9b	D	P50613	PF00069	1
8r9o	A	P50613	PF00069	1
8r9o	B	P50613	PF00069	1
8r9s	A	P50613	PF00069	1
8r9s	B	P50613	PF00069	1
8r9u	A	P50613	PF00069	1
8r9u	B	P50613	PF00069	1
8rlx	A	P63086	PF00069	1
8rm2	A	P63086	PF00069	1
8rmb	A	P63086	PF00069	1
8roz	A	P24941	PF00069	1
8rpc	A	W7JM86	PF00069	1
8rqv	A	P63086	PF00069	1
8rqw	A	P63086	PF00069	1
8rqx	A	P63086	PF00069	1
8rrq	A	P43405	PF07714	1
8rrz	A	P43405	PF07714	1
8ru8	A	P24941	PF00069	1
8s0r	J	P50613	PF00069	1
8s0t	J	P50613	PF00069	1
8s13	A	P10721	PF07714	0.768
8s14	A	P10721	PF07714	0.768
8s15	A	P10721	PF07714	0.768
8s16	A	P10721	PF07714	0.768
8s16	B	P10721	PF07714	0.768
8s17	A	P10721	PF07714	0.768
8s17	B	P10721	PF07714	0.768
8s18	A	P10721	PF07714	0.768
8s18	B	P10721	PF07714	0.768
8s19	A	P10721	PF07714	0.768
8s19	B	P10721	PF07714	0.768
8s1a	A	P10721	PF07714	0.768
8s1a	B	P10721	PF07714	0.768
8s1b	A	P10721	PF07714	0.768
8s1b	B	P10721	PF07714	0.768
8s3x	A	P53671	PF07714	1
8s3x	B	P53671	PF07714	1
8s3x	C	P53671	PF07714	1
8s3x	D	P53671	PF07714	1
8s6i	A	Q92772	PF00069	1
8s85	A	P23458	PF07714	1
8s85	B	P23458	PF07714	1
8s93	A	P35991	PF07714	1
8s98	A	P29597	PF07714	1
8s98	B	P29597	PF07714	1
8s98	C	P29597	PF07714	1
8s99	A	P29597	PF07714	1
8s99	B	P29597	PF07714	1
8s99	C	P29597	PF07714	1
8s9a	A	P29597	PF07714	1
8s9a	B	P29597	PF07714	1
8s9a	C	P29597	PF07714	1
8s9f	A	P35991	PF07714	1
8s9f	B	P35991	PF07714	1
8s9p	C	O15146	PF07714	1
8sc7	A	P00533	PF07714	1
8sce	A	Q9NWZ3	PF07714	1
8sce	B	Q9NWZ3	PF07714	1
8sce	D	Q9NWZ3	PF07714	1
8sce	E	Q9NWZ3	PF07714	1
8scv	A	Q9NWZ3	PF07714	1
8scv	B	Q9NWZ3	PF07714	1
8scw	A	Q9NWZ3	PF07714	1
8scw	B	Q9NWZ3	PF07714	1
8scw	C	Q9NWZ3	PF07714	1
8scw	D	Q9NWZ3	PF07714	1
8se1	A	P05771	PF00069	1
8se1	B	P05771	PF00069	1
8se2	A	P05771	PF00069	1
8se2	B	P05771	PF00069	1
8se3	A	P05771	PF00069	1
8se4	A	P05771	PF00069	1
8se4	B	P05771	PF00069	1
8sf8	A	P00517	PF00069	1
8siv	A	O14757	PF00069	1
8siw	A	O14757	PF00069	1
8siw	B	O14757	PF00069	1
8six	A	O14757	PF00069	1
8slz	A	Q8NB16	PF07714	1
8smc	C	Q5S007	PF00069	1
8ssn	A	P00519	PF07714	1
8ssn	B	P00519	PF07714	1
8sso	A	O14965	PF00069	1
8sso	D	O14965	PF00069	1
8ssp	A	O14965	PF00069	1
8stg	A	P21802	PF07714	1
8stg	B	P21802	PF07714	1
8sv9	A	O75385	PF00069	1
8sv9	B	O75385	PF00069	1
8swe	A	P21802	PF07714	1
8swe	B	P21802	PF07714	1
8sxn	A	Q8TDX7	PF00069	1
8sxn	B	Q8TDX7	PF00069	1
8t2h	A	Q13627	PF00069	1
8t2h	B	Q13627	PF00069	1
8t6k	A	P08413	PF00069	1
8t6k	B	P08413	PF00069	1
8t6k	C	P08413	PF00069	1
8t6k	D	P08413	PF00069	1
8t6k	E	P08413	PF00069	1
8t6k	F	P08413	PF00069	1
8t6k	G	P08413	PF00069	1
8t6k	H	P08413	PF00069	1
8t6k	I	P08413	PF00069	1
8t6k	J	P08413	PF00069	1
8t6k	K	P08413	PF00069	1
8t6k	L	P08413	PF00069	1
8t6k	M	P08413	PF00069	1
8t6k	N	P08413	PF00069	1
8t6q	A	P08413	PF00069	1
8t6q	B	P08413	PF00069	1
8t6q	C	P08413	PF00069	1
8t6q	D	P08413	PF00069	1
8t6q	F	P08413	PF00069	1
8t6q	G	P08413	PF00069	1
8t6q	H	P08413	PF00069	1
8t6q	I	P08413	PF00069	1
8t6q	J	P08413	PF00069	1
8t6q	K	P08413	PF00069	1
8t6q	L	P08413	PF00069	1
8t6q	N	P08413	PF00069	1
8t7t	A	Q9P2K8	PF00069	1
8t7t	B	Q9P2K8	PF00069	1
8tb5	A	P29597	PF07714	1
8tb5	B	P29597	PF07714	1
8tb6	A	P29597	PF07714	1
8tb6	B	P29597	PF07714	1
8tjl	A	P00533	PF07714	1
8to3	A	P00533	PF07714	1
8to3	B	P00533	PF07714	1
8to3	C	P00533	PF07714	1
8to3	D	P00533	PF07714	1
8to4	A	P00533	PF07714	1
8to4	B	P00533	PF07714	1
8to4	C	P00533	PF07714	1
8to4	D	P00533	PF07714	1
8tq2	A	P49336	PF00069	1
8tqc	A	P49336	PF00069	1
8tqw	a	P49336	PF00069	1
8tu3	A	Q06187	PF07714	1
8tu4	A	Q06187	PF07714	1
8tu5	A	Q06187	PF07714	1
8tuc	A	Q96RR4	PF00069	1
8tvm	A	Q9NWZ3	PF07714	1
8tvm	B	Q9NWZ3	PF07714	1
8tvm	C	Q9NWZ3	PF07714	1
8tvm	D	Q9NWZ3	PF07714	1
8tvn	A	Q9NWZ3	PF07714	1
8tvn	B	Q9NWZ3	PF07714	1
8tvn	C	Q9NWZ3	PF07714	1
8tvn	D	Q9NWZ3	PF07714	1
8tx0	A	Q9NWZ3	PF07714	1
8tx0	B	Q9NWZ3	PF07714	1
8txy	A	Q7KZI7	PF00069	1
8txy	B	Q7KZI7	PF00069	1
8txz	A	Q5S007	PF00069	1
8tyq	A	Q5S007	PF00069	1
8tzb	A	Q5S007	PF00069	1
8tzc	A	Q5S007	PF00069	1
8tze	A	Q5S007	PF00069	1
8tzf	A	Q5S007	PF00069	1
8tzg	A	Q5S007	PF00069	1
8tzh	A	Q5S007	PF00069	1
8u1b	A	Q5S007	PF00069	1
8u1f	A	P21802	PF07714	1
8u1f	B	P21802	PF07714	1
8u1l	C	P04049	PF07714	1
8u2d	A	Q06187	PF07714	1
8u2e	A	Q06187	PF07714	1
8u2o	A	Q8IDW1	PF00069	1
8u2o	B	Q8IDW1	PF00069	1
8u37	A	P17252	PF00069	1
8u4b	A	P06213	PF07714	1
8u4b	B	P06213	PF07714	1
8u4c	A	P06213	PF07714	1
8u4c	B	P06213	PF07714	1
8u4e	A	P06213	PF07714	1
8u4e	B	P06213	PF07714	1
8u7h	C	Q5S007	PF00069	1
8u7l	A	Q5S007	PF00069	1
8u7l	B	Q5S007	PF00069	1
8u8a	B	Q5S007	PF00069	1
8u8a	C	Q5S007	PF00069	1
8u8b	A	Q5S007	PF00069	1
8u8b	B	Q5S007	PF00069	1
8u8j	A	P28482	PF00069	1
8u8k	A	P28482	PF00069	1
8u8x	A	P04626	PF07714	1
8uak	A	P17252	PF00069	1
8uap	A	P34947	PF00069	1
8uaq	A	P34947	PF00069	1
8ucb	A	Q9NWZ3	PF07714	1
8ucb	B	Q9NWZ3	PF07714	1
8ucb	C	Q9NWZ3	PF07714	1
8ucb	D	Q9NWZ3	PF07714	1
8ucc	A	Q9NWZ3	PF07714	1
8ucc	B	Q9NWZ3	PF07714	1
8uct	A	D6WMX4	PF00069	1
8udc	A	D6WMX4	PF00069	1
8udt	A	P22607	PF07714	0.957
8udt	B	P22607	PF07714	0.957
8udt	C	P22607	PF07714	0.957
8udu	A	P22607	PF07714	0.957
8udu	B	P22607	PF07714	0.957
8udv	A	P22607	PF07714	0.957
8udv	B	P22607	PF07714	0.957
8udv	C	P22607	PF07714	0.957
8ukn	C	P05132	PF00069	1
8ukn	D	P05132	PF00069	1
8ukn	F	P05132	PF00069	1
8ukn	H	P05132	PF00069	1
8uko	E	P05132	PF00069	1
8ukp	E	P05132	PF00069	1
8uoh	A	P27448	PF00069	1
8uoh	B	P27448	PF00069	1
8uoi	A	P27448	PF00069	1
8uoj	A	P27448	PF00069	1
8uok	A	P27448	PF00069	1
8uok	B	P27448	PF00069	1
8uol	A	P27448	PF00069	1
8uol	B	P27448	PF00069	1
8uso	A	D6R938	PF00069	1
8uso	B	D6R938	PF00069	1
8uso	C	D6R938	PF00069	1
8uv0	A	P24941	PF00069	1
8uvl	A	O75460	PF00069	1
8uvy	A	P31749	PF00069	1
8uw2	A	P31749	PF00069	1
8uw7	A	P31749	PF00069	1
8uw9	A	P31749	PF00069	1
8uwn	A	P49759	PF00069	1
8uwr	A	Q04771	PF07714	1
8uyf	A	E0W1I1	PF00069	1
8uyf	B	E0W1I1	PF00069	1
8uyh	A	E0W1I1	PF00069	1
8uyh	B	E0W1I1	PF00069	1
8uyi	A	E0W1I1	PF00069	1
8uyi	B	E0W1I1	PF00069	1
8v1o	A	Q9NWZ3	PF07714	1
8v1o	B	Q9NWZ3	PF07714	1
8v1o	C	Q9NWZ3	PF07714	1
8v1o	D	Q9NWZ3	PF07714	1
8v2f	A	Q9NWZ3	PF07714	1
8v2f	B	Q9NWZ3	PF07714	1
8v2f	C	Q9NWZ3	PF07714	1
8v2f	D	Q9NWZ3	PF07714	1
8v2l	A	Q9NWZ3	PF07714	1
8v2l	B	Q9NWZ3	PF07714	1
8v2l	C	Q9NWZ3	PF07714	1
8v2l	D	Q9NWZ3	PF07714	1
8v42	A	Q99986	PF00069	1
8v42	B	Q99986	PF00069	1
8v42	C	Q99986	PF00069	1
8v42	D	Q99986	PF00069	1
8v5h	A	Q96GX5	PF00069	0.958
8v5h	A	Q96GX5	PF00069	0.907
8v5i	A	O95819	PF00069	1
8v5i	B	O95819	PF00069	1
8vb5	A	P04626	PF07714	1
8vf6	A	Q9BYT3	PF00069	1
8vf6	B	Q9BYT3	PF00069	1
8vh4	A	Q5S007	PF00069	1
8vh5	A	Q5S007	PF00069	1
8vh5	C	Q5S007	PF00069	1
8vi1	A	P08581	PF07714	1
8vi1	B	P08581	PF07714	1
8vjb	A	P06213	PF07714	1
8vjb	B	P06213	PF07714	1
8vjc	A	P06213	PF07714	1
8vjc	B	P06213	PF07714	1
8vme	A	Q9WV60	PF00069	1
8vmf	A	Q9WV60	PF00069	1
8vmg	A	Q9WV60	PF00069	1
8vmg	B	Q9WV60	PF00069	1
8vmh	A	P47811	PF00069	1
8vmm	A	P47811	PF00069	1
8vnx	A	P53779	PF00069	1
8vo4	A	P53779	PF00069	1
8vq3	A	P24941	PF00069	1
8vq4	A	P24941	PF00069	1
8vs0	A	P53779	PF00069	1
8vsu	B	Q7RTN6	PF00069	1
8vsu	C	Q15831	PF00069	1
8vt6	A	P47811	PF00069	1
8vtf	A	P53779	PF00069	1
8vwm	A	P47811	PF00069	1
8vxd	A	P48730	PF00069	1
8vxd	B	P48730	PF00069	1
8vxe	A	Q16539	PF00069	1
8vxf	A	P48730	PF00069	1
8vxf	B	P48730	PF00069	1
8vyo	A	P15056	PF07714	1
8vyp	C	P15056	PF07714	1
8vyq	C	P15056	PF07714	1
8vyr	A	P15056	PF07714	1
8vys	A	P15056	PF07714	1
8vyu	A	P15056	PF07714	1
8vyv	C	P15056	PF07714	1
8vyw	C	P15056	PF07714	1
8w1l	A	P07333	PF07714	0.839
8w2x	A	P21802	PF07714	1
8w2x	B	P21802	PF07714	1
8w38	A	P21802	PF07714	1
8w38	B	P21802	PF07714	1
8w38	C	P21802	PF07714	1
8w38	D	P21802	PF07714	1
8w3b	A	P21802	PF07714	1
8w3b	B	P21802	PF07714	1
8w3b	C	P21802	PF07714	1
8w3b	D	P21802	PF07714	1
8w3d	A	P21802	PF07714	1
8w3d	B	P21802	PF07714	1
8w3d	C	P21802	PF07714	1
8w3d	D	P21802	PF07714	1
8w3w	A	Q9NWZ3	PF07714	1
8w3w	B	Q9NWZ3	PF07714	1
8w3w	C	Q9NWZ3	PF07714	1
8w3w	D	Q9NWZ3	PF07714	1
8w3x	A	Q9NWZ3	PF07714	1
8w3x	B	Q9NWZ3	PF07714	1
8w3x	C	Q9NWZ3	PF07714	1
8w3x	D	Q9NWZ3	PF07714	1
8w5c	A	P22455	PF07714	1
8w5c	B	P22455	PF07714	1
8wd4	A	P00533	PF07714	1
8wdk	W	P30291	PF00069	1
8wf4	A	Q15418	PF00069	1
8wf4	B	Q15418	PF00069	1
8wgf	A	P53779	PF00069	1
8wjy	A	Q99640	PF00069	1
8wm0	A	Q9UKE5	PF00069	1
8ws0	A	Q8TDX7	PF00069	1
8ws0	B	Q8TDX7	PF00069	1
8ws1	A	Q8TDX7	PF00069	1
8ws1	B	Q8TDX7	PF00069	1
8wsw	A	P53671	PF07714	1
8wsw	B	P53671	PF07714	1
8wsw	C	P53671	PF07714	1
8wsw	D	P53671	PF07714	1
8wtf	A	Q9NWZ3	PF07714	1
8wyw	A	P43405	PF07714	1
8wyw	B	P43405	PF07714	1
8x06	A	P06213	PF07714	1
8x06	B	P06213	PF07714	1
8x23	A	O15264	PF00069	1
8x2a	A	P51813	PF07714	1
8x2m	A	P06213	PF07714	1
8x2m	B	P06213	PF07714	1
8x2o	A	O43353	PF07714	1
8x2o	B	O43353	PF07714	1
8x3m	A	Q16539	PF00069	1
8x5k	A	P43405	PF07714	1
8x5l	A	P17612	PF00069	1
8x5l	B	P17612	PF00069	1
8x5m	A	P45983	PF00069	1
8x5z	A	Q13153	PF00069	1
8x72	A	P53350	PF00069	1
8x88	A	Q9UKE5	PF00069	1
8x88	B	Q9UKE5	PF00069	1
8x8x	A	O75116	PF00069	1
8x8x	B	O75116	PF00069	1
8x8y	A	O75116	PF00069	1
8x8y	B	O75116	PF00069	1
8x8z	A	O75116	PF00069	1
8x8z	B	O75116	PF00069	1
8x92	A	O75116	PF00069	1
8x92	B	O75116	PF00069	1
8xb1	A	P36888	PF07714	0.847
8xey	A	P51812	PF00069	1
8xfl	A	Q96L34	PF00069	1
8xfl	B	Q96L34	PF00069	1
8xfm	A	Q9HBH9	PF00069	1
8xfy	A	P51812	PF00069	1
8xfy	B	P51812	PF00069	1
8xfy	C	P51812	PF00069	1
8xfy	D	P51812	PF00069	1
8xfy	E	P51812	PF00069	1
8xfy	F	P51812	PF00069	1
8xfy	G	P51812	PF00069	1
8xfy	H	P51812	PF00069	1
8xfy	I	P51812	PF00069	1
8xfy	J	P51812	PF00069	1
8xjs	A	P06213	PF07714	1
8xjs	B	P06213	PF07714	1
8xk1	A	P06213	PF07714	1
8xk1	B	P06213	PF07714	1
8xkm	A	P06213	PF07714	1
8xkm	B	P06213	PF07714	1
8xkp	A	P07332	PF07714	1
8xkr	A	P06213	PF07714	1
8xkr	B	P06213	PF07714	1
8xlo	A	P11362	PF07714	1
8xlo	B	P11362	PF07714	1
8xlq	A	P22455	PF07714	1
8xn6	A	P49841	PF00069	1
8xn6	B	P49841	PF00069	1
8xn7	A	Q92918	PF00069	1
8xn7	B	Q92918	PF00069	1
8xn8	A	P05480	PF07714	1
8xov	A	Q15418	PF00069	1
8xox	A	Q14289	PF07714	1
8xpv	A	P29317	PF07714	1
8xpz	A	Q5TCY1	PF00069	1
8xq0	A	P43405	PF07714	1
8xq0	B	P43405	PF07714	1
8xq0	C	P43405	PF07714	1
8xq0	D	P43405	PF07714	1
8xq1	A	P43405	PF07714	1
8xq1	B	P43405	PF07714	1
8xq2	A	P43405	PF07714	1
8xq2	B	P43405	PF07714	1
8xrr	A	A0A0B4J203	PF07714	0.799
8xu4	A	P49137	PF00069	1
8xu4	B	P49137	PF00069	1
8xu4	C	P49137	PF00069	1
8xu4	D	P49137	PF00069	1
8xu4	E	P49137	PF00069	1
8xu4	F	P49137	PF00069	1
8xu4	G	P49137	PF00069	1
8xu4	H	P49137	PF00069	1
8xu4	I	P49137	PF00069	1
8xu4	J	P49137	PF00069	1
8xu4	K	P49137	PF00069	1
8xu4	L	P49137	PF00069	1
8xx1	A	P49137	PF00069	1
8xy7	C	Q16816	PF00069	1
8xya	C	Q16816	PF00069	1
8xyb	C	Q16816	PF00069	1
8xz7	A	P11362	PF07714	1
8xz7	B	P11362	PF07714	1
8y22	A	P11362	PF07714	1
8y22	B	P11362	PF07714	1
8y68	A	O14936	PF00069	1
8y68	B	O14936	PF00069	1
8y6o	Q	Q13523	PF00069	1
8yd9	A	Q16539	PF00069	1
8yev	A	Q13627	PF00069	1
8yev	B	Q13627	PF00069	1
8ygw	A	Q15759	PF00069	1
8ygx	A	Q14289	PF07714	1
8ygz	A	P37173	PF07714	1
8yhf	A	P36897	PF00069	1
8yhk	A	O96013	PF00069	1
8yhl	A	P36897	PF00069	1
8yhw	A	Q99558	PF00069	1
8yhw	B	Q99558	PF00069	1
8yhw	C	Q99558	PF00069	1
8yhw	D	Q99558	PF00069	1
8yki	A	P11362	PF07714	1
8yki	B	P11362	PF07714	1
8yng	A	P24941	PF00069	1
8yp4	A	Q02750	PF00069	1
8yp4	B	Q02750	PF00069	1
8yp5	A	P45985	PF00069	1
8yp8	A	P47811	PF00069	1
8ype	A	P47811	PF00069	1
8ypf	A	P47811	PF00069	1
8ypw	A	P24941	PF00069	1
8yqe	A	P24941	PF00069	1
8ysz	A	P06213	PF07714	1
8ysz	B	P06213	PF07714	1
8yvv	A	Q06187	PF07714	1
8yvv	B	Q06187	PF07714	1
8yyl	A	P06213	PF07714	1
8yyl	B	P06213	PF07714	1
8yys	A	P06213	PF07714	1
8yys	B	P06213	PF07714	1
8yyt	A	P06213	PF07714	1
8yyt	B	P06213	PF07714	1
8z5m	C	Q16816	PF00069	1
8z5p	C	Q16816	PF00069	1
8z5p	G	Q16816	PF00069	1
8z5q	C	Q16816	PF00069	1
8z5q	G	Q16816	PF00069	1
8z5q	K	Q16816	PF00069	1
8z5q	O	Q16816	PF00069	1
8z5r	C	Q16816	PF00069	1
8z5t	C	Q16816	PF00069	1
8z5t	G	Q16816	PF00069	1
8z5t	K	Q16816	PF00069	1
8z5t	O	Q16816	PF00069	1
8zh5	A	Q13464	PF00069	1
8zjv	A	P28482	PF00069	1
8zkd	A	Q04912	PF07714	1
8zml	A	Q9UKE5	PF00069	1
8zml	B	Q9UKE5	PF00069	1
8ztx	A	Q99640	PF00069	1
8zu2	A	Q99640	PF00069	1
8zud	A	Q99640	PF00069	1
8zul	A	Q99640	PF00069	1
9av6	A	A2F9N1	PF00069	1
9av7	A	A2F9N1	PF00069	1
9axa	A	P04049	PF07714	1
9axa	B	Q02750	PF00069	1
9axa	C	P04049	PF07714	1
9axa	D	Q02750	PF00069	1
9axc	A	P04049	PF07714	1
9axc	B	Q02750	PF00069	1
9axc	C	P04049	PF07714	1
9axc	D	Q02750	PF00069	1
9axh	A	Q02750	PF00069	0.85
9axh	B	Q02750	PF00069	0.85
9axh	C	Q8IVT5	PF07714	1
9axh	D	Q8IVT5	PF07714	1
9axm	A	Q02750	PF00069	0.85
9axm	B	P10398	PF07714	1
9axm	C	Q02750	PF00069	0.85
9axm	D	P10398	PF07714	1
9axx	A	Q02750	PF00069	0.85
9axx	B	P15056	PF07714	1
9axx	C	Q02750	PF00069	0.85
9axx	D	P15056	PF07714	1
9axy	A	P15056	PF07714	1
9axy	B	Q02750	PF00069	1
9ay7	A	P04049	PF07714	1
9ay7	B	Q02750	PF00069	1
9aya	A	P04049	PF07714	1
9aya	B	Q02750	PF00069	0.85
9aya	C	P04049	PF07714	1
9aya	D	Q02750	PF00069	0.85
9b3s	A	P48730	PF00069	1
9b3s	B	P48730	PF00069	1
9bcl	A	P16066	PF07714	1
9bcl	B	P16066	PF07714	1
9bcn	A	P16066	PF07714	1
9bcn	B	P16066	PF07714	1
9bco	A	P16066	PF07714	1
9bco	B	P16066	PF07714	1
9bcp	A	P16066	PF07714	1
9bcp	B	P16066	PF07714	1
9bcq	A	P16066	PF07714	1
9bcq	B	P16066	PF07714	1
9bcs	A	P16066	PF07714	1
9bcs	B	P16066	PF07714	1
9bcv	A	P16066	PF07714	1
9bcv	B	P16066	PF07714	1
9bfb	A	P15056	PF07714	1
9bhi	A	Q12866	PF07714	1
9bhj	A	Q12866	PF07714	1
9bhk	A	Q12866	PF07714	1
9bi8	A	Q92918	PF00069	1
9bi8	B	Q92918	PF00069	1
9bik	A	Q92918	PF00069	1
9bik	B	Q92918	PF00069	1
9bj1	A	Q92918	PF00069	1
9bj1	B	Q92918	PF00069	1
9bjc	A	P24941	PF00069	1
9blh	A	Q13557	PF00069	1
9blh	B	Q13557	PF00069	1
9bp8	A	P15056	PF07714	1
9bre	A	P34947	PF00069	1
9brf	A	P34947	PF00069	1
9brg	A	P34947	PF00069	1
9brh	A	P34947	PF00069	1
9bri	A	P34947	PF00069	1
9brj	A	P34947	PF00069	1
9brk	A	P34947	PF00069	1
9brl	A	P34947	PF00069	1
9brm	A	P34947	PF00069	1
9brn	A	P34947	PF00069	1
9bro	A	P34947	PF00069	1
9brp	A	P34947	PF00069	1
9bt8	C	P00523	PF07714	1
9by4	A	P00533	PF07714	1
9by6	A	P00533	PF07714	1
9byj	A	P08631	PF07714	1
9bzg	A	O14965	PF00069	1
9bzl	B	O14965	PF00069	1
9c1r	A	P08581	PF07714	1
9c1w	A	P31751	PF00069	1
9c82	A	Q99570	PF00069	1
9cd5	A	P11362	PF07714	1
9cd5	B	P11362	PF07714	1
9cd7	A	P22607	PF07714	1
9cd7	B	P22607	PF07714	1
9cd7	C	P22607	PF07714	1
9cdx	A	Q12852	PF07714	1
9cdy	A	Q12852	PF07714	1
9ce4	A	O14757	PF00069	1
9cho	A	Q5S007	PF00069	1
9ci3	A	Q5S007	PF00069	1
9cj1	A	Q16539	PF00069	1
9cj2	A	Q16539	PF00069	1
9cj2	B	Q16539	PF00069	1
9cj3	A	Q16539	PF00069	1
9cj4	A	Q16539	PF00069	1
9cj5	A	Q16539	PF00069	1
9cko	A	P34947	PF00069	1
9ckp	A	P34947	PF00069	1
9ckq	A	P34947	PF00069	1
9ckr	A	P34947	PF00069	1
9cks	A	P34947	PF00069	1
9cmz	A	Q8IDW1	PF00069	1
9cmz	B	Q8IDW1	PF00069	1
9cmz	C	Q8IDW1	PF00069	1
9csk	B	P11802	PF00069	0.99
9csk	D	P11802	PF00069	0.99
9cy5	A	Q13627	PF00069	1
9cy5	B	Q13627	PF00069	1
9czt	A	Q92918	PF00069	1
9czt	B	Q92918	PF00069	1
9czu	A	Q92918	PF00069	1
9czu	B	Q92918	PF00069	1
9czu	C	Q92918	PF00069	1
9czu	D	Q92918	PF00069	1
9czw	A	Q92918	PF00069	1
9czw	B	Q92918	PF00069	1
9czx	A	Q92918	PF00069	1
9czx	B	Q92918	PF00069	1
9d00	A	Q92918	PF00069	1
9d00	B	Q92918	PF00069	1
9d00	C	Q92918	PF00069	1
9d00	D	Q92918	PF00069	1
9d0p	A	P53350	PF00069	1
9d0q	A	P30291	PF00069	1
9d0q	B	P30291	PF00069	1
9d0r	A	P30291	PF00069	1
9d0s	A	P30291	PF00069	1
9d0u	A	P24941	PF00069	1
9d0v	A	P24941	PF00069	1
9d0w	C	P24941	PF00069	1
9d0x	C	P24941	PF00069	1
9d1x	A	P22607	PF07714	0.957
9d3f	A	Q9JIH7	PF00069	1
9d3v	A	P00533	PF07714	1
9d3w	A	P00533	PF07714	1
9d4v	A	Q13153	PF00069	1
9d4v	B	Q13153	PF00069	1
9d4w	A	Q13153	PF00069	1
9d4w	B	Q13153	PF00069	1
9d4x	A	Q13153	PF00069	1
9d4x	B	Q13153	PF00069	1
9d4y	A	Q13153	PF00069	1
9d4y	B	Q13153	PF00069	1
9d50	A	Q13153	PF00069	1
9d50	B	Q13153	PF00069	1
9d51	A	Q13177	PF00069	1
9d51	B	Q13177	PF00069	1
9d52	A	O96013	PF00069	1
9d53	A	O96013	PF00069	1
9d5e	A	Q13418	PF07714	1
9d5f	A	Q13418	PF07714	1
9d5g	AAAA	Q13418	PF07714	1
9d5h	A	Q13418	PF07714	1
9d5i	A	Q13418	PF07714	1
9d5p	A	Q13418	PF07714	1
9d6p	A	Q16539	PF00069	0.989
9d75	A	Q16539	PF00069	0.989
9d7n	A	Q16539	PF00069	0.989
9d7q	A	Q9BYP7	PF00069	1
9d7q	B	Q9BYP7	PF00069	1
9d8e	A	Q04771	PF07714	1
9d8e	B	Q04771	PF07714	1
9d8f	A	Q04771	PF07714	1
9d8f	B	Q04771	PF07714	1
9d8g	A	Q16539	PF00069	1
9d8s	A	A3FQ16	PF00069	1
9d8u	A	Q00534	PF00069	1
9d8z	A	Q04771	PF07714	1
9d8z	B	Q04771	PF07714	1
9dai	A	P04629	PF07714	1
9dc6	A	P17612	PF00069	1
9dc6	B	P17612	PF00069	1
9dcd	A	P17612	PF00069	1
9df2	A	P00533	PF07714	1
9df3	A	P00533	PF07714	1
9df4	A	P00533	PF07714	1
9dm8	A	P00533	PF07714	1
9dmi	A	Q5S007	PF00069	1
9dn6	C	P06213	PF07714	1
9dn6	D	P06213	PF07714	1
9dni	C	P06213	PF07714	1
9dni	D	P06213	PF07714	1
9dnn	A	P15208	PF07714	1
9dnn	B	P15208	PF07714	1
9dub	A	P53355	PF00069	1
9due	A	P53355	PF00069	1
9dw4	K	P00517	PF00069	1
9dw5	G	P00517	PF00069	1
9dw7	G	P00517	PF00069	1
9dw7	K	P00517	PF00069	1
9dw8	G	P00517	PF00069	1
9dw9	G	P00517	PF00069	1
9dzf	A	P16066	PF07714	1
9dzf	B	P16066	PF07714	1
9dzg	A	P16066	PF07714	1
9dzg	B	P16066	PF07714	1
9dzh	A	P16066	PF07714	1
9dzh	B	P16066	PF07714	1
9dzj	A	P16066	PF07714	1
9dzj	B	P16066	PF07714	1
9dzk	A	P16066	PF07714	1
9dzk	B	P16066	PF07714	1
9ecu	A	P15056	PF07714	1
9ecu	B	Q02750	PF00069	1
9edc	A	P17612	PF00069	1
9edd	A	P17612	PF00069	1
9ede	A	P17612	PF00069	1
9edv	A	A0A1D8PKB4	PF00069	1
9edw	A	A0A1D8PKB4	PF00069	1
9edx	A	A0A1D8PKB4	PF00069	1
9edy	A	A0A1D8PKB4	PF00069	1
9ef1	A	P09208	PF07714	1
9ef1	B	P09208	PF07714	1
9ef4	A	P09208	PF07714	1
9ef4	B	P09208	PF07714	1
9ef5	A	P09208	PF07714	1
9ef5	B	P09208	PF07714	1
9ef9	A	P09208	PF07714	1
9ef9	B	P09208	PF07714	1
9eih	A	Q9BXM7	PF00069	1
9eih	B	Q9BXM7	PF00069	1
9eii	B	Q9BXM7	PF00069	1
9eij	B	Q9BXM7	PF00069	1
9ejj	A	P35991	PF07714	1
9ejj	B	P35991	PF07714	1
9ejk	B	P41743	PF00069	1
9ejl	B	P41743	PF00069	1
9ejm	B	P41743	PF00069	1
9ejr	A	P35991	PF07714	1
9ejr	B	P35991	PF07714	1
9ejs	A	P35991	PF07714	1
9ejs	B	P35991	PF07714	1
9ejs	C	P35991	PF07714	1
9ejx	A	P35991	PF07714	1
9ep8	A	O75116	PF00069	1
9ep8	B	O75116	PF00069	1
9ep8	C	O75116	PF00069	1
9ep8	D	O75116	PF00069	1
9epu	A	O76039	PF00069	1
9epv	A	P68400	PF00069	1
9epv	B	P68400	PF00069	1
9epw	B	P68400	PF00069	1
9epx	A	P68400	PF00069	1
9epx	B	P68400	PF00069	1
9epy	A	P68400	PF00069	1
9epy	B	P68400	PF00069	1
9epz	A	P68400	PF00069	1
9epz	B	P68400	PF00069	1
9eq0	A	P68400	PF00069	1
9eq0	B	P68400	PF00069	1
9eq1	A	P68400	PF00069	1
9eq1	B	P68400	PF00069	1
9esa	AAA	Q9UQB9	PF00069	1
9esa	BBB	Q9UQB9	PF00069	1
9esj	A	P24941	PF00069	1
9esj	C	P24941	PF00069	1
9esk	A	P24941	PF00069	1
9esk	C	P24941	PF00069	1
9esl	A	P24941	PF00069	1
9esl	C	P24941	PF00069	1
9esn	A	P24941	PF00069	1
9esn	C	P24941	PF00069	1
9eso	A	P24941	PF00069	1
9eso	C	P24941	PF00069	1
9esp	A	P24941	PF00069	1
9esp	C	P24941	PF00069	1
9esq	A	P24941	PF00069	1
9esq	C	P24941	PF00069	1
9esr	A	P24941	PF00069	1
9esr	C	P24941	PF00069	1
9ess	A	P24941	PF00069	1
9ess	C	P24941	PF00069	1
9esu	A	P24941	PF00069	1
9esu	C	P24941	PF00069	1
9esv	A	P24941	PF00069	1
9esv	C	P24941	PF00069	1
9esw	A	P24941	PF00069	1
9esw	C	P24941	PF00069	1
9esx	A	P24941	PF00069	1
9esx	C	P24941	PF00069	1
9esy	A	P24941	PF00069	1
9esy	C	P24941	PF00069	1
9esz	A	P24941	PF00069	1
9esz	C	P24941	PF00069	1
9et0	A	P24941	PF00069	1
9et0	C	P24941	PF00069	1
9et1	A	P24941	PF00069	1
9et1	C	P24941	PF00069	1
9et2	A	P24941	PF00069	1
9et2	C	P24941	PF00069	1
9et3	A	P24941	PF00069	1
9et3	C	P24941	PF00069	1
9et4	A	P24941	PF00069	1
9et4	C	P24941	PF00069	1
9et5	A	P24941	PF00069	1
9et5	C	P24941	PF00069	1
9et6	A	P24941	PF00069	1
9et6	C	P24941	PF00069	1
9et7	A	P24941	PF00069	1
9et7	C	P24941	PF00069	1
9et8	A	P24941	PF00069	1
9et8	C	P24941	PF00069	1
9et9	A	P24941	PF00069	1
9et9	C	P24941	PF00069	1
9eta	A	P24941	PF00069	1
9eta	C	P24941	PF00069	1
9etb	A	P24941	PF00069	1
9etb	C	P24941	PF00069	1
9etp	A	P24941	PF00069	1
9etp	C	P24941	PF00069	1
9ews	A	P00533	PF07714	1
9ewt	A	P00533	PF07714	1
9ewt	B	P00533	PF07714	1
9ez3	A	P49761	PF00069	1
9ezg	A	P68400	PF00069	1
9ezg	B	P68400	PF00069	1
9f31	A	Q14680	PF00069	1
9f32	A	O75385	PF00069	1
9f3v	A	O43353	PF07714	1
9f3v	B	O43353	PF07714	1
9f58	A	P15442	PF00069	1
9f58	C	P15442	PF00069	1
9f58	D	P15442	PF00069	1
9f58	E	P15442	PF00069	1
9f58	H	P15442	PF00069	1
9f58	I	P15442	PF00069	1
9f6x	A	P36897	PF00069	1
9fbi	A	P19784	PF00069	1
9fbi	B	P19784	PF00069	1
9fbl	A	P68400	PF00069	1
9fbl	B	P68400	PF00069	1
9fbl	C	P68400	PF00069	1
9fbm	A	P68400	PF00069	1
9fbm	B	P68400	PF00069	1
9fbm	C	P68400	PF00069	1
9fet	A	Q86Y07	PF00069	1
9fmo	A	M1UWB5	PF00069	1
9fmp	A	M1UWB5	PF00069	1
9fmp	B	M1UWB5	PF00069	1
9fmq	A	M1UWB5	PF00069	0.997
9fmr	B	Q9NYV4	PF00069	1
9fmr	E	Q9NYV4	PF00069	1
9fmr	H	Q9NYV4	PF00069	1
9fpd	A	O43318	PF07714	1
9fpx	A	Q13627	PF00069	1
9fpx	B	Q13627	PF00069	1
9fqp	A	P00533	PF07714	1
9fqr	2	F1N2S7	PF00069	1
9fqr	4	F1N2S7	PF00069	1
9fqr	Ef	F1N2S7	PF00069	1
9fqr	Er	A0A3Q1M5T5	PF00069	1
9fqr	G9	A0A3Q1M5T5	PF00069	1
9fqr	XZ	F1N2S7	PF00069	1
9fqr	Xt	P00517	PF00069	1
9fqr	x	F1N2S7	PF00069	1
9fqs	A	P00533	PF07714	1
9fr2	A	P24941	PF00069	1
9fr5	A	P49841	PF00069	1
9fr5	B	P49841	PF00069	1
9fr6	A	P49841	PF00069	1
9fr6	B	P49841	PF00069	1
9fr7	A	P49841	PF00069	1
9fr7	B	P49841	PF00069	1
9fr8	A	P49841	PF00069	1
9fr8	B	P49841	PF00069	1
9fr9	A	P49841	PF00069	1
9fr9	B	P49841	PF00069	1
9frd	A	P00533	PF07714	1
9ft2	A	Q13627	PF00069	1
9ft3	A	Q13627	PF00069	1
9ft4	A	Q13627	PF00069	1
9ft6	A	Q13627	PF00069	1
9ft9	A	P45983	PF00069	1
9fuf	A	Q13627	PF00069	1
9fyf	A	P68400	PF00069	1
9fyf	B	P68400	PF00069	1
9fzr	A	P00533	PF07714	1
9fzs	A	P00533	PF07714	1
9gbe	A	Q9UM73	PF07714	1
9gc4	A	P00533	PF07714	1
9gc4	B	P00533	PF07714	1
9gc4	D	P00533	PF07714	1
9gc5	A	P00533	PF07714	1
9gc5	B	P00533	PF07714	1
9gc6	A	P00533	PF07714	1
9gc6	B	P00533	PF07714	1
9gcw	A	P68400	PF00069	1
9gdv	A	P00533	PF07714	1
9gdv	B	P00533	PF07714	1
9gfz	A	Q6UD73	PF07714	1
9gfz	B	Q6UD73	PF07714	1
9ghr	A	P00533	PF07714	1
9ghs	A	P00533	PF07714	1
9ght	A	P00533	PF07714	1
9ghu	A	P00533	PF07714	1
9ghv	A	P00533	PF07714	1
9gi9	A	P00533	PF07714	1
9gl7	A	P00533	PF07714	1
9gl8	A	P00533	PF07714	1
9gl9	A	P00533	PF07714	1
9gla	A	P24941	PF00069	1
9gno	A	P24941	PF00069	1
9gop	A	P24941	PF00069	1
9gow	A	O75460	PF00069	1
9gow	B	O75460	PF00069	1
9gow	C	O75460	PF00069	1
9gow	D	O75460	PF00069	1
9gp3	A	P24941	PF00069	1
9gtg	A	Q13546	PF07714	1
9gtg	B	Q13546	PF07714	1
9gty	A	Q13546	PF07714	1
9gty	B	Q13546	PF07714	1
9guc	A	O14965	PF00069	1
9gxy	A	P19784	PF00069	1
9gzh	A	P16234	PF07714	0.799
9h42	A	P00533	PF07714	1
9h46	A	P00533	PF07714	1
9h47	A	P00533	PF07714	1
9h59	C	Q8TDX7	PF00069	1
9h8c	A	P49336	PF00069	1
9h8d	A	Q92918	PF00069	1
9h8e	A	Q92918	PF00069	1
9h8f	A	Q92918	PF00069	1
9h8s	A	P49336	PF00069	1
9h96	A	P19784	PF00069	1
9h97	A	P68400	PF00069	1
9h9d	A	P68400	PF00069	1
9h9d	B	P68400	PF00069	1
9hbo	A	P00533	PF07714	1
9hbo	B	P00533	PF07714	1
9hfp	A	O75116	PF00069	1
9hhw	A	Q5TCY1	PF00069	1
9hiu	B	P24941	PF00069	1
9hiw	B	P24941	PF00069	1
9hix	J	P50613	PF00069	1
9hiy	J	P50613	PF00069	1
9hj0	J	P50613	PF00069	1
9hj1	B	P24941	PF00069	1
9hjq	A	O75116	PF00069	1
9hjq	B	O75116	PF00069	1
9hk5	A	P19784	PF00069	1
9hkp	A	P68400	PF00069	1
9hkp	B	P68400	PF00069	1
9hks	A	P68400	PF00069	1
9hks	B	P68400	PF00069	1
9hl0	A	P68400	PF00069	1
9hl0	B	P68400	PF00069	1
9hl7	B	P68400	PF00069	1
9hl7	C	P68400	PF00069	1
9hm1	A	P49841	PF00069	1
9hph	A	P68400	PF00069	1
9hph	B	P68400	PF00069	1
9hrc	A	Q9HBH9	PF00069	1
9huk	A	P49841	PF00069	1
9huk	B	P49841	PF00069	1
9hul	A	P49841	PF00069	1
9hul	B	P49841	PF00069	1
9hv3	A	P49841	PF00069	1
9hv3	B	P49841	PF00069	1
9hxu	A	P68400	PF00069	1
9hxu	B	P68400	PF00069	1
9hy8	A	Q13546	PF07714	1
9hy8	B	Q13546	PF07714	1
9hy9	A	Q13546	PF07714	1
9hy9	B	Q13546	PF07714	1
9hyh	A	P68400	PF00069	1
9hyh	B	P68400	PF00069	1
9hz0	A	O14733	PF00069	1
9hzh	A	P68400	PF00069	1
9hzh	B	P68400	PF00069	1
9i0z	A	P68400	PF00069	1
9i10	A	P68400	PF00069	1
9i11	A	P68400	PF00069	1
9i12	A	P68400	PF00069	1
9i13	A	P68400	PF00069	1
9i17	A	P68400	PF00069	1
9i9i	J	P50613	PF00069	1
9i9i	K	P21127	PF00069	1
9i9j	J	P50613	PF00069	1
9i9j	K	P24941	PF00069	1
9i9k	J	P50613	PF00069	1
9i9k	K	P24941	PF00069	1
9ic2	A	P54646	PF00069	1
9ihg	A	P19784	PF00069	1
9ihi	A	P19784	PF00069	1
9iic	A	Q13043	PF00069	1
9iic	B	Q13043	PF00069	1
9ijj	4Z	Q3UYH7	PF00069	1
9inv	A	P53355	PF00069	1
9inw	A	P53355	PF00069	1
9inx	A	P53355	PF00069	1
9irl	A	P12931	PF07714	1
9ivb	A	P08581	PF07714	1
9ivb	B	P08581	PF07714	1
9iww	A	Q9QZL0	PF00069	1
9iww	B	Q9QZL0	PF00069	1
9iwx	A	Q9QZL0	PF00069	1
9iwx	B	Q9QZL0	PF00069	1
9iwy	A	Q9QZL0	PF00069	1
9iwy	B	Q9QZL0	PF00069	1
9iwz	A	Q9QZL0	PF00069	1
9iwz	B	Q9QZL0	PF00069	1
9ix0	A	Q9QZL0	PF00069	1
9ix0	B	Q9QZL0	PF00069	1
9ix1	A	Q9QZL0	PF00069	1
9ix1	B	Q9QZL0	PF00069	1
9ix2	A	Q9QZL0	PF00069	1
9ix2	B	Q9QZL0	PF00069	1
9ix3	A	Q9QZL0	PF00069	1
9ix3	B	Q9QZL0	PF00069	1
9j9d	A	P36897	PF00069	1
9jcu	A	O75116	PF00069	1
9jcu	B	O75116	PF00069	1
9jcu	C	O75116	PF00069	1
9jcu	D	O75116	PF00069	1
9jj5	A	P24941	PF00069	1
9jk1	A	Q9NYV4	PF00069	1
9jk1	B	Q9NYV4	PF00069	1
9jq1	A	P00533	PF07714	1
9k0i	A	P22455	PF07714	1
9k0j	A	P22455	PF07714	1
9kds	A	O14965	PF00069	1
9kfu	A	P22607	PF07714	1
9kl4	A	P00533	PF07714	1
9klw	A	P00533	PF07714	1
9kmr	C	Q9BXM7	PF00069	1
9kox	C	Q9BXM7	PF00069	1
9kqn	C	Q9BXM7	PF00069	1
9kqy	A	Q92630	PF00069	1
9kqy	B	Q92630	PF00069	1
9krj	A	Q61214	PF00069	1
9krj	B	Q61214	PF00069	1
9kry	A	Q12866	PF07714	1
9kry	B	Q12866	PF07714	1
9krz	A	Q12866	PF07714	1
9krz	B	Q12866	PF07714	1
9ks5	A	P00519	PF07714	1
9ks5	B	P00519	PF07714	1
9ks6	A	O14965	PF00069	1
9ks9	A	Q12866	PF07714	1
9ks9	B	Q12866	PF07714	1
9l04	A	Q04771	PF07714	1
9lbf	A	Q13177	PF00069	1
9lbf	B	Q13177	PF00069	1
9lbg	A	Q13177	PF00069	1
9lbg	B	Q13177	PF00069	1
9lfu	A	Q9Y572	PF00069	1
9lfu	B	Q9Y572	PF00069	1
9lfv	A	Q9QZL0	PF00069	1
9lfv	B	Q9QZL0	PF00069	1
9lfv	C	Q9QZL0	PF00069	1
9lfv	D	Q9QZL0	PF00069	1
9lfw	A	Q9QZL0	PF00069	1
9lgl	A	Q99640	PF00069	1
9lgl	B	Q99640	PF00069	1
9lgn	A	Q99640	PF00069	1
9lgn	B	Q99640	PF00069	1
9lgv	A	Q99640	PF00069	1
9lgv	B	Q99640	PF00069	1
9lid	A	Q99640	PF00069	1
9lid	B	Q99640	PF00069	1
9lnr	A	P28482	PF00069	1
9lta	A	Q13164	PF00069	1
9lta	B	Q13164	PF00069	1
9lvg	A	Q9QZL0	PF00069	1
9lvg	B	Q9QZL0	PF00069	1
9lvh	A	Q9QZL0	PF00069	1
9lvh	B	Q9QZL0	PF00069	1
9m1z	A	P52564	PF00069	1
9m1z	B	P52564	PF00069	1
9m1z	C	P52564	PF00069	1
9m1z	D	P52564	PF00069	1
9m41	A	Q13177	PF00069	1
9m41	B	Q13177	PF00069	1
9m5y	A	O14936	PF00069	1
9m6g	A	O14936	PF00069	1
9m6p	AAA	Q99640	PF00069	1
9m6p	BBB	Q99640	PF00069	1
9mc0	A	Q92630	PF00069	1
9mc0	B	Q92630	PF00069	1
9me2	A	P35991	PF07714	1
9me3	A	P35991	PF07714	1
9mhb	A	Q16539	PF00069	1
9mhf	A	Q99570	PF00069	1
9mhg	A	Q99570	PF00069	1
9mhh	A	Q99570	PF00069	1
9mi4	A	A3FQ16	PF00069	1
9mi5	A	A3FQ16	PF00069	1
9miu	A	P53355	PF00069	1
9mmp	A	P04049	PF07714	1
9mmp	B	Q02750	PF00069	1
9mmq	A	P04049	PF07714	1
9mmq	B	Q02750	PF00069	1
9mmr	A	P04049	PF07714	1
9mmr	B	Q02750	PF00069	1
9mms	A	P04049	PF07714	1
9mms	B	Q02750	PF00069	1
9msr	A	P00533	PF07714	1
9mss	A	P00533	PF07714	1
9mst	A	P00533	PF07714	1
9mx2	A	P34947	PF00069	1
9mzx	A	Q13546	PF07714	1
9mzx	B	Q13546	PF07714	1
9mzy	A	Q13546	PF07714	1
9mzy	B	Q13546	PF07714	1
9mzz	A	Q13546	PF07714	1
9mzz	B	Q13546	PF07714	1
9n1t	A	P53355	PF00069	1
9n2m	A	P53355	PF00069	1
9n2o	A	P53355	PF00069	1
9n48	A	Q13153	PF00069	1
9n48	B	Q13153	PF00069	1
9n4u	A	Q13153	PF00069	1
9n4u	B	Q13153	PF00069	1
9n7r	A	Q92918	PF00069	1
9n7r	B	Q92918	PF00069	1
9n88	A	O75460	PF00069	1
9n88	E	O75460	PF00069	1
9n9x	A	Q92918	PF00069	1
9n9x	B	Q92918	PF00069	1
9na2	A	Q9NWZ3	PF07714	1
9na2	B	Q9NWZ3	PF07714	1
9na3	A	Q9NWZ3	PF07714	1
9na3	H0A0	Q9NWZ3	PF07714	1
9na4	A	Q9NWZ3	PF07714	1
9na4	B	Q9NWZ3	PF07714	1
9na4	C	Q9NWZ3	PF07714	1
9na4	D	Q9NWZ3	PF07714	1
9na5	A	Q9NWZ3	PF07714	1
9na5	B	Q9NWZ3	PF07714	1
9na5	C	Q9NWZ3	PF07714	1
9na5	D	Q9NWZ3	PF07714	1
9na6	A	Q9NWZ3	PF07714	1
9na6	B	Q9NWZ3	PF07714	1
9na6	C	Q9NWZ3	PF07714	1
9na6	D	Q9NWZ3	PF07714	1
9nac	A	Q92918	PF00069	1
9nac	B	Q92918	PF00069	1
9nbs	A	Q92918	PF00069	1
9nbs	B	Q92918	PF00069	1
9nbx	A	Q13153	PF00069	1
9nbx	B	Q13153	PF00069	1
9nc2	A	Q92918	PF00069	1
9nc2	B	Q92918	PF00069	1
9nd3	A	O60674	PF07714	1
9nd5	A	O60674	PF07714	1
9nfq	C	Q8TDX7	PF00069	1
9nfs	A	P17612	PF00069	1
9nfs	B	P17612	PF00069	1
9ngp	A	P00533	PF07714	1
9nhw	A	P00533	PF07714	1
9nis	A	P00533	PF07714	1
9nj7	A	P00533	PF07714	1
9njn	A	P00533	PF07714	1
9nm0	A	P00533	PF07714	1
9ns0	A	P12931	PF07714	1
9ns1	A	P12931	PF07714	1
9ntp	A	P00533	PF07714	1
9ntr	A	A3FQ16	PF00069	1
9nts	A	A3FQ16	PF00069	1
9ntx	A	A3FQ16	PF00069	1
9nty	A	A3FQ16	PF00069	1
9ntz	A	A3FQ16	PF00069	1
9nu0	A	A3FQ16	PF00069	1
9nwx	A	Q08881	PF07714	1
9nyq	A	P24941	PF00069	1
9nyr	D	P24941	PF00069	1
9nyt	A	Q16539	PF00069	1
9nzk	A	A0A8H6C375	PF00069	1
9nzl	A	A0A8H6C375	PF00069	1
9o0u	A	P04049	PF07714	1
9o0u	B	Q02750	PF00069	1
9o0u	C	P04049	PF07714	1
9o0u	D	Q02750	PF00069	1
9o0u	E	P04049	PF07714	1
9o0u	F	Q02750	PF00069	1
9o0u	G	P04049	PF07714	1
9o0u	H	Q02750	PF00069	1
9o0v	A	P04049	PF07714	1
9o0v	B	Q02750	PF00069	1
9o0v	C	P04049	PF07714	1
9o0v	D	Q02750	PF00069	1
9o0v	E	P04049	PF07714	1
9o0v	F	Q02750	PF00069	1
9o0v	G	P04049	PF07714	1
9o0v	H	Q02750	PF00069	1
9o2z	A	P15056	PF07714	1
9o2z	B	Q02750	PF00069	1
9o4l	A	Q16539	PF00069	1
9o63	A	O00444	PF00069	1
9o73	A	P53355	PF00069	1
9o7v	A	P05132	PF00069	1
9ob2	A	P24941	PF00069	1
9ob3	A	P24941	PF00069	1
9ob4	A	P24941	PF00069	1
9ob5	A	P24941	PF00069	1
9ob6	A	P24941	PF00069	1
9om2	A	Q5S007	PF00069	1
9opj	Z	Q9NWZ3	PF07714	1
9opk	A	Q9NWZ3	PF07714	1
9opk	B	Q9NWZ3	PF07714	1
9opk	C	Q9NWZ3	PF07714	1
9opk	D	Q9NWZ3	PF07714	1
9os6	A	P00533	PF07714	1
9oty	C	P48729	PF00069	1
9ou9	A	P00533	PF07714	1
9oxh	A	Q5S007	PF00069	1
9oxi	A	Q5S007	PF00069	1
9oya	B	Q5S007	PF00069	1
9oyz	B	F1NQL9	PF07714	1
9oz1	A	F1NQL9	PF07714	1
9oz6	B	F1NQL9	PF07714	1
9ozc	A	F1NQL9	PF07714	1
9ozh	D	F1NQL9	PF07714	1
9ozi	A	F1NQL9	PF07714	1
9p6a	A	Q9Y2U5	PF00069	1
9p6a	B	Q9Y2U5	PF00069	1
9p74	A	A5K0N4	PF00069	1
9p75	A	A5K0N4	PF00069	1
9p9u	A	P00533	PF07714	1
9pc1	E	P05132	PF00069	1
9pe7	A	Q00534	PF00069	1
9pe8	A	Q00534	PF00069	1
9pe9	A	P49841	PF00069	1
9pe9	B	P49841	PF00069	1
9pmz	A	P00533	PF07714	1
9pss	A	Q9NWZ3	PF07714	1
9pss	B	Q9NWZ3	PF07714	1
9pst	A	Q9NWZ3	PF07714	1
9pst	B	Q9NWZ3	PF07714	1
9pst	C	Q9NWZ3	PF07714	1
9pst	D	Q9NWZ3	PF07714	1
9psu	A	Q9NWZ3	PF07714	1
9psu	B	Q9NWZ3	PF07714	1
9psu	C	Q9NWZ3	PF07714	1
9psu	D	Q9NWZ3	PF07714	1
9puv	A	P06213	PF07714	1
9puv	C	P06213	PF07714	1
9q0s	A	P00533	PF07714	1
9q31	A	Q13546	PF07714	1
9q31	B	Q13546	PF07714	1
9q32	A	Q13546	PF07714	1
9q32	B	Q13546	PF07714	1
9q32	C	Q13546	PF07714	1
9q32	D	Q13546	PF07714	1
9q3n	B	Q00535	PF00069	1
9q3o	B	Q00535	PF00069	1
9q5b	A	Q16539	PF00069	1
9q8c	A	P19784	PF00069	1
9q8q	A	P19784	PF00069	1
9q9a	A	P19784	PF00069	1
9q9b	A	P19784	PF00069	1
9q9c	A	P19784	PF00069	1
9q9d	A	P19784	PF00069	1
9q9g	A	P19784	PF00069	1
9q9t	A	O75116	PF00069	1
9q9t	B	O75116	PF00069	1
9q9t	C	O75116	PF00069	1
9q9t	D	O75116	PF00069	1
9qab	A	P19784	PF00069	1
9qag	A	P19784	PF00069	1
9qak	A	P19784	PF00069	1
9qb0	A	P19784	PF00069	1
9qb5	A	Q2M2I8	PF00069	1
9qb5	B	Q2M2I8	PF00069	1
9qb6	A	P19784	PF00069	1
9qb9	A	P19784	PF00069	1
9qbf	A	P04626	PF07714	1
9qbg	A	P04626	PF07714	1
9qbh	A	P04626	PF07714	1
9qcv	J	P50613	PF00069	1
9qcv	K	P24941	PF00069	1
9qcx	J	P50613	PF00069	1
9qcx	K	P24941	PF00069	1
9qek	A	P08922	PF07714	1
9qjj	B	P24941	PF00069	1
9qjn	J	P50613	PF00069	1
9qkt	B	P21127	PF00069	1
9qkz	B	P21127	PF00069	1
9ql1	B	P21127	PF00069	1
9qqj	A	P63086	PF00069	1
9qqx	A	P68400	PF00069	1
9qrh	A	P68400	PF00069	1
9qrh	B	P68400	PF00069	1
9qri	A	P68400	PF00069	1
9qri	B	P68400	PF00069	1
9qrj	A	P68400	PF00069	1
9qrj	B	P68400	PF00069	1
9qsr	A	P68400	PF00069	1
9qsr	B	P68400	PF00069	1
9qss	A	P68400	PF00069	1
9qss	B	P68400	PF00069	1
9qst	A	P68400	PF00069	1
9qst	B	P68400	PF00069	1
9qsu	A	P68400	PF00069	1
9qsu	B	P68400	PF00069	1
9qsv	A	P68400	PF00069	1
9qsv	B	P68400	PF00069	1
9qt6	A	Q92918	PF00069	1
9qvz	A	O14965	PF00069	1
9qxn	AAA	P00533	PF07714	1
9qy7	A	P68400	PF00069	1
9r1w	AAA	P53350	PF00069	1
9r1w	BBB	P53350	PF00069	1
9r1x	A	P53350	PF00069	1
9r1x	B	P53350	PF00069	1
9r1y	AAA	P53350	PF00069	1
9r1y	BBB	P53350	PF00069	1
9r25	A	Q16539	PF00069	1
9r27	A	Q16539	PF00069	1
9r2i	C	Q00536	PF00069	1
9r55	A	P30291	PF00069	1
9r55	B	P30291	PF00069	1
9r56	A	P30291	PF00069	1
9r56	B	P30291	PF00069	1
9r57	A	P19784	PF00069	1
9r59	A	P49137	PF00069	1
9r5b	A	P19784	PF00069	1
9r5c	A	P19784	PF00069	1
9r5d	A	P19784	PF00069	1
9r5f	A	P19784	PF00069	1
9r5z	A	P52333	PF07714	1
9r5z	B	P52333	PF07714	1
9r8b	A	P53350	PF00069	1
9r8b	B	P53350	PF00069	1
9r8c	A	P53350	PF00069	1
9r8c	B	P53350	PF00069	1
9r9g	A	Q9NWZ3	PF07714	1
9r9g	B	Q9NWZ3	PF07714	1
9r9g	C	Q9NWZ3	PF07714	1
9r9g	D	Q9NWZ3	PF07714	1
9r9j	A	Q9NWZ3	PF07714	1
9r9j	B	Q9NWZ3	PF07714	1
9r9j	C	Q9NWZ3	PF07714	1
9r9j	D	Q9NWZ3	PF07714	1
9r9k	A	Q9NWZ3	PF07714	1
9r9k	B	Q9NWZ3	PF07714	1
9r9k	C	Q9NWZ3	PF07714	1
9r9k	D	Q9NWZ3	PF07714	1
9rcx	A	P68400	PF00069	1
9rcx	B	P68400	PF00069	1
9rcy	A	P68400	PF00069	1
9rcy	B	P68400	PF00069	1
9rda	A	Q04771	PF07714	1
9rfn	A	P68400	PF00069	1
9rfn	B	P68400	PF00069	1
9rhh	A	Q9BQI3	PF00069	0.861
9rhh	A	Q9BQI3	PF00069	1
9rhh	B	Q9BQI3	PF00069	0.861
9rhh	B	Q9BQI3	PF00069	1
9rj2	A	O43683	PF00069	1
9rj2	B	O43683	PF00069	1
9rj4	A	O43683	PF00069	1
9rj4	B	O43683	PF00069	1
9rpv	N1	Q9NYL2	PF07714	1
9rpv	N2	Q9NYL2	PF07714	1
9rsx	N2	Q9NYL2	PF07714	1
9rtq	A	Q02750	PF00069	1
9rtq	B	P15056	PF07714	1
9rtq	C	P15056	PF07714	1
9rtq	D	Q02750	PF00069	1
9rtq	E	Q02750	PF00069	1
9rtq	F	P15056	PF07714	1
9rtq	G	P15056	PF07714	1
9rtq	H	Q02750	PF00069	1
9rtr	A	Q02750	PF00069	1
9rtr	B	P15056	PF07714	1
9rtr	C	P15056	PF07714	1
9rtr	D	Q02750	PF00069	1
9rts	A	Q02750	PF00069	1
9rts	B	P15056	PF07714	1
9rts	C	P15056	PF07714	1
9rts	D	Q02750	PF00069	1
9ru3	A	Q8DNS0	PF00069	1
9ru3	B	Q8DNS0	PF00069	1
9ruj	A	Q8DNS0	PF00069	1
9ruj	B	Q8DNS0	PF00069	1
9ruk	A	Q8DNS0	PF00069	1
9ruk	B	Q8DNS0	PF00069	1
9rv7	A	Q8DNS0	PF00069	1
9rv7	B	Q8DNS0	PF00069	1
9rvk	B	O14965	PF00069	1
9rx4	B	Q99570	PF00069	1
9rx5	B	Q99570	PF00069	1
9rx6	B	Q99570	PF00069	1
9rx7	B	Q99570	PF00069	1
9rx8	B	Q99570	PF00069	1
9rx9	B	Q99570	PF00069	1
9rxa	B	Q99570	PF00069	1
9rxb	B	Q99570	PF00069	1
9s0k	B	O14965	PF00069	1
9s0w	A	O14965	PF00069	1
9s14	B	O14965	PF00069	1
9s1g	B	O14965	PF00069	1
9s3x	A	P00533	PF07714	1
9s47	B	Q99570	PF00069	1
9s61	B	O14965	PF00069	1
9s6g	A	P68400	PF00069	1
9s6g	B	P68400	PF00069	1
9s76	A	P68400	PF00069	1
9s76	B	P68400	PF00069	1
9s77	A	P68400	PF00069	1
9s7a	A	P68400	PF00069	1
9s7a	B	P68400	PF00069	1
9s7h	A	P68400	PF00069	1
9s7h	B	P68400	PF00069	1
9s7i	A	P68400	PF00069	1
9s7i	B	P68400	PF00069	1
9s7t	A	O14965	PF00069	1
9s7t	C	O14965	PF00069	1
9s8j	A	P68400	PF00069	1
9s8j	B	P68400	PF00069	1
9s9t	A	P05771	PF00069	1
9s9y	A	P68400	PF00069	1
9s9y	B	P68400	PF00069	1
9sa8	A	P06213	PF07714	1
9sdi	A	Q05397	PF07714	1
9sdi	B	Q05397	PF07714	1
9se8	A	O75385	PF00069	1
9se8	B	O75385	PF00069	1
9se9	A	Q8IYT8	PF00069	1
9se9	B	Q8IYT8	PF00069	1
9se9	C	Q8IYT8	PF00069	1
9se9	D	Q8IYT8	PF00069	1
9si2	A	Q08345	PF07714	1
9skq	A	P06493	PF00069	1
9skq	J	P50613	PF00069	1
9sn0	A	O15146	PF07714	1
9snu	A	O15146	PF07714	1
9sp9	A	Q08345	PF07714	1
9sq7	B	O14965	PF00069	1
9sq7	D	O14965	PF00069	1
9suv	A	P36897	PF00069	1
9suy	A	O14965	PF00069	1
9sv0	B	O14965	PF00069	1
9sv0	D	O14965	PF00069	1
9sxj	A	P08581	PF07714	1
9szj	A	P08581	PF07714	1
9t08	A	P08581	PF07714	1
9t0b	A	P08581	PF07714	1
9t0d	A	P08581	PF07714	1
9t0u	A	P19784	PF00069	1
9t1q	A	P08581	PF07714	1
9t1u	A	O60674	PF07714	1
9t1z	A	O60674	PF07714	1
9t20	A	O60674	PF07714	1
9t2v	A	P08581	PF07714	1
9t2x	A	P19784	PF00069	1
9t3q	A	P08581	PF07714	1
9t6k	A	P08581	PF07714	1
9tf9	A	P16234	PF07714	0.799
9tfa	A	P16234	PF07714	0.799
9tfb	A	P16234	PF07714	0.799
9tfc	A	P16234	PF07714	0.799
9tfd	A	P10721	PF07714	0.768
9tfd	B	P10721	PF07714	0.768
9tfe	A	P10721	PF07714	0.768
9tfe	B	P10721	PF07714	0.768
9tff	A	P10721	PF07714	0.768
9tff	B	P10721	PF07714	0.768
9tfg	A	P10721	PF07714	0.768
9tfg	B	P10721	PF07714	0.768
9tfh	A	P10721	PF07714	0.768
9tfh	B	P10721	PF07714	0.768
9tfi	A	P10721	PF07714	0.768
9tfi	B	P10721	PF07714	0.768
9tfj	A	P10721	PF07714	0.768
9tfj	B	P10721	PF07714	0.768
9tfk	A	P10721	PF07714	0.768
9tfk	B	P10721	PF07714	0.768
9tfl	A	P10721	PF07714	0.768
9tfl	B	P10721	PF07714	0.768
9tfm	A	P10721	PF07714	0.768
9tfm	B	P10721	PF07714	0.768
9tfw	A	O64817	PF00069	1
9tfx	AAAA	Q08467	PF00069	1
9tfy	A	Q08467	PF00069	1
9tfy	B	Q08467	PF00069	1
9tm3	A	P19784	PF00069	1
9tm3	B	P19784	PF00069	1
9tm5	A	O60674	PF07714	1
9tmq	A	P9WI83	PF00069	1
9tmr	A	P9WI83	PF00069	1
9tmx	A	P9WI83	PF00069	1
9tn5	A	P9WI83	PF00069	1
9tp9	A	Q13418	PF07714	1
9tpd	A	Q13418	PF07714	1
9tta	A	P68400	PF00069	1
9tu0	A	P27361	PF00069	1
9tw2	B	Q99570	PF00069	1
9tw3	B	Q99570	PF00069	1
9twb	A	Q02750	PF00069	1
9twb	B	P15056	PF07714	1
9twb	C	P15056	PF07714	1
9twb	D	Q02750	PF00069	1
9tyg	A	Q02750	PF00069	1
9tyg	B	P28482	PF00069	1
9tyh	A	Q02750	PF00069	1
9tyh	B	P28482	PF00069	1
9tyi	A	Q02750	PF00069	1
9tyi	B	P28482	PF00069	1
9tz3	B	Q99570	PF00069	1
9u3n	A	P21802	PF07714	1
9u3n	B	P21802	PF07714	1
9u7e	A	P21802	PF07714	1
9u7e	B	P21802	PF07714	1
9u7g	A	P11362	PF07714	1
9u7g	B	P11362	PF07714	1
9u7s	A	P21802	PF07714	1
9u7s	B	P21802	PF07714	1
9u8c	A	P00533	PF07714	1
9u8c	B	P00533	PF07714	1
9u8c	C	P00533	PF07714	1
9u8c	D	P00533	PF07714	1
9u8c	E	P00533	PF07714	1
9u91	A	P00533	PF07714	0.981
9uau	A	P24941	PF00069	1
9uaw	A	P24941	PF00069	1
9ubi	A	Q9SCZ4	PF07714	1
9ubi	B	Q9SCZ4	PF07714	1
9ugf	A	P24941	PF00069	1
9uhc	A	P11362	PF07714	1
9uhc	B	P11362	PF07714	1
9uhi	A	P11362	PF07714	1
9uhi	B	P11362	PF07714	1
9uur	A	Q02750	PF00069	1
9uur	B	P27361	PF00069	1
9uux	A	Q02750	PF00069	1
9uux	B	P27361	PF00069	1
9uw3	A	Q02750	PF00069	1
9uw3	B	P27361	PF00069	1
9uw4	A	Q02750	PF00069	1
9uw4	B	P27361	PF00069	1
9v10	X6	Q925K9	PF00069	1
9v10	X7	Q925K9	PF00069	1
9v10	X8	Q925K9	PF00069	1
9v4e	A	P00523	PF07714	0.988
9v70	A	A0A0P0XII1	PF07714	1
9v70	B	A0A0P0XII1	PF07714	1
9v71	A	A0A0P0XII1	PF07714	1
9v72	A	A0A0P0XII1	PF07714	1
9v72	B	A0A0P0XII1	PF07714	1
9v73	A	A0A0P0XII1	PF07714	1
9v79	A	A0A0P0XII1	PF07714	1
9v7e	A	A0A0P0XII1	PF07714	1
9vdh	A	Q06187	PF07714	1
9vfo	A	P27448	PF00069	1
9vgr	A	P27448	PF00069	1
9vhu	A	Q42479	PF00069	1
9vhu	B	Q42479	PF00069	1
9vhu	C	Q42479	PF00069	1
9vhu	D	Q42479	PF00069	1
9vhw	A	Q42479	PF00069	1
9vir	A	P27448	PF00069	1
9vlj	A	P11362	PF07714	1
9vlj	B	P11362	PF07714	1
9vlm	A	P21802	PF07714	1
9vlm	B	P21802	PF07714	1
9vm9	A	P22607	PF07714	0.957
9vm9	B	P22607	PF07714	0.957
9vm9	C	P22607	PF07714	0.957
9vm9	D	P22607	PF07714	0.957
9vmb	A	P22607	PF07714	0.957
9vmb	B	P22607	PF07714	0.957
9vmb	C	P22607	PF07714	0.957
9vmb	D	P22607	PF07714	0.957
9vo8	A	Q92918	PF00069	1
9vo8	B	Q92918	PF00069	1
9vo9	A	O95819	PF00069	1
9vo9	B	O95819	PF00069	1
9vo9	C	O95819	PF00069	1
9vo9	D	O95819	PF00069	1
9vob	C	Q8N4C8	PF00069	1
9vox	A	P00533	PF07714	1
9voy	A	P00533	PF07714	1
9voz	A	P00533	PF07714	1
9vuh	A	P21127	PF00069	1
9vv1	A	P00533	PF07714	1
9w19	A	P21802	PF07714	1
9w19	B	P21802	PF07714	1
9w1a	A	P11362	PF07714	1
9w1a	B	P11362	PF07714	1
9w2l	A	P21802	PF07714	1
9w2l	B	P21802	PF07714	1
9wd3	A	Q92918	PF00069	1
9wd3	B	Q92918	PF00069	1
9wd3	C	Q92918	PF00069	1
9wd3	D	Q92918	PF00069	1
9wd3	E	Q92918	PF00069	1
9wd3	F	Q92918	PF00069	1
9wd3	G	Q92918	PF00069	1
9wd3	H	Q92918	PF00069	1
9wdf	A	O96013	PF00069	1
9wdf	B	O96013	PF00069	1
9wdf	C	O96013	PF00069	1
9wdf	D	O96013	PF00069	1
9wdf	E	O96013	PF00069	1
9wdf	F	O96013	PF00069	1
9wdf	G	O96013	PF00069	1
9wdf	H	O96013	PF00069	1
9wdf	I	O96013	PF00069	1
9wdf	J	O96013	PF00069	1
9wdf	K	O96013	PF00069	1
9wdf	L	O96013	PF00069	1
9wfk	A	P11362	PF07714	1
9wfk	B	P11362	PF07714	1
9wyq	A	A0A0P0XII1	PF07714	1
9wyr	A	A0A0P0XII1	PF07714	1
9wyr	B	A0A0P0XII1	PF07714	1
9wys	A	A0A0P0XII1	PF07714	1
9wys	B	A0A0P0XII1	PF07714	1
9x2q	A	P49841	PF00069	1
9x2q	C	P49841	PF00069	1
9x2u	A	P49841	PF00069	1
9x2u	B	P49841	PF00069	1
9x2v	A	P49841	PF00069	1
9x2w	A	P49841	PF00069	1
9x2w	C	P49841	PF00069	1
9x2x	A	P49841	PF00069	1
9x2x	C	P49841	PF00069	1
9x2y	A	P49841	PF00069	1
9x2y	B	P49841	PF00069	1
9xu9	A	P00533	PF07714	1
9xw0	A	Q9UKE5	PF00069	1
9xw0	C	Q9UKE5	PF00069	1
9xzg	C	Q9UM73	PF07714	1
9y56	A	Q06187	PF07714	1
9y57	A	Q06187	PF07714	1
9y5a	A	Q06187	PF07714	1
9y5b	A	Q06187	PF07714	1
9y5d	A	Q06187	PF07714	1
9y5e	A	Q06187	PF07714	1
9y67	A	Q5S007	PF00069	1
9y68	A	Q5S007	PF00069	1
9y8b	A	Q16539	PF00069	1
9y9b	A	O00444	PF00069	1
9y9n	A	O00444	PF00069	1
9yak	A	Q9P2K8	PF00069	1
9yki	A	P11309	PF00069	1
9yko	A	Q13627	PF00069	1
9yko	B	Q13627	PF00069	1
9yko	C	Q13627	PF00069	1
9yko	D	Q13627	PF00069	1
9ylh	A	Q16539	PF00069	1
9yqk	A	Q5S007	PF00069	1
9yr9	A	P27448	PF00069	1
9yr9	B	P27448	PF00069	1
9ysq	A	P27448	PF00069	1
9ysq	B	P27448	PF00069	1
9yt9	A	Q06187	PF07714	1
9yty	A	Q16539	PF00069	1
9z1l	A	A0A0U2N547	PF07714	0.83
9z2s	A	A0A0U2N547	PF07714	0.83
9z6d	A	P53667	PF07714	1
9z6d	B	P53667	PF07714	1
9z6e	A	P53667	PF07714	1
9z6e	B	P53667	PF07714	1
9z8k	A	Q582V7	PF00069	1
9z8k	B	Q582V7	PF00069	1
9zbk	E	P31749	PF00069	1
9zck	A	Q9JIH7	PF00069	1
9zck	B	Q9JIH7	PF00069	1
9zkg	A	Q99986	PF00069	1
9zkg	B	Q99986	PF00069	1
9zkg	C	Q99986	PF00069	1
9zkg	D	Q99986	PF00069	1
9zlj	A	P35991	PF07714	1
9zlm	A	P35991	PF07714	1
9znm	A	Q9JIH7	PF00069	1
9znm	B	Q9JIH7	PF00069	1
9zo0	A	Q9JIH7	PF00069	1
9zo0	B	Q9JIH7	PF00069	1
9zpn	A	Q9JIH7	PF00069	1
9zpn	B	Q9JIH7	PF00069	1
9zqv	A	Q06187	PF07714	1
9zzw	A	P27448	PF00069	1
9zzw	B	P27448	PF00069	1
